job_hash,company,title,location,url,match_score,reason,source,posted_at,seen_at
316b32d5256d3fba1614624a3da57905,Canonical,"Graduate Software Engineer, Open Source and Linux, Canonical Ubuntu",Home based - Worldwide,https://job-boards.greenhouse.io/canonical/jobs/8142329,28,Heuristic overlap: 6/20 listed skills and 1/4 locations appeared in the posting.,greenhouse,2026-08-24T09:14:46+00:00,2026-09-07T17:03:20Z
98453aec3acf8a8c890f1bfc9debd4e9,Canonical,"Manager, People Analytics",Home Based - Americas; Home based - EMEA,https://job-boards.greenhouse.io/canonical/jobs/7836561,21,Heuristic overlap: 4/20 listed skills and 1/4 locations appeared in the posting.,greenhouse,2026-07-17T18:36:11+00:00,2026-09-07T17:03:20Z
1472eb1bf1d094f37a9c458732b9f5db,Canonical,Organisational Development Associate,Home Based - Americas; Home based - EMEA,https://job-boards.greenhouse.io/canonical/jobs/8160237,14,Heuristic overlap: 2/20 listed skills and 1/4 locations appeared in the posting.,greenhouse,2026-08-26T18:37:09+00:00,2026-09-07T17:03:20Z
ad5bc5ea64b00c7ae72c02909bc3f3ad,Canonical,Regional SDR Director,Home Based - Americas; Home Based - APAC; Home based - EMEA; Home based - Worldwide,https://job-boards.greenhouse.io/canonical/jobs/8094035,18,Heuristic overlap: 3/20 listed skills and 1/4 locations appeared in the posting.,greenhouse,2026-07-29T11:53:55+00:00,2026-09-07T17:03:20Z
4bef090412b29e7f852693e0a6a5726a,Canonical,Senior Organisational Development Practitioner,Home Based - Americas; Home based - EMEA,https://job-boards.greenhouse.io/canonical/jobs/8090587,14,Heuristic overlap: 2/20 listed skills and 1/4 locations appeared in the posting.,greenhouse,2026-07-28T08:47:36+00:00,2026-09-07T17:03:20Z
32c7f493fb6db73b32807968a4e14ced,Canonical,Software Engineer - Secure Container Images,Home Based - Americas; Home Based - APAC; Home based - EMEA,https://job-boards.greenhouse.io/canonical/jobs/8130859,28,Heuristic overlap: 6/20 listed skills and 1/4 locations appeared in the posting.,greenhouse,2026-08-14T19:30:38+00:00,2026-09-07T17:03:20Z
cb31300acdca862219534e10dc195283,Canonical,Talent Acquisition Strategist,Home based - EMEA,https://job-boards.greenhouse.io/canonical/jobs/8105144,21,Heuristic overlap: 4/20 listed skills and 1/4 locations appeared in the posting.,greenhouse,2026-08-04T12:40:39+00:00,2026-09-07T17:03:20Z
58d36e06bf3a1cd2fdab76a454805d47,Discord,Advertising Operations Manager,San Francisco Bay Area or New York (Remote),https://job-boards.greenhouse.io/discord/jobs/8686353002,18,Heuristic overlap: 3/20 listed skills and 1/4 locations appeared in the posting.,greenhouse,2026-08-07T00:13:29+00:00,2026-09-07T17:03:20Z
2984c34a0c13893d59fa46863c1f7548,Discord,Oracle ERP Fusion Functional Analyst,San Francisco Bay Area or Remote (U.S.),https://job-boards.greenhouse.io/discord/jobs/8627166002,11,Heuristic overlap: 1/20 listed skills and 1/4 locations appeared in the posting.,greenhouse,2026-07-10T04:16:16+00:00,2026-09-07T17:03:20Z
6741e75c3fbec1a86d6e03d2e341a0aa,Discord,Oracle ERP Fusion Technical Developer,San Francisco Bay Area or Remote (U.S.),https://job-boards.greenhouse.io/discord/jobs/8627078002,11,Heuristic overlap: 1/20 listed skills and 1/4 locations appeared in the posting.,greenhouse,2026-07-10T04:08:20+00:00,2026-09-07T17:03:20Z
f7383331dd338401fd701fb9d17487d7,Discord,QA/DevOps Engineer,San Francisco Bay Area,https://job-boards.greenhouse.io/discord/jobs/8703614002,10,Heuristic overlap: 3/20 listed skills and 0/4 locations appeared in the posting.,greenhouse,2026-08-14T03:27:33+00:00,2026-09-07T17:03:20Z
e7ea981111fe2bbf533495ab7203f487,Discord,"Senior Full-Stack Software Engineer, Ads",San Francisco Bay Area,https://job-boards.greenhouse.io/discord/jobs/8659978002,10,Heuristic overlap: 3/20 listed skills and 0/4 locations appeared in the posting.,greenhouse,2026-07-31T16:23:32+00:00,2026-09-07T17:03:20Z
05a909f9528c77e20642bfd65343d756,Discord,"Senior Software Engineer, Ads",San Francisco Bay Area,https://job-boards.greenhouse.io/discord/jobs/8697883002,14,Heuristic overlap: 4/20 listed skills and 0/4 locations appeared in the posting.,greenhouse,2026-08-12T16:44:44+00:00,2026-09-07T17:03:20Z
383e6510de66c806b4edea381ca520fe,Discord,"Senior Software Engineer, Application Security",San Francisco Bay Area,https://job-boards.greenhouse.io/discord/jobs/8656854002,10,Heuristic overlap: 3/20 listed skills and 0/4 locations appeared in the posting.,greenhouse,2026-07-31T20:41:03+00:00,2026-09-07T17:03:20Z
00052521ee5818f23f4fd7403b036bd7,Discord,Senior Stock Administrator,San Francisco Bay Area or Remote (U.S.),https://job-boards.greenhouse.io/discord/jobs/8757366002,11,Heuristic overlap: 1/20 listed skills and 1/4 locations appeared in the posting.,greenhouse,2026-08-28T23:05:20+00:00,2026-09-07T17:03:20Z
fa086dbe067a2fb9e501ccb0973287e1,Discord,Staff Data Engineer - Data Infrastructure,San Francisco Bay Area,https://job-boards.greenhouse.io/discord/jobs/8691572002,10,Heuristic overlap: 3/20 listed skills and 0/4 locations appeared in the posting.,greenhouse,2026-08-10T17:56:48+00:00,2026-09-07T17:03:20Z
87bb7c85dce6c98c192a9f99c3918f62,Discord,Staff Software Engineer - Consumer Revenue,San Francisco Bay Area,https://job-boards.greenhouse.io/discord/jobs/8464570002,10,Heuristic overlap: 3/20 listed skills and 0/4 locations appeared in the posting.,greenhouse,2026-09-02T23:29:30+00:00,2026-09-07T17:03:20Z
22645ba4fa69a6d2900849aaacae3367,Discord,"Staff Software Engineer, Experimentation Platform",Remote (U.S.),https://job-boards.greenhouse.io/discord/jobs/8700605002,14,Heuristic overlap: 2/20 listed skills and 1/4 locations appeared in the posting.,greenhouse,2026-08-18T22:26:49+00:00,2026-09-07T17:03:20Z
3eb05a3e048386e64a2988af1ffdccb0,Discord,"Staff Software Engineer, Safety Experience",San Francisco Bay Area,https://job-boards.greenhouse.io/discord/jobs/8727410002,14,Heuristic overlap: 4/20 listed skills and 0/4 locations appeared in the posting.,greenhouse,2026-08-26T20:58:25+00:00,2026-09-07T17:03:20Z
8939269072b80ba1773dbcff85f2af28,Stripe,"Account Executive, Enterprise (Grower) ","US-San Francisco, US-Seattle, US-West Coast (Remote) ",https://stripe.com/jobs/search?gh_jid=8107136,11,Heuristic overlap: 1/20 listed skills and 1/4 locations appeared in the posting.,greenhouse,2026-08-10T13:19:03+00:00,2026-09-07T17:03:20Z
b972a503e0d80187958a783a3a606290,Stripe,"Account Executive, Existing Business (Central Eastern Europe)",Poland - Remote OR Romania - Remote,https://stripe.com/jobs/search?gh_jid=8119697,11,Heuristic overlap: 1/20 listed skills and 1/4 locations appeared in the posting.,greenhouse,2026-08-14T15:26:20+00:00,2026-09-07T17:03:20Z
22751626d222c656eab3b222d9a97b98,Stripe,"Account Executive, Hunter (Central Eastern Europe)",Poland - Remote OR Romania - Remote,https://stripe.com/jobs/search?gh_jid=8130052,11,Heuristic overlap: 1/20 listed skills and 1/4 locations appeared in the posting.,greenhouse,2026-08-14T15:37:37+00:00,2026-09-07T17:03:20Z
9012a74e76e0e3c8a5260d21d56321ef,Stripe,Android BSP Engineer,"Taipei, Taiwan",https://stripe.com/jobs/search?gh_jid=8074125,10,Heuristic overlap: 3/20 listed skills and 0/4 locations appeared in the posting.,greenhouse,2026-07-21T01:43:12+00:00,2026-09-07T17:03:20Z
e1ee5a2b8b614f2827253a57a1c993ec,Stripe,ARG Engineering Manager,US - Remote,https://stripe.com/jobs/search?gh_jid=8113337,18,Heuristic overlap: 3/20 listed skills and 1/4 locations appeared in the posting.,greenhouse,2026-08-10T16:09:23+00:00,2026-09-07T17:03:20Z
088ab96058adfa51a3a3f04658df9dc1,Stripe,"AutoFile Specialist, Tax",US-Remote ,https://stripe.com/jobs/search?gh_jid=8076623,14,Heuristic overlap: 2/20 listed skills and 1/4 locations appeared in the posting.,greenhouse,2026-07-24T13:17:17+00:00,2026-09-07T17:03:20Z
a83f56a2e506e78bea7f2d5bfd8db794,Stripe,AV Events Manager,US-SF,https://stripe.com/jobs/search?gh_jid=8078126,18,Heuristic overlap: 3/20 listed skills and 1/4 locations appeared in the posting.,greenhouse,2026-07-22T17:26:09+00:00,2026-09-07T17:03:20Z
72ed5878d507121d8548090e4cd3cbcb,Stripe,Business Partner Analyst,"US-SF, US-Seattle, US-NYC, US-Chicago, US-Georgia or US-Remote",https://stripe.com/jobs/search?gh_jid=8079783,14,Heuristic overlap: 2/20 listed skills and 1/4 locations appeared in the posting.,greenhouse,2026-07-30T17:08:44+00:00,2026-09-07T17:03:20Z
e04a653bcf91ea997f5aa339c8ee7c07,Stripe,"Communities Partner Development Manager, SaaS Platforms",US-Remote,https://stripe.com/jobs/search?gh_jid=8138000,11,Heuristic overlap: 1/20 listed skills and 1/4 locations appeared in the posting.,greenhouse,2026-08-20T16:59:03+00:00,2026-09-07T17:03:20Z
e04a653bcf91ea997f5aa339c8ee7c07,Stripe,"Communities Partner Development Manager, SaaS Platforms",US-Remote,https://stripe.com/jobs/search?gh_jid=8103952,11,Heuristic overlap: 1/20 listed skills and 1/4 locations appeared in the posting.,greenhouse,2026-08-20T16:54:21+00:00,2026-09-07T17:03:20Z
6457d4d6deaec7f0e787c111c23723aa,Stripe,"Data Analyst, Financial Data Engineering",New York,https://stripe.com/jobs/search?gh_jid=8070572,10,Heuristic overlap: 3/20 listed skills and 0/4 locations appeared in the posting.,greenhouse,2026-07-22T16:55:09+00:00,2026-09-07T17:03:20Z
385e4ccac07f62d7f2fd4f131300d73a,Stripe,Data Excellence Manager ,"US Remote, Chicago, SF, Seattle, NYC",https://stripe.com/jobs/search?gh_jid=8106026,11,Heuristic overlap: 1/20 listed skills and 1/4 locations appeared in the posting.,greenhouse,2026-08-31T20:17:50+00:00,2026-09-07T17:03:20Z
d25f165b67b026a32f1cb753570b739c,Stripe,Deal Pricing,Mexico City,https://stripe.com/jobs/search?gh_jid=7998031,14,Heuristic overlap: 2/20 listed skills and 1/4 locations appeared in the posting.,greenhouse,2026-07-28T16:42:17+00:00,2026-09-07T17:03:20Z
572056dd1edc6f1042252be69af81d7d,Stripe,Deal Strategist,US-Remote,https://stripe.com/jobs/search?gh_jid=7958150,14,Heuristic overlap: 2/20 listed skills and 1/4 locations appeared in the posting.,greenhouse,2026-08-05T16:06:17+00:00,2026-09-07T17:03:20Z
13e28a3d0fb340bb4a216236caa07b5a,Stripe,"Designer, Web, Presence & Platform",US-Remote,https://stripe.com/jobs/search?gh_jid=8130913,14,Heuristic overlap: 2/20 listed skills and 1/4 locations appeared in the posting.,greenhouse,2026-08-31T16:15:39+00:00,2026-09-07T17:03:20Z
b8687564db5e85978ae8c6aab520aea2,Stripe,"Engineering Manager, Infrastructure","Seattle, San Francisco, New York City",https://stripe.com/jobs/search?gh_jid=8128496,10,Heuristic overlap: 3/20 listed skills and 0/4 locations appeared in the posting.,greenhouse,2026-08-13T17:29:57+00:00,2026-09-07T17:03:20Z
8416b73057b7b8e1574dace81b796fee,Stripe,"Engineering Manager, Machine Learning - Fraud Detection",N/A,https://stripe.com/jobs/search?gh_jid=8069506,11,Heuristic overlap: 1/20 listed skills and 1/4 locations appeared in the posting.,greenhouse,2026-07-16T17:23:32+00:00,2026-09-07T17:03:20Z
edf70a6aa21ece601fa9674671134799,Stripe,Firmware Engineer,Taipei City,https://stripe.com/jobs/search?gh_jid=8040825,10,Heuristic overlap: 3/20 listed skills and 0/4 locations appeared in the posting.,greenhouse,2026-07-22T05:52:11+00:00,2026-09-07T17:03:20Z
16e90a4743f7eae3e1c552df631f73eb,Stripe,"Forward Deployed AI Accelerator, Marketing","Remote in the US, Remote in Canada",https://stripe.com/jobs/search?gh_jid=8055930,14,Heuristic overlap: 2/20 listed skills and 1/4 locations appeared in the posting.,greenhouse,2026-07-13T23:29:13+00:00,2026-09-07T17:03:20Z
d5fe4d84df739cfebdbae17a89fcfbdc,Stripe,Forward Deployed Security Engineer,Dublin,https://stripe.com/jobs/search?gh_jid=8181003,10,Heuristic overlap: 3/20 listed skills and 0/4 locations appeared in the posting.,greenhouse,2026-09-06T15:22:28+00:00,2026-09-07T17:03:20Z
426dc60f7c99d73d8d62a51881b4fbc8,Stripe,"Growth Marketing Manager, Greater China",Singapore,https://stripe.com/jobs/search?gh_jid=8078168,10,Heuristic overlap: 3/20 listed skills and 0/4 locations appeared in the posting.,greenhouse,2026-07-29T01:53:01+00:00,2026-09-07T17:03:20Z
3c389a68bcffb4269251133fcfe6e720,Stripe,GTM Business Value Specialist,"Chicago, New York, San Francisco",https://stripe.com/jobs/search?gh_jid=8097047,14,Heuristic overlap: 4/20 listed skills and 0/4 locations appeared in the posting.,greenhouse,2026-08-05T18:05:00+00:00,2026-09-07T17:03:20Z
8cf2f8d1bf9dbe0c696a364c0fcc6ffd,Stripe,Head of AEO & SEO,"US Remote; Chicago, Atlanta, Canada",https://stripe.com/jobs/search?gh_jid=8128634,11,Heuristic overlap: 1/20 listed skills and 1/4 locations appeared in the posting.,greenhouse,2026-08-13T21:08:27+00:00,2026-09-07T17:03:20Z
3e6d4d14ae1f44244d8263cca2a9b82d,Stripe,Head of Brand Studio Operations,US,https://stripe.com/jobs/search?gh_jid=8014382,10,Heuristic overlap: 3/20 listed skills and 0/4 locations appeared in the posting.,greenhouse,2026-08-25T03:48:56+00:00,2026-09-07T17:03:20Z
e258f99c02b9adb285eb9b2e83923bc9,Stripe,Head of Marketing Operations,"San Francisco, New York, Seattle, Chicago, Atlanta, Toronto, Remote in the US, Remote in Canada",https://stripe.com/jobs/search?gh_jid=8065643,11,Heuristic overlap: 1/20 listed skills and 1/4 locations appeared in the posting.,greenhouse,2026-07-14T21:45:34+00:00,2026-09-07T17:03:20Z
07ef788d5224934f078bf59d1f7beadc,Stripe,"Head of Marketing, Southeast Asia",Singapore,https://stripe.com/jobs/search?gh_jid=8059299,10,Heuristic overlap: 3/20 listed skills and 0/4 locations appeared in the posting.,greenhouse,2026-07-16T01:41:40+00:00,2026-09-07T17:03:20Z
67992841be5a68e0f2daf7116572069c,Stripe,"Head of Money Management, Finance & Strategy ","Seattle, San Francisco, New York, Chicago ",https://stripe.com/jobs/search?gh_jid=8154531,14,Heuristic overlap: 4/20 listed skills and 0/4 locations appeared in the posting.,greenhouse,2026-08-26T19:13:50+00:00,2026-09-07T17:03:20Z
bd4089409e1bd41ca9c05ee3d9a39321,Stripe,Head of Self-Serve Paid Media,"San Francisco, New York, Seattle, Chicago, Atlanta, Remote in the US, Toronto, Remote in Canada",https://stripe.com/jobs/search?gh_jid=8068521,11,Heuristic overlap: 1/20 listed skills and 1/4 locations appeared in the posting.,greenhouse,2026-07-21T00:55:32+00:00,2026-09-07T17:03:20Z
b903f61cf9a0fecb408ff37355019dad,Stripe,"Integrated Campaigns Manager - Stablecoins, Crypto, and Bridge","US, Remote",https://stripe.com/jobs/search?gh_jid=8067276,14,Heuristic overlap: 2/20 listed skills and 1/4 locations appeared in the posting.,greenhouse,2026-07-15T16:38:40+00:00,2026-09-07T17:03:20Z
11988095c16907587bd6c21668983651,Stripe,"Integration Engineer, Metronome",Remote,https://stripe.com/jobs/search?gh_jid=8080454,11,Heuristic overlap: 1/20 listed skills and 1/4 locations appeared in the posting.,greenhouse,2026-08-18T13:25:04+00:00,2026-09-07T17:03:20Z
bd087ce6d425d4f5b25078f2a14fccd2,Stripe,Investigator ,US Remote ,https://stripe.com/jobs/search?gh_jid=8172491,14,Heuristic overlap: 2/20 listed skills and 1/4 locations appeared in the posting.,greenhouse,2026-09-04T15:26:03+00:00,2026-09-07T17:03:20Z
1f6171c3f9b3bc3af16a1e021bfa771d,Stripe,IT Support Engineer,Dublin,https://stripe.com/jobs/search?gh_jid=8096788,14,Heuristic overlap: 2/20 listed skills and 1/4 locations appeared in the posting.,greenhouse,2026-07-31T08:45:04+00:00,2026-09-07T17:03:20Z
58e40c5aaf43b02495501a5a4eb00b57,Stripe,"Manager, Administrative Coordinator Program",US-remote,https://stripe.com/jobs/search?gh_jid=8069155,14,Heuristic overlap: 2/20 listed skills and 1/4 locations appeared in the posting.,greenhouse,2026-07-16T17:53:32+00:00,2026-09-07T17:03:20Z
13937b01f7066fbb60f3a05ff95273fb,Stripe,"Manager, Competitive Programs","NYC, Seattle, SF, Remote",https://stripe.com/jobs/search?gh_jid=8175671,18,Heuristic overlap: 3/20 listed skills and 1/4 locations appeared in the posting.,greenhouse,2026-09-04T21:20:50+00:00,2026-09-07T17:03:20Z
4fbfb63467757f9211346e12099bd77b,Stripe,"Manager, Technical Account Management",Toronto,https://stripe.com/jobs/search?gh_jid=8154304,10,Heuristic overlap: 3/20 listed skills and 0/4 locations appeared in the posting.,greenhouse,2026-09-04T14:21:01+00:00,2026-09-07T17:03:20Z
13b80dd714d6cd05dd90574cc4fc3b3a,Stripe,"Manager, Technical Account Management",San Francisco or Seattle,https://stripe.com/jobs/search?gh_jid=8152136,10,Heuristic overlap: 3/20 listed skills and 0/4 locations appeared in the posting.,greenhouse,2026-09-04T19:01:59+00:00,2026-09-07T17:03:20Z
839aee102388b1e2ad82cd1b63e7f157,Stripe,"Operations Program Manager, Tax",US Remote,https://stripe.com/jobs/search?gh_jid=8109426,11,Heuristic overlap: 1/20 listed skills and 1/4 locations appeared in the posting.,greenhouse,2026-08-05T18:22:39+00:00,2026-09-07T17:03:20Z
678d52350c3bd41a6aacf863dd97ebc1,Stripe,"Partner Development Manager, Alliances and Channels",US-Remote,https://stripe.com/jobs/search?gh_jid=8165267,14,Heuristic overlap: 2/20 listed skills and 1/4 locations appeared in the posting.,greenhouse,2026-09-04T21:39:06+00:00,2026-09-07T17:03:20Z
840a4c2ae3b4bb5d6b284c82a1466fa4,Stripe,"Partner Development Manager, Link - Payments Partnerships",US-NYC; US-San Francisco; US-Seattle; US-Remote; US- Chicago; US-Atlanta; Canada-Toronto; Canada-Remote,https://stripe.com/jobs/search?gh_jid=8090126,18,Heuristic overlap: 3/20 listed skills and 1/4 locations appeared in the posting.,greenhouse,2026-07-30T19:08:54+00:00,2026-09-07T17:03:20Z
a485e6556b117967d38b4724711219e5,Stripe,"Partner Development Manager, Strategic Partnerships",US-NYC; US-San Francisco; US-Seattle; US-Remote; US- Chicago; US-Atlanta; Canada-Toronto; Canada-Remote,https://stripe.com/jobs/search?gh_jid=8094869,14,Heuristic overlap: 2/20 listed skills and 1/4 locations appeared in the posting.,greenhouse,2026-07-29T19:07:53+00:00,2026-09-07T17:03:20Z
e1170c47d4bc7657532f1be723fb82a6,Stripe,"Partner Development Manager, Strategic Payment Partnerships",US-San Francisco; US-New York City; US-Seattle; US-Remote; US-Chicago; CA-Toronto; CA-Remote,https://stripe.com/jobs/search?gh_jid=8155164,11,Heuristic overlap: 1/20 listed skills and 1/4 locations appeared in the posting.,greenhouse,2026-08-25T15:54:31+00:00,2026-09-07T17:03:20Z
3b3f992ee316341e477e6c5c9ca8faf3,Stripe,People Project Manager,"US-Remote, Atlanta, Chicago",https://stripe.com/jobs/search?gh_jid=8039954,14,Heuristic overlap: 2/20 listed skills and 1/4 locations appeared in the posting.,greenhouse,2026-07-16T15:42:39+00:00,2026-09-07T17:03:20Z
0ea315accb87a29dba7c677a734ff8ec,Stripe,"Product Analytics - Developer Experience, Bridge",N/A,https://stripe.com/jobs/search?gh_jid=8139998,14,Heuristic overlap: 4/20 listed skills and 0/4 locations appeared in the posting.,greenhouse,2026-08-18T19:01:07+00:00,2026-09-07T17:03:20Z
b186ff082b028c3cc4fd065177f64d08,Stripe,Product Counsel,US remote,https://stripe.com/jobs/search?gh_jid=8089069,11,Heuristic overlap: 1/20 listed skills and 1/4 locations appeared in the posting.,greenhouse,2026-07-27T20:39:34+00:00,2026-09-07T17:03:20Z
7a79fafefc5d3ac8076e30297276f763,Stripe,"Product Manager, E-Invoicing","Dublin, Ireland",https://stripe.com/jobs/search?gh_jid=8041655,10,Heuristic overlap: 3/20 listed skills and 0/4 locations appeared in the posting.,greenhouse,2026-07-15T11:01:45+00:00,2026-09-07T17:03:20Z
4ed5785cfb84e899e05dcafcf524aa89,Stripe,"Product Marketing Manager, Payments","Remote in the US, Chicago, Toronto",https://stripe.com/jobs/search?gh_jid=8142770,14,Heuristic overlap: 2/20 listed skills and 1/4 locations appeared in the posting.,greenhouse,2026-08-19T20:38:49+00:00,2026-09-07T17:03:20Z
0be416e62a9bc3e9c1a1711d05d2eb1b,Stripe,"Product Marketing Manager, Startup Segment","San Francisco, Seattle, NYC, Chicago, Remote in the US, Toronto",https://stripe.com/jobs/search?gh_jid=8097731,11,Heuristic overlap: 1/20 listed skills and 1/4 locations appeared in the posting.,greenhouse,2026-07-30T21:24:27+00:00,2026-09-07T17:03:20Z
2c4f39b066f2ebeef14689811a48880c,Stripe,"Program Manager, Card Network Office (Card Networks)","US-SF, US-NYC, US-Seattle, US-Remote",https://stripe.com/jobs/search?gh_jid=8081754,11,Heuristic overlap: 1/20 listed skills and 1/4 locations appeared in the posting.,greenhouse,2026-07-27T16:31:09+00:00,2026-09-07T17:03:20Z
0e0ce973a11e7ca4eebf03af5ed889ca,Stripe,"Program Manager, Executive Experiences","San Francisco, New York, Seattle, Chicago, Atlanta, Remote in the US",https://stripe.com/jobs/search?gh_jid=8175629,14,Heuristic overlap: 2/20 listed skills and 1/4 locations appeared in the posting.,greenhouse,2026-09-05T10:42:00+00:00,2026-09-07T17:03:20Z
80f19af5264439312ddfd59ff5dea49b,Stripe,"Program Manager, GTM Planning","Chicago, Remote",https://stripe.com/jobs/search?gh_jid=8147961,14,Heuristic overlap: 2/20 listed skills and 1/4 locations appeared in the posting.,greenhouse,2026-08-31T18:10:26+00:00,2026-09-07T17:03:20Z
2b4116d0a98bd0fadf529fa720976dcc,Stripe,"Program Manager, GTM Strategic Programs","US-Remote, Chicago",https://stripe.com/jobs/search?gh_jid=8042309,14,Heuristic overlap: 2/20 listed skills and 1/4 locations appeared in the posting.,greenhouse,2026-08-11T14:57:35+00:00,2026-09-07T17:03:20Z
cfd7271912cd3829fcda6ac2d3b4d849,Stripe,"Program Manager, Performance and Talent Planning",US-Remote,https://stripe.com/jobs/search?gh_jid=8127890,11,Heuristic overlap: 1/20 listed skills and 1/4 locations appeared in the posting.,greenhouse,2026-08-17T20:37:29+00:00,2026-09-07T17:03:20Z
b4841a294476b0a7154cd9b1848bcc0e,Stripe,"Program Manager, Security GRC",Remote,https://stripe.com/jobs/search?gh_jid=8078131,11,Heuristic overlap: 1/20 listed skills and 1/4 locations appeared in the posting.,greenhouse,2026-07-22T13:07:47+00:00,2026-09-07T17:03:20Z
30bedfd0c6b5455a08760cc3d3bf09f9,Stripe,"Regional Security Manager, Americas","San Francisco, Seattle, NYC, Chicago",https://stripe.com/jobs/search?gh_jid=8125586,11,Heuristic overlap: 1/20 listed skills and 1/4 locations appeared in the posting.,greenhouse,2026-08-14T21:10:01+00:00,2026-09-07T17:03:20Z
3f53242469a11170d32ae5e3c0cece51,Stripe,"Risk Partnerships Manager, Stablecoin",US-San Francisco; US-NYC; US-Seattle; US-Remote; US-Chicago; US-Atlanta,https://stripe.com/jobs/search?gh_jid=8078333,11,Heuristic overlap: 1/20 listed skills and 1/4 locations appeared in the posting.,greenhouse,2026-07-28T18:30:34+00:00,2026-09-07T17:03:20Z
aa3c7d76a776680c903dcc5570f7ae74,Stripe,Sales Strategy & Operations Analyst ,US,https://stripe.com/jobs/search?gh_jid=8164674,14,Heuristic overlap: 4/20 listed skills and 0/4 locations appeared in the posting.,greenhouse,2026-09-01T15:26:22+00:00,2026-09-07T17:03:20Z
a33153298789a91ccfdb5fae35ae94a8,Stripe,"Security Engineer, Privy",NYC-Privy,https://stripe.com/jobs/search?gh_jid=8073092,10,Heuristic overlap: 3/20 listed skills and 0/4 locations appeared in the posting.,greenhouse,2026-07-30T20:41:25+00:00,2026-09-07T17:03:20Z
d7b7e04cf9ed293175fe3e7428465e10,Stripe,Security Incident Response Engineer,US Remote,https://stripe.com/jobs/search?gh_jid=8142302,14,Heuristic overlap: 2/20 listed skills and 1/4 locations appeared in the posting.,greenhouse,2026-08-19T20:33:11+00:00,2026-09-07T17:03:20Z
96008e15207d4ad1dc5c264ecf1e23e2,Stripe,Security Incident Response Manager - Abuse Operations ,Dublin,https://stripe.com/jobs/search?gh_jid=8172493,10,Heuristic overlap: 3/20 listed skills and 0/4 locations appeared in the posting.,greenhouse,2026-09-03T17:37:28+00:00,2026-09-07T17:03:20Z
8c8f4150ef21b5042ee52704196df781,Stripe,Software Engineer,"Seattle, WA",https://stripe.com/jobs/search?gh_jid=8174105,14,Heuristic overlap: 4/20 listed skills and 0/4 locations appeared in the posting.,greenhouse,2026-09-02T16:57:08+00:00,2026-09-07T17:03:20Z
932a6e862b194ff932c88ee28cbae6a3,Stripe,"Software Engineer, Platform Infrastructure","San Francisco, New York City, Seattle, Chicago, US-Remote",https://stripe.com/jobs/search?gh_jid=8127182,18,Heuristic overlap: 3/20 listed skills and 1/4 locations appeared in the posting.,greenhouse,2026-09-01T16:36:00+00:00,2026-09-07T17:03:20Z
a13afe05ed20f8ff6b2960adf1bdeeb8,Stripe,"Software Engineer, Vulnerability Management",US - Remote,https://stripe.com/jobs/search?gh_jid=8089353,11,Heuristic overlap: 1/20 listed skills and 1/4 locations appeared in the posting.,greenhouse,2026-08-05T00:01:19+00:00,2026-09-07T17:03:20Z
9f2d3d37cbd1f6afc94dfe46266d194c,Stripe,Software Quality Assurance Engineer,"Taipei,Taiwan",https://stripe.com/jobs/search?gh_jid=8153331,10,Heuristic overlap: 3/20 listed skills and 0/4 locations appeared in the posting.,greenhouse,2026-08-25T07:28:16+00:00,2026-09-07T17:03:20Z
ae15ce40a840587cc7eeba76800ee6eb,Stripe,"Specialist Solutions Architect, Billing",Remote,https://stripe.com/jobs/search?gh_jid=7728618,11,Heuristic overlap: 1/20 listed skills and 1/4 locations appeared in the posting.,greenhouse,2026-07-09T19:42:53+00:00,2026-09-07T17:03:20Z
8e9d928fb38bc3caec592a9b2153b22c,Stripe,"Specialist Solutions Architect, Data","SF, NY, Remote",https://stripe.com/jobs/search?gh_jid=8144262,14,Heuristic overlap: 2/20 listed skills and 1/4 locations appeared in the posting.,greenhouse,2026-08-27T00:33:39+00:00,2026-09-07T17:03:20Z
e6b5ae412ce25abeca7959c2bb690a83,Stripe,"Specialist Solutions Architect, Money Management","NYC, SF, Chi, Remote",https://stripe.com/jobs/search?gh_jid=7370967,11,Heuristic overlap: 1/20 listed skills and 1/4 locations appeared in the posting.,greenhouse,2026-07-09T17:25:51+00:00,2026-09-07T17:03:20Z
8f76ccccf7169b81dcd7209e37b4b935,Stripe,"Staff Engineer, Core Infrastructure","Bengaluru, India",https://stripe.com/jobs/search?gh_jid=8070949,18,Heuristic overlap: 3/20 listed skills and 1/4 locations appeared in the posting.,greenhouse,2026-07-30T04:27:59+00:00,2026-09-07T17:03:20Z
5745e232ced771028d3c27e6f81fe6c6,Stripe,"Staff Product Manager, Billing ","SF, NY, SEA, Remote-US",https://stripe.com/jobs/search?gh_jid=7983725,11,Heuristic overlap: 1/20 listed skills and 1/4 locations appeared in the posting.,greenhouse,2026-08-21T17:39:57+00:00,2026-09-07T17:03:20Z
8dadd7584c933701cfbbb5e517aa4746,Stripe,"Staff Software Engineer, API Platform","San Francisco, Seattle",https://stripe.com/jobs/search?gh_jid=8055701,18,Heuristic overlap: 3/20 listed skills and 1/4 locations appeared in the posting.,greenhouse,2026-07-10T21:00:09+00:00,2026-09-07T17:03:20Z
b525bd0076c1180c4e6c6d32ed1bef1f,Stripe,"Staff Software Engineer, Payments Intelligence","Seattle, New York, San Francisco",https://stripe.com/jobs/search?gh_jid=7986004,10,Heuristic overlap: 3/20 listed skills and 0/4 locations appeared in the posting.,greenhouse,2026-08-04T14:01:16+00:00,2026-09-07T17:03:20Z
403d0ec1166985df958ff490a74dd272,Stripe,"Staff Software Engineer, Payment Systems","Seattle, New York, San Francisco",https://stripe.com/jobs/search?gh_jid=8172164,10,Heuristic overlap: 3/20 listed skills and 0/4 locations appeared in the posting.,greenhouse,2026-09-01T21:57:56+00:00,2026-09-07T17:03:20Z
46e0577a1634ef25c92a60f40ad5bcb9,Stripe,"Staff Software Engineer, Service Infrastructure",AMER,https://stripe.com/jobs/search?gh_jid=8090141,18,Heuristic overlap: 3/20 listed skills and 1/4 locations appeared in the posting.,greenhouse,2026-07-27T23:58:50+00:00,2026-09-07T17:03:20Z
f92db2a0474123dc78779fe0446824b1,Stripe,"Staff Software Engineer, Storage Abstractions","San Francisco, Seattle",https://stripe.com/jobs/search?gh_jid=8171539,18,Heuristic overlap: 3/20 listed skills and 1/4 locations appeared in the posting.,greenhouse,2026-09-01T18:44:06+00:00,2026-09-07T17:03:20Z
c2660967685a276b0c5e5bd5034b1135,Stripe,"Strategic Business Performance, Central Strategy & Operations","US-Chicago, US-Remote, US-Seattle, US-San Francisco",https://stripe.com/jobs/search?gh_jid=8155580,14,Heuristic overlap: 2/20 listed skills and 1/4 locations appeared in the posting.,greenhouse,2026-08-27T19:53:49+00:00,2026-09-07T17:03:20Z
72e75a03a904571a272db63400e416e9,Stripe,"Strategy and Operations Lead, Deal Pricing","New York City, Washington DC, Remote",https://stripe.com/jobs/search?gh_jid=8044391,14,Heuristic overlap: 2/20 listed skills and 1/4 locations appeared in the posting.,greenhouse,2026-07-21T02:43:18+00:00,2026-09-07T17:03:20Z
43c1e8d824fd3cce5b7cd6c65d872e63,Stripe,"Technical Program Manager, Growth","Toronto, Remote Canada ",https://stripe.com/jobs/search?gh_jid=8114397,11,Heuristic overlap: 1/20 listed skills and 1/4 locations appeared in the posting.,greenhouse,2026-08-07T17:12:13+00:00,2026-09-07T17:03:20Z
178aed696529959ef7e6799d21b85d14,Stripe,"Treasury Finance AI and Quantitative Analytics, Americas",NYC,https://stripe.com/jobs/search?gh_jid=8079132,10,Heuristic overlap: 3/20 listed skills and 0/4 locations appeared in the posting.,greenhouse,2026-07-24T20:45:39+00:00,2026-09-07T17:03:20Z
5b886754c918201049480379534c984d,Stripe,UK Public Sector Lead,London,https://stripe.com/jobs/search?gh_jid=8096121,10,Heuristic overlap: 3/20 listed skills and 0/4 locations appeared in the posting.,greenhouse,2026-08-13T13:08:45+00:00,2026-09-07T17:03:20Z
f5af897ff3e84dc0fc5f378b88bcdbb5,Stripe,U.S. Federal Government Relations Director,"DC, Maryland, Virginia",https://stripe.com/jobs/search?gh_jid=8070044,14,Heuristic overlap: 2/20 listed skills and 1/4 locations appeared in the posting.,greenhouse,2026-07-24T17:22:49+00:00,2026-09-07T17:03:20Z
14b92aca5fafe4b000a6c91c33774ed0,Stripe,"UX Research Manager, Payments",Canada,https://stripe.com/jobs/search?gh_jid=8165259,10,Heuristic overlap: 3/20 listed skills and 0/4 locations appeared in the posting.,greenhouse,2026-09-01T12:11:08+00:00,2026-09-07T17:03:20Z
289d3321239015550e7ac00b176070c7,Twitch,"Software Development Engineer, Security Platform","Seattle, WA",https://job-boards.greenhouse.io/twitch/jobs/8739185002,10,Heuristic overlap: 3/20 listed skills and 0/4 locations appeared in the posting.,greenhouse,2026-08-21T21:46:08+00:00,2026-09-07T17:03:20Z
5cee0eabbdd19172c3b31406272b3e7e,Twitch,"Software Development Engineer, Security Platform","San Francisco, CA",https://job-boards.greenhouse.io/twitch/jobs/8739060002,10,Heuristic overlap: 3/20 listed skills and 0/4 locations appeared in the posting.,greenhouse,2026-08-21T21:45:58+00:00,2026-09-07T17:03:20Z
99b09f1f04c666f2f2195b176c6a92d4,Twitch,"Software Development Engineer, Security Platform","Irvine, CA",https://job-boards.greenhouse.io/twitch/jobs/8739196002,10,Heuristic overlap: 3/20 listed skills and 0/4 locations appeared in the posting.,greenhouse,2026-08-21T21:46:08+00:00,2026-09-07T17:03:20Z
cc9e6f8f755d54136d0c0842904305eb,Airbnb,Compensation Partner,"San Francisco, United States",https://careers.airbnb.com/positions/8104102?gh_jid=8104102,10,Heuristic overlap: 3/20 listed skills and 0/4 locations appeared in the posting.,greenhouse,2026-08-03T23:04:46+00:00,2026-09-07T17:03:20Z
b314aef0f9c5fda79d5aa02dc8184c68,Airbnb,Complex Claims Manager,Canada,https://careers.airbnb.com/positions/8152131?gh_jid=8152131,11,Heuristic overlap: 1/20 listed skills and 1/4 locations appeared in the posting.,greenhouse,2026-08-24T14:18:12+00:00,2026-09-07T17:03:20Z
4f4b50059caff128d18fe4b7373328d7,Airbnb,Complex Claims Manager,United States,https://careers.airbnb.com/positions/8153094?gh_jid=8153094,11,Heuristic overlap: 1/20 listed skills and 1/4 locations appeared in the posting.,greenhouse,2026-08-24T14:18:09+00:00,2026-09-07T17:03:20Z
e9ced9a0e9ebfc8bb834450daa441b37,Airbnb,"Gestionnaire, Soutien Premium",Canada,https://careers.airbnb.com/positions/7862110?gh_jid=7862110,10,Heuristic overlap: 3/20 listed skills and 0/4 locations appeared in the posting.,greenhouse,2026-07-17T22:27:07+00:00,2026-09-07T17:03:20Z
36f8e76e8e31faf3945fe769d258ad6f,Airbnb,"Growth Marketing Lead, SEM",United States,https://careers.airbnb.com/positions/8070656?gh_jid=8070656,14,Heuristic overlap: 2/20 listed skills and 1/4 locations appeared in the posting.,greenhouse,2026-07-22T23:53:08+00:00,2026-09-07T17:03:20Z
ae62e727dfd2cfb4388848986a02f84c,Airbnb,HR Generalist / HR Business Partner,United States,https://careers.airbnb.com/positions/8084251?gh_jid=8084251,11,Heuristic overlap: 1/20 listed skills and 1/4 locations appeared in the posting.,greenhouse,2026-07-24T20:55:28+00:00,2026-09-07T17:03:20Z
90e2c0df9180239bd0652bed9ee1a69f,Airbnb,"Lead, Advanced Analytics, Community Support",United States,https://careers.airbnb.com/positions/8125981?gh_jid=8125981,14,Heuristic overlap: 2/20 listed skills and 1/4 locations appeared in the posting.,greenhouse,2026-08-13T21:23:22+00:00,2026-09-07T17:03:20Z
e12c3b66d3d88645a1dd3a5094f8c391,Airbnb,Lead Localization Operations Program Manager,United States ,https://careers.airbnb.com/positions/8120458?gh_jid=8120458,14,Heuristic overlap: 2/20 listed skills and 1/4 locations appeared in the posting.,greenhouse,2026-08-11T17:50:34+00:00,2026-09-07T17:03:20Z
2aee6e29f7041ac337b0b9d8e1565778,Airbnb,"Manager, Premium Support",Canada,https://careers.airbnb.com/positions/7862109?gh_jid=7862109,14,Heuristic overlap: 2/20 listed skills and 1/4 locations appeared in the posting.,greenhouse,2026-07-17T22:27:10+00:00,2026-09-07T17:03:20Z
543609ee24111a84eb7564e96a7fb59a,Airbnb,"Manager, Quality, AirCover",Canada,https://careers.airbnb.com/positions/8114339?gh_jid=8114339,11,Heuristic overlap: 1/20 listed skills and 1/4 locations appeared in the posting.,greenhouse,2026-08-31T18:48:17+00:00,2026-09-07T17:03:20Z
2d71ae3c7ad550de4e86ecf27e93bff1,Airbnb,Market Manager,"San Diego, United States ",https://careers.airbnb.com/positions/8134685?gh_jid=8134685,11,Heuristic overlap: 1/20 listed skills and 1/4 locations appeared in the posting.,greenhouse,2026-08-17T20:27:52+00:00,2026-09-07T17:03:20Z
d68706056ebbae8cac3f817c2ca1218d,Airbnb,Market Manager,"Gurugram, India",https://careers.airbnb.com/positions/8146630?gh_jid=8146630,11,Heuristic overlap: 1/20 listed skills and 1/4 locations appeared in the posting.,greenhouse,2026-08-21T11:32:58+00:00,2026-09-07T17:03:20Z
34ab4b7280b784f9199aac20fcb10c52,Airbnb,Market Manager,"Ontario, Canada",https://careers.airbnb.com/positions/8129515?gh_jid=8129515,11,Heuristic overlap: 1/20 listed skills and 1/4 locations appeared in the posting.,greenhouse,2026-08-17T14:49:50+00:00,2026-09-07T17:03:20Z
17a93eba0af414047cd88306492ac9b0,Airbnb,"Payments Partnerships Manager, Host Payouts",United States ,https://careers.airbnb.com/positions/8075714?gh_jid=8075714,11,Heuristic overlap: 1/20 listed skills and 1/4 locations appeared in the posting.,greenhouse,2026-07-21T15:38:47+00:00,2026-09-07T17:03:20Z
74eabde2338635c7a3e1845434d866d6,Airbnb,"Product Manager, Pricing",United States,https://careers.airbnb.com/positions/8096359?gh_jid=8096359,11,Heuristic overlap: 1/20 listed skills and 1/4 locations appeared in the posting.,greenhouse,2026-08-04T19:45:48+00:00,2026-09-07T17:03:20Z
280d7666ae93e8ca655f7bf913406ffa,Airbnb,"Programs Operations Lead, Growth Levers","San Francisco, California, United States ",https://careers.airbnb.com/positions/8103590?gh_jid=8103590,10,Heuristic overlap: 3/20 listed skills and 0/4 locations appeared in the posting.,greenhouse,2026-08-12T16:01:33+00:00,2026-09-07T17:03:20Z
f235e955564b313e857ea3a215792879,Airbnb,"Regional Operations Manager, Premium Support",Canada,https://careers.airbnb.com/positions/8110189?gh_jid=8110189,14,Heuristic overlap: 2/20 listed skills and 1/4 locations appeared in the posting.,greenhouse,2026-08-07T13:13:44+00:00,2026-09-07T17:03:20Z
a387156ba19b2797f7a50e6916961202,Airbnb,Sales Operations Lead,United States ,https://careers.airbnb.com/positions/8155005?gh_jid=8155005,11,Heuristic overlap: 1/20 listed skills and 1/4 locations appeared in the posting.,greenhouse,2026-08-24T22:19:35+00:00,2026-09-07T17:03:20Z
b87b69c1d25181e3c52c27c0bd3a0ad4,Airbnb,Senior Data Scientist - Payments (Inference),Remote - USA,https://careers.airbnb.com/positions/8123037?gh_jid=8123037,18,Heuristic overlap: 3/20 listed skills and 1/4 locations appeared in the posting.,greenhouse,2026-08-14T17:25:31+00:00,2026-09-07T17:03:20Z
7d4a2f93cc9c29d79f3de75590a0c546,Airbnb,"Senior Data Scientist, Trust (Inference)",Remote - USA,https://careers.airbnb.com/positions/8059216?gh_jid=8059216,18,Heuristic overlap: 3/20 listed skills and 1/4 locations appeared in the posting.,greenhouse,2026-07-15T16:13:40+00:00,2026-09-07T17:03:20Z
2fb3b246108639fa6d02796ac6ab8227,Airbnb,"Senior Engineering Manager, Media Foundation",United States,https://careers.airbnb.com/positions/7968034?gh_jid=7968034,14,Heuristic overlap: 2/20 listed skills and 1/4 locations appeared in the posting.,greenhouse,2026-08-04T18:01:36+00:00,2026-09-07T17:03:20Z
60eda0a1a578680da33ac857c2092bbc,Airbnb,"Senior Host Development Lead, Education","San Francisco, United States ",https://careers.airbnb.com/positions/8142636?gh_jid=8142636,14,Heuristic overlap: 2/20 listed skills and 1/4 locations appeared in the posting.,greenhouse,2026-08-31T16:38:31+00:00,2026-09-07T17:03:20Z
46333bc90c72548a39fdd6dc2d141b74,Airbnb,"Senior Machine Learning Engineer, Query Intelligence",United States,https://careers.airbnb.com/positions/8065789?gh_jid=8065789,18,Heuristic overlap: 3/20 listed skills and 1/4 locations appeared in the posting.,greenhouse,2026-07-14T23:54:51+00:00,2026-09-07T17:03:20Z
87e7864eb7ac14f7b660588128c4e397,Airbnb,"Senior Machine Learning Engineer, Trust","San Francisco, CA",https://careers.airbnb.com/positions/8130355?gh_jid=8130355,11,Heuristic overlap: 1/20 listed skills and 1/4 locations appeared in the posting.,greenhouse,2026-08-14T21:27:57+00:00,2026-09-07T17:03:20Z
99e4ecccf816f74db3a08da83c9d2adc,Airbnb,"Senior Manager, Machine Learning Engineering - Communication & Connectivity",Remote - US,https://careers.airbnb.com/positions/8070121?gh_jid=8070121,18,Heuristic overlap: 3/20 listed skills and 1/4 locations appeared in the posting.,greenhouse,2026-07-22T21:32:00+00:00,2026-09-07T17:03:20Z
d2d69676089e45270e9ff692c81a00a0,Airbnb,"Senior Manager, Platform Management (Payments)",United States ,https://careers.airbnb.com/positions/8175521?gh_jid=8175521,14,Heuristic overlap: 2/20 listed skills and 1/4 locations appeared in the posting.,greenhouse,2026-09-03T01:58:21+00:00,2026-09-07T17:03:20Z
bb52c7d5d020b18398cb326c9b22cf0d,Airbnb,"Senior Manager, Quality, Specialty",United States ,https://careers.airbnb.com/positions/8114342?gh_jid=8114342,11,Heuristic overlap: 1/20 listed skills and 1/4 locations appeared in the posting.,greenhouse,2026-08-31T17:58:05+00:00,2026-09-07T17:03:20Z
f94580fae1f4a5530aa451e9f6b75714,Airbnb,"Senior Manager, Scaled Operations, FSI",United States ,https://careers.airbnb.com/positions/8143116?gh_jid=8143116,11,Heuristic overlap: 1/20 listed skills and 1/4 locations appeared in the posting.,greenhouse,2026-08-20T13:43:01+00:00,2026-09-07T17:03:20Z
aede6a2aa244aa90a82a3c76c80debed,Airbnb,"Senior Manager, Supply Enablement",United States ,https://careers.airbnb.com/positions/8125873?gh_jid=8125873,14,Heuristic overlap: 2/20 listed skills and 1/4 locations appeared in the posting.,greenhouse,2026-08-17T21:44:01+00:00,2026-09-07T17:03:20Z
66289467cc330e1c6010a570881e059b,Airbnb,"Senior Manager, Technical Program Management (Search & AI Foundations)",United States,https://careers.airbnb.com/positions/8077683?gh_jid=8077683,14,Heuristic overlap: 2/20 listed skills and 1/4 locations appeared in the posting.,greenhouse,2026-07-21T19:29:19+00:00,2026-09-07T17:03:20Z
56262d852def57679f8a0dc5cb1f5c55,Airbnb,"Senior Platform Manager, Data Products, Finance Accounting",United States,https://careers.airbnb.com/positions/8070705?gh_jid=8070705,18,Heuristic overlap: 3/20 listed skills and 1/4 locations appeared in the posting.,greenhouse,2026-07-20T16:54:52+00:00,2026-09-07T17:03:20Z
dd5f1d4703ddc5be0649298b259b9640,Airbnb,"Senior Platform Manager, Payment Platform Accounts",United States ,https://careers.airbnb.com/positions/8082863?gh_jid=8082863,11,Heuristic overlap: 1/20 listed skills and 1/4 locations appeared in the posting.,greenhouse,2026-07-24T15:52:41+00:00,2026-09-07T17:03:20Z
53dc8f8c4c1dae69672fa72a7a118976,Airbnb,"Senior Software Engineer, Payments Platform ","Remote, USA",https://careers.airbnb.com/positions/8138002?gh_jid=8138002,18,Heuristic overlap: 3/20 listed skills and 1/4 locations appeared in the posting.,greenhouse,2026-08-19T21:13:04+00:00,2026-09-07T17:03:20Z
4ccb028a2d6f681873da9e7d48664d56,Airbnb,"Senior Specialist, Premium Support",Canada,https://careers.airbnb.com/positions/8107160?gh_jid=8107160,11,Heuristic overlap: 1/20 listed skills and 1/4 locations appeared in the posting.,greenhouse,2026-08-05T15:03:52+00:00,2026-09-07T17:03:20Z
9f7dff84d35372a4479c4db6d0fee7a1,Airbnb,"Senior Specialist, Premium Support (English/Spanish)","Nevada, United States ",https://careers.airbnb.com/positions/8132178?gh_jid=8132178,14,Heuristic overlap: 2/20 listed skills and 1/4 locations appeared in the posting.,greenhouse,2026-08-18T13:41:11+00:00,2026-09-07T17:03:20Z
f4d5981c6c64f718908b38c7b062dc98,Airbnb,"Senior Specialist, Premium Support (Portuguese/English)",Canada,https://careers.airbnb.com/positions/8091849?gh_jid=8091849,11,Heuristic overlap: 1/20 listed skills and 1/4 locations appeared in the posting.,greenhouse,2026-08-04T21:34:03+00:00,2026-09-07T17:03:20Z
c559798e05025ca466a9a8d74cd4a15c,Airbnb,"Senior Staff Software Engineer, Marketing Technology","Remote, USA",https://careers.airbnb.com/positions/8095365?gh_jid=8095365,14,Heuristic overlap: 2/20 listed skills and 1/4 locations appeared in the posting.,greenhouse,2026-07-29T22:14:52+00:00,2026-09-07T17:03:20Z
4d39fdf5e29b942debf9fc614213b02b,Airbnb,Staff Backend Engineer - Ads Platform,Remote - USA,https://careers.airbnb.com/positions/8074897?gh_jid=8074897,14,Heuristic overlap: 2/20 listed skills and 1/4 locations appeared in the posting.,greenhouse,2026-07-22T19:52:40+00:00,2026-09-07T17:03:20Z
d3ef4a40843a22cd5aa4e2cc477c937d,Airbnb,"Staff Backend Engineer, Host Pricing & Availability",Remote - USA,https://careers.airbnb.com/positions/8078019?gh_jid=8078019,11,Heuristic overlap: 1/20 listed skills and 1/4 locations appeared in the posting.,greenhouse,2026-07-28T16:33:45+00:00,2026-09-07T17:03:20Z
46dae261622ecf99e90efa7679aa6380,Airbnb,"Staff Experience Designer, International",Singapore,https://careers.airbnb.com/positions/8121074?gh_jid=8121074,10,Heuristic overlap: 3/20 listed skills and 0/4 locations appeared in the posting.,greenhouse,2026-08-11T08:20:47+00:00,2026-09-07T17:03:20Z
bf7ef7450d89d6d0a651071c7a930a5a,Airbnb,"Staff Machine Learning Engineer, Traffic Intelligence",United States,https://careers.airbnb.com/positions/8129371?gh_jid=8129371,14,Heuristic overlap: 2/20 listed skills and 1/4 locations appeared in the posting.,greenhouse,2026-08-13T23:22:22+00:00,2026-09-07T17:03:20Z
c91517253eb8393fcc35ac96d3527e5d,Airbnb,"Staff Platform Manager, Conversational Products",United States ,https://careers.airbnb.com/positions/8136554?gh_jid=8136554,14,Heuristic overlap: 2/20 listed skills and 1/4 locations appeared in the posting.,greenhouse,2026-08-19T21:50:25+00:00,2026-09-07T17:03:20Z
13e99ef83ce8a8baa5273e96a27f5fd5,Airbnb,Staff Platform Manager - GTM & Ops Tooling,United States ,https://careers.airbnb.com/positions/8163100?gh_jid=8163100,14,Heuristic overlap: 2/20 listed skills and 1/4 locations appeared in the posting.,greenhouse,2026-09-01T22:44:32+00:00,2026-09-07T17:03:20Z
bb9ad76e7e4bdab1c70b8b2a5615849f,Airbnb,"Staff Software Engineer, Passport & Commerce (Backend)",United States,https://careers.airbnb.com/positions/8130817?gh_jid=8130817,18,Heuristic overlap: 3/20 listed skills and 1/4 locations appeared in the posting.,greenhouse,2026-08-14T20:03:51+00:00,2026-09-07T17:03:20Z
9335dab8f7bbcf56d8e0ceb87a306afb,Airbnb,"Staff Software Engineer, Payments Compliance",Remote - US,https://careers.airbnb.com/positions/8130787?gh_jid=8130787,32,Heuristic overlap: 7/20 listed skills and 1/4 locations appeared in the posting.,greenhouse,2026-08-18T17:29:51+00:00,2026-09-07T17:03:20Z
dd1ac0c89525306b3025839678e8d84e,Airbnb,"Staff Software Engineer, Service Tools",USA,https://careers.airbnb.com/positions/8154739?gh_jid=8154739,11,Heuristic overlap: 1/20 listed skills and 1/4 locations appeared in the posting.,greenhouse,2026-08-25T03:36:42+00:00,2026-09-07T17:03:20Z
ceb496316aba15eb3cdbb7fac1791bc4,Airbnb,"Superviseur (-e), Soutien Premium Bilingue (français/anglais)",Canada,https://careers.airbnb.com/positions/8080626?gh_jid=8080626,10,Heuristic overlap: 3/20 listed skills and 0/4 locations appeared in the posting.,greenhouse,2026-07-28T15:34:02+00:00,2026-09-07T17:03:20Z
cd96628751ff0868d8f17caeb8da486a,Airbnb,"Tech Lead Manager, Oracle ERP","Bangalore, India",https://careers.airbnb.com/positions/8102684?gh_jid=8102684,10,Heuristic overlap: 3/20 listed skills and 0/4 locations appeared in the posting.,greenhouse,2026-08-03T15:56:35+00:00,2026-09-07T17:03:20Z
971aef6bd7da09cc905e948200f6b4f5,Airbnb,"Vendor Manager, Operational Vendor Support (Insurance)",United States ,https://careers.airbnb.com/positions/8120259?gh_jid=8120259,11,Heuristic overlap: 1/20 listed skills and 1/4 locations appeared in the posting.,greenhouse,2026-08-11T16:52:15+00:00,2026-09-07T17:03:20Z
de07c1301948b753604470a66ab74671,Dropbox,"Business Development Manager, Strategic Partnerships",Remote - US: Select locations,https://jobs.dropbox.com/listing/8048847?gh_jid=8048847,11,Heuristic overlap: 1/20 listed skills and 1/4 locations appeared in the posting.,greenhouse,2026-07-22T17:53:11+00:00,2026-09-07T17:03:20Z
291ae0164199b470770ee773c2e67d30,Dropbox,"Business Development Manager, Strategic Partnerships",Remote - Canada: Select locations,https://jobs.dropbox.com/listing/8048848?gh_jid=8048848,11,Heuristic overlap: 1/20 listed skills and 1/4 locations appeared in the posting.,greenhouse,2026-07-22T17:53:12+00:00,2026-09-07T17:03:20Z
b9c7c1b2380793af1c055829d46f3bdd,Dropbox,Business Development Representative - Japan (Remote),Remote - Japan,https://jobs.dropbox.com/listing/8130079?gh_jid=8130079,11,Heuristic overlap: 1/20 listed skills and 1/4 locations appeared in the posting.,greenhouse,2026-09-01T14:23:03+00:00,2026-09-07T17:03:20Z
ddd62a27422639ba64032e4cbef5368e,Dropbox,"Data Analytics Partner, People Analytics",Remote - Canada: Select locations,https://jobs.dropbox.com/listing/8126575?gh_jid=8126575,11,Heuristic overlap: 1/20 listed skills and 1/4 locations appeared in the posting.,greenhouse,2026-08-18T15:47:46+00:00,2026-09-07T17:03:20Z
b4241aaab96ca8ed15c0dac115b96411,Dropbox,"Data Analytics Partner, People Analytics",Remote - US: Select locations,https://jobs.dropbox.com/listing/8126572?gh_jid=8126572,11,Heuristic overlap: 1/20 listed skills and 1/4 locations appeared in the posting.,greenhouse,2026-08-18T15:47:44+00:00,2026-09-07T17:03:20Z
d2a1feab35f9157ec91fc1d767bd9f96,Dropbox,Director of Media Strategy & Activation (Paid Media),Remote - US: Select locations,https://jobs.dropbox.com/listing/8096461?gh_jid=8096461,18,Heuristic overlap: 3/20 listed skills and 1/4 locations appeared in the posting.,greenhouse,2026-08-10T19:53:49+00:00,2026-09-07T17:03:20Z
349ac1ebd5a4d3b4580315087e8be4b1,Dropbox,"Director, Sales Compensation",Remote - US: All locations,https://jobs.dropbox.com/listing/8121667?gh_jid=8121667,14,Heuristic overlap: 2/20 listed skills and 1/4 locations appeared in the posting.,greenhouse,2026-08-11T15:52:07+00:00,2026-09-07T17:03:20Z
3ba26653df492c2910946b04dbfa627e,Dropbox,"Director, Sales Compensation",Remote - Canada: Select locations,https://jobs.dropbox.com/listing/8121672?gh_jid=8121672,14,Heuristic overlap: 2/20 listed skills and 1/4 locations appeared in the posting.,greenhouse,2026-08-11T15:52:10+00:00,2026-09-07T17:03:20Z
7d06e3ee54f43b16aeed7c71350cda7e,Dropbox,"Infrastructure Software Engineer, Metadata Core",Remote - Poland,https://jobs.dropbox.com/listing/7958409?gh_jid=7958409,28,Heuristic overlap: 6/20 listed skills and 1/4 locations appeared in the posting.,greenhouse,2026-08-05T10:31:33+00:00,2026-09-07T17:03:20Z
9c98abfb477c91cf6a1fabe12b9df84f,Dropbox,"Principal, Market & Competitive Intelligence Manager",Remote - Canada: Select locations,https://jobs.dropbox.com/listing/7862213?gh_jid=7862213,18,Heuristic overlap: 3/20 listed skills and 1/4 locations appeared in the posting.,greenhouse,2026-08-17T17:49:57+00:00,2026-09-07T17:03:20Z
6c0ae2b570727744fefa7dd4161924c5,Dropbox,"Principal, Market & Competitive Intelligence Manager",Remote - US: Select locations,https://jobs.dropbox.com/listing/7862212?gh_jid=7862212,18,Heuristic overlap: 3/20 listed skills and 1/4 locations appeared in the posting.,greenhouse,2026-08-17T17:49:58+00:00,2026-09-07T17:03:20Z
65df2879fe92b4bc95b3249769efc5d2,Dropbox,"Program Manager, Customers",Remote - Canada: Select locations,https://jobs.dropbox.com/listing/8177610?gh_jid=8177610,11,Heuristic overlap: 1/20 listed skills and 1/4 locations appeared in the posting.,greenhouse,2026-09-04T13:34:24+00:00,2026-09-07T17:03:20Z
b8563a2f541ffcf09c4557b188f2e98e,Dropbox,"Program Manager, Customers",Remote - US: Select locations,https://jobs.dropbox.com/listing/8177609?gh_jid=8177609,11,Heuristic overlap: 1/20 listed skills and 1/4 locations appeared in the posting.,greenhouse,2026-09-04T13:34:22+00:00,2026-09-07T17:03:20Z
5456081d96aebe95e8424f82bb423fc9,Dropbox,"Program Manager, Workforce Planning",Remote - Canada: Select locations,https://jobs.dropbox.com/listing/8092225?gh_jid=8092225,14,Heuristic overlap: 2/20 listed skills and 1/4 locations appeared in the posting.,greenhouse,2026-07-31T15:14:44+00:00,2026-09-07T17:03:20Z
8fde8d98c2050d6faa7fc6fa22792e4c,Dropbox,"Program Manager, Workforce Planning",Remote - US: Select locations,https://jobs.dropbox.com/listing/8092224?gh_jid=8092224,14,Heuristic overlap: 2/20 listed skills and 1/4 locations appeared in the posting.,greenhouse,2026-07-31T15:14:45+00:00,2026-09-07T17:03:20Z
8ed974ed6e2ff850437e52c711fdeda2,Dropbox,Regional Sales Operations Manager - EMEA (Remote),Remote - Ireland; Remote - United Kingdom,https://jobs.dropbox.com/listing/8075216?gh_jid=8075216,11,Heuristic overlap: 1/20 listed skills and 1/4 locations appeared in the posting.,greenhouse,2026-07-27T11:07:44+00:00,2026-09-07T17:03:20Z
d43a964becf699286ae599aa4c40a460,Dropbox,Regional Sales Strategy & Operations Manager - APJ (Remote),Remote - Japan,https://jobs.dropbox.com/listing/8075225?gh_jid=8075225,11,Heuristic overlap: 1/20 listed skills and 1/4 locations appeared in the posting.,greenhouse,2026-07-21T15:23:52+00:00,2026-09-07T17:03:20Z
f990199ee1dcccdf9299c6e68f0adeb3,Dropbox,Renewals Strategy Principal Program Manager,Remote - US: Select locations,https://jobs.dropbox.com/listing/8094537?gh_jid=8094537,14,Heuristic overlap: 2/20 listed skills and 1/4 locations appeared in the posting.,greenhouse,2026-08-20T22:30:37+00:00,2026-09-07T17:03:20Z
b179e374fbd888068753c6eed0105507,Dropbox,Senior Account Based Marketing Manager,Remote - Canada: Select locations,https://jobs.dropbox.com/listing/8096471?gh_jid=8096471,14,Heuristic overlap: 2/20 listed skills and 1/4 locations appeared in the posting.,greenhouse,2026-08-20T13:25:33+00:00,2026-09-07T17:03:20Z
6859ec1cdd94edd8397a871a1a697a6b,Dropbox,Senior Account Based Marketing Manager ,Remote - US: Select locations,https://jobs.dropbox.com/listing/8096470?gh_jid=8096470,14,Heuristic overlap: 2/20 listed skills and 1/4 locations appeared in the posting.,greenhouse,2026-08-20T13:25:31+00:00,2026-09-07T17:03:20Z
b56c83fb19297f7c82071f36991ce0b0,Dropbox,Senior Account Executive - LATAM,Remote - US: Select locations,https://jobs.dropbox.com/listing/8159659?gh_jid=8159659,11,Heuristic overlap: 1/20 listed skills and 1/4 locations appeared in the posting.,greenhouse,2026-08-28T14:55:14+00:00,2026-09-07T17:03:20Z
5d5bf52e8b0d97460b21bab8eeb80f69,Dropbox,"Senior Director, Global Tax Reporting",Remote - US: All locations,https://jobs.dropbox.com/listing/8094857?gh_jid=8094857,18,Heuristic overlap: 3/20 listed skills and 1/4 locations appeared in the posting.,greenhouse,2026-08-26T15:36:06+00:00,2026-09-07T17:03:20Z
88367eeefe1fade83e430130bbe42020,Dropbox,Senior Growth Account Executive ,Remote - Ireland; Remote - United Kingdom,https://jobs.dropbox.com/listing/8051403?gh_jid=8051403,11,Heuristic overlap: 1/20 listed skills and 1/4 locations appeared in the posting.,greenhouse,2026-07-16T13:44:42+00:00,2026-09-07T17:03:20Z
934188a78ea5ee5dc1a416a30042ff07,Dropbox,"Senior Manager, Data Engineering",Remote - Canada: Select locations,https://jobs.dropbox.com/listing/8090065?gh_jid=8090065,21,Heuristic overlap: 4/20 listed skills and 1/4 locations appeared in the posting.,greenhouse,2026-08-04T17:49:51+00:00,2026-09-07T17:03:20Z
873a86ed1888a413e268804172143479,Dropbox,"Senior Manager, Data Engineering",Remote - US: Select locations,https://jobs.dropbox.com/listing/8090062?gh_jid=8090062,14,Heuristic overlap: 2/20 listed skills and 1/4 locations appeared in the posting.,greenhouse,2026-07-29T21:04:04+00:00,2026-09-07T17:03:20Z
7cb5c2de6aae5f89a9362ff6bc6bc180,Dropbox,"Senior Partner Marketing Manager, AI & ISV Ecosystem",Remote - Canada: Select locations,https://jobs.dropbox.com/listing/8109600?gh_jid=8109600,14,Heuristic overlap: 2/20 listed skills and 1/4 locations appeared in the posting.,greenhouse,2026-08-31T14:03:57+00:00,2026-09-07T17:03:20Z
820aceef853a20e86c76b40026355626,Dropbox,"Senior Partner Marketing Manager, AI & ISV Ecosystem",Remote - US: Select locations,https://jobs.dropbox.com/listing/8109599?gh_jid=8109599,14,Heuristic overlap: 2/20 listed skills and 1/4 locations appeared in the posting.,greenhouse,2026-08-31T14:03:55+00:00,2026-09-07T17:03:20Z
ad552acb4504922a67d3ea4edc84734f,Dropbox,Software Engineering Intern (Summer 2027),Remote - US: All locations,https://jobs.dropbox.com/listing/8106224?gh_jid=8106224,14,Heuristic overlap: 2/20 listed skills and 1/4 locations appeared in the posting.,greenhouse,2026-09-07T15:06:46+00:00,2026-09-07T17:03:20Z
756aaf9091e232005e27d3b287021bc9,Dropbox,Staff Product Designer,Remote - US: Select locations,https://jobs.dropbox.com/listing/8092712?gh_jid=8092712,14,Heuristic overlap: 2/20 listed skills and 1/4 locations appeared in the posting.,greenhouse,2026-08-03T19:08:27+00:00,2026-09-07T17:03:20Z
287a02897301665f991052651ae5a3a0,Dropbox,Staff Product Designer,Remote - Canada: Select locations,https://jobs.dropbox.com/listing/8092715?gh_jid=8092715,14,Heuristic overlap: 2/20 listed skills and 1/4 locations appeared in the posting.,greenhouse,2026-08-03T19:08:29+00:00,2026-09-07T17:03:20Z
cc6bf8133e96763410b26b83801f3c6c,Databricks,AI Engineer — GTM Analytics,United States,https://databricks.com/company/careers/open-positions/job?gh_jid=8638847002,18,Heuristic overlap: 5/20 listed skills and 0/4 locations appeared in the posting.,greenhouse,2026-07-30T17:59:18+00:00,2026-09-07T17:03:20Z
a8f3b071cbc73f2b9f3487f26435966b,Databricks,"Alliance RVP, Boston Consulting Group (BCG)","Atlanta, Georgia; Boston, Massachusetts; Chicago, Illinois; Dallas, Texas; New York City, New York; San Francisco, California; Seattle, Washington",https://databricks.com/company/careers/open-positions/job?gh_jid=8632401002,11,Heuristic overlap: 1/20 listed skills and 1/4 locations appeared in the posting.,greenhouse,2026-07-15T21:53:21+00:00,2026-09-07T17:03:20Z
2f45c9512fec237e9d244de9609978b8,Databricks,"Alliance RVP, McKinsey","Atlanta, Georgia; Boston, Massachusetts; Chicago, Illinois; Dallas, Texas; New York City, New York; San Francisco, California; Seattle, Washington",https://databricks.com/company/careers/open-positions/job?gh_jid=8632403002,11,Heuristic overlap: 1/20 listed skills and 1/4 locations appeared in the posting.,greenhouse,2026-07-15T22:02:31+00:00,2026-09-07T17:03:20Z
e9e47329b951f2355a84fb7a1093aafd,Databricks,Delivery Solutions Architect - Oil & Gas,Remote - Texas,https://databricks.com/company/careers/open-positions/job?gh_jid=8687483002,11,Heuristic overlap: 1/20 listed skills and 1/4 locations appeared in the posting.,greenhouse,2026-08-06T17:24:09+00:00,2026-09-07T17:03:20Z
9e4375b503efa1f86536eea4988fb71f,Databricks,Delivery Solutions Architect - Startups & Emerging Enterprise,Remote - California; Remote - Colorado; Remote - Illinois; Remote - Massachusetts; Remote - New York; Remote - Oregon; Remote - Texas; Remote - Washington,https://databricks.com/company/careers/open-positions/job?gh_jid=8549248002,11,Heuristic overlap: 1/20 listed skills and 1/4 locations appeared in the posting.,greenhouse,2026-07-15T15:53:36+00:00,2026-09-07T17:03:20Z
f92bccf87fbecb09da28d702ba6f7305,Databricks,Deployment Strategist,Remote - India,https://databricks.com/company/careers/open-positions/job?gh_jid=8637736002,11,Heuristic overlap: 1/20 listed skills and 1/4 locations appeared in the posting.,greenhouse,2026-07-30T08:51:02+00:00,2026-09-07T17:03:20Z
46380137f94e7876259ebc9dbc4ebde0,Databricks,"Director, Alliance",Germany,https://databricks.com/company/careers/open-positions/job?gh_jid=8688832002,14,Heuristic overlap: 2/20 listed skills and 1/4 locations appeared in the posting.,greenhouse,2026-08-24T12:47:15+00:00,2026-09-07T17:03:20Z
71c5826365e6bfbf4435064e4dcc2aea,Databricks,"Director, Americas Field Marketing at Databricks",United States,https://databricks.com/company/careers/open-positions/job?gh_jid=8636157002,10,Heuristic overlap: 3/20 listed skills and 0/4 locations appeared in the posting.,greenhouse,2026-07-16T18:37:25+00:00,2026-09-07T17:03:20Z
00e2604c53eb1b55c7afebf2fca51339,Databricks,"Director, Marketing Strategy and AI Transformation",United States,https://databricks.com/company/careers/open-positions/job?gh_jid=8735590002,11,Heuristic overlap: 1/20 listed skills and 1/4 locations appeared in the posting.,greenhouse,2026-08-28T16:38:10+00:00,2026-09-07T17:03:20Z
500e3a0647a26aab2116e9971b8c72f6,Databricks,EMEA Sr. Marketing Campaigns Manager - Executive Audiences,"London, United Kingdom",https://databricks.com/company/careers/open-positions/job?gh_jid=8702738002,10,Heuristic overlap: 3/20 listed skills and 0/4 locations appeared in the posting.,greenhouse,2026-08-17T08:53:35+00:00,2026-09-07T17:03:20Z
bb1e0e774439232b585794b8f36e1cfa,Databricks,"Field Marketing Manager, Mexico",Mexico City,https://databricks.com/company/careers/open-positions/job?gh_jid=8641466002,10,Heuristic overlap: 3/20 listed skills and 0/4 locations appeared in the posting.,greenhouse,2026-08-03T19:23:46+00:00,2026-09-07T17:03:20Z
7f7c5aa16ba29c0c4fe78f430fa073c5,Databricks,Full Stack Developer (AI Agents),"Bengaluru, India",https://databricks.com/company/careers/open-positions/job?gh_jid=8632126002,10,Heuristic overlap: 3/20 listed skills and 0/4 locations appeared in the posting.,greenhouse,2026-07-30T06:43:08+00:00,2026-09-07T17:03:20Z
0b2734b2a9ee3a67eba80495854088f0,Databricks,Infrastructure & Platform Senior Specialist Solutions Engineer,"London, United Kingdom",https://databricks.com/company/careers/open-positions/job?gh_jid=8657553002,10,Heuristic overlap: 3/20 listed skills and 0/4 locations appeared in the posting.,greenhouse,2026-09-03T14:44:42+00:00,2026-09-07T17:03:20Z
643f8d2be684eb9e923ad4fb19e93070,Databricks,Infrastructure & Platform Specialist Solutions Architect (SSA) ,"London, United Kingdom",https://databricks.com/company/careers/open-positions/job?gh_jid=8642617002,10,Heuristic overlap: 3/20 listed skills and 0/4 locations appeared in the posting.,greenhouse,2026-07-24T17:00:13+00:00,2026-09-07T17:03:20Z
716368c3191fae048677287679e78cbf,Databricks,Lakebase Associate Director- Financial Services,United States,https://databricks.com/company/careers/open-positions/job?gh_jid=8571578002,10,Heuristic overlap: 3/20 listed skills and 0/4 locations appeared in the posting.,greenhouse,2026-08-24T13:11:32+00:00,2026-09-07T17:03:20Z
208fbb8fd06d206356552bff9d83bac2,Databricks,Lakebase Associate Director Specialist-MFG,United States,https://databricks.com/company/careers/open-positions/job?gh_jid=8569498002,10,Heuristic overlap: 3/20 listed skills and 0/4 locations appeared in the posting.,greenhouse,2026-07-31T19:50:36+00:00,2026-09-07T17:03:20Z
51ec0c0b980a9fbf0ab74c15826460e9,Databricks,"Lakebase Sales Specialist, Associate Director (Switzerland, Austria, Eastern Europe)","Zürich, Switzerland",https://databricks.com/company/careers/open-positions/job?gh_jid=8569514002,10,Heuristic overlap: 3/20 listed skills and 0/4 locations appeared in the posting.,greenhouse,2026-08-18T09:58:03+00:00,2026-09-07T17:03:20Z
cfc3f177fb448ca88cca656df87d85ce,Databricks,"Manager, Delivery Solutions Architects - Emerging Enterprise",Remote - California; Remote - Colorado; Remote - Illinois; Remote - Massachusetts; Remote - New York; Remote - Oregon; Remote - Pennsylvania; Remote - Texas; Remote - Washington,https://databricks.com/company/careers/open-positions/job?gh_jid=8642263002,14,Heuristic overlap: 2/20 listed skills and 1/4 locations appeared in the posting.,greenhouse,2026-07-30T19:17:41+00:00,2026-09-07T17:03:20Z
8aab5f361c3ac1cb418bf29977350a13,Databricks,"Manager, Forward Deployed Engineering","Tokyo, Japan",https://databricks.com/company/careers/open-positions/job?gh_jid=8535419002,10,Heuristic overlap: 3/20 listed skills and 0/4 locations appeared in the posting.,greenhouse,2026-07-28T02:40:05+00:00,2026-09-07T17:03:20Z
bb8c97a3f61f41aee7040fc8052861f5,Databricks,Product Operations Manager,Costa Rica,https://databricks.com/company/careers/open-positions/job?gh_jid=8720202002,10,Heuristic overlap: 3/20 listed skills and 0/4 locations appeared in the posting.,greenhouse,2026-08-24T20:53:04+00:00,2026-09-07T17:03:20Z
fbab33347cfa71c2c07cdf2fd373c49f,Databricks,Product Specialist - Gen AI  (Sr. Specialist Solutions Architect) ,"Amsterdam, Netherlands",https://databricks.com/company/careers/open-positions/job?gh_jid=8750467002,10,Heuristic overlap: 3/20 listed skills and 0/4 locations appeared in the posting.,greenhouse,2026-08-26T13:28:27+00:00,2026-09-07T17:03:20Z
cf9b1642a918d4f3df4fdf83ec508cec,Databricks,Product Specialist - Gen AI  (Sr. Specialist Solutions Architect) ,"Paris, France",https://databricks.com/company/careers/open-positions/job?gh_jid=8746260002,10,Heuristic overlap: 3/20 listed skills and 0/4 locations appeared in the posting.,greenhouse,2026-08-26T13:24:00+00:00,2026-09-07T17:03:20Z
189854d1613f846dc4c2f09d737a5fc4,Databricks,"SAP Consolidations Manager, International Accounting","Bengaluru, India",https://databricks.com/company/careers/open-positions/job?gh_jid=8688875002,11,Heuristic overlap: 1/20 listed skills and 1/4 locations appeared in the posting.,greenhouse,2026-08-29T18:25:05+00:00,2026-09-07T17:03:20Z
49ef33277f1849adbb4d82a728017b2a,Databricks,Senior Designated Support Engineer,"Sydney, Australia",https://databricks.com/company/careers/open-positions/job?gh_jid=8740680002,14,Heuristic overlap: 4/20 listed skills and 0/4 locations appeared in the posting.,greenhouse,2026-08-22T16:47:59+00:00,2026-09-07T17:03:20Z
6a522e0cad5501eda213db7fc254bd25,Databricks,"Senior Fullstack Software Engineer - Enterprise Configuration & Administration, CustomerLake","New York City, New York",https://databricks.com/company/careers/open-positions/job?gh_jid=8715639002,10,Heuristic overlap: 3/20 listed skills and 0/4 locations appeared in the posting.,greenhouse,2026-08-14T15:45:21+00:00,2026-09-07T17:03:20Z
ad6db4d4c6fcf3eccaca844698030622,Databricks,Senior Solutions Architect (EDW Enterprise Data Warehouse Migrations),"London, United Kingdom",https://databricks.com/company/careers/open-positions/job?gh_jid=8704938002,10,Heuristic overlap: 3/20 listed skills and 0/4 locations appeared in the posting.,greenhouse,2026-08-17T07:46:40+00:00,2026-09-07T17:03:20Z
8933e25999f2d2a2eb076b87f2f3c5bb,Databricks,Senior Solutions Architect (EDW Enterprise Data Warehouse Migrations),"Milan, Italy",https://databricks.com/company/careers/open-positions/job?gh_jid=8720254002,10,Heuristic overlap: 3/20 listed skills and 0/4 locations appeared in the posting.,greenhouse,2026-08-17T07:55:20+00:00,2026-09-07T17:03:20Z
584bc94e799e8f8ec9b1030928ea8827,Databricks,Senior Solutions Architect (EDW Enterprise Data Warehouse Migrations),"Paris, France",https://databricks.com/company/careers/open-positions/job?gh_jid=8720251002,10,Heuristic overlap: 3/20 listed skills and 0/4 locations appeared in the posting.,greenhouse,2026-08-17T07:49:59+00:00,2026-09-07T17:03:20Z
5f7753d2052bc38a82bad20172161700,Databricks,Senior Solutions Architect (EDW Enterprise Data Warehouse Migrations),"Amsterdam, Netherlands",https://databricks.com/company/careers/open-positions/job?gh_jid=8720252002,10,Heuristic overlap: 3/20 listed skills and 0/4 locations appeared in the posting.,greenhouse,2026-08-17T07:49:58+00:00,2026-09-07T17:03:20Z
ec68522dc895e364774c93114d27694b,Databricks,Senior Solutions Architect (EDW Enterprise Data Warehouse Migrations),"Berlin, Germany; Munich, Germany",https://databricks.com/company/careers/open-positions/job?gh_jid=8720253002,10,Heuristic overlap: 3/20 listed skills and 0/4 locations appeared in the posting.,greenhouse,2026-08-17T07:55:20+00:00,2026-09-07T17:03:20Z
bd42bc256489d228e059b68e3788d2cf,Databricks,Solutions Architect,"Pune, India",https://databricks.com/company/careers/open-positions/job?gh_jid=8641892002,10,Heuristic overlap: 3/20 listed skills and 0/4 locations appeared in the posting.,greenhouse,2026-07-23T04:34:18+00:00,2026-09-07T17:03:20Z
c196b7072e85e477fa0b3d9241518ec4,Databricks,Solutions Architect,"San Francisco, California",https://databricks.com/company/careers/open-positions/job?gh_jid=8568031002,14,Heuristic overlap: 2/20 listed skills and 1/4 locations appeared in the posting.,greenhouse,2026-08-26T18:47:55+00:00,2026-09-07T17:03:20Z
aff9c314150cf9cf397ff61503e2d013,Databricks,Solutions Architect,Central - United States,https://databricks.com/company/careers/open-positions/job?gh_jid=8633227002,14,Heuristic overlap: 2/20 listed skills and 1/4 locations appeared in the posting.,greenhouse,2026-07-20T19:38:56+00:00,2026-09-07T17:03:20Z
c0f476beceae9e1ac199f53a10e6ffa0,Databricks,Solutions Architect,"Atlanta, Georgia; Chicago, Illinois",https://databricks.com/company/careers/open-positions/job?gh_jid=8697993002,14,Heuristic overlap: 2/20 listed skills and 1/4 locations appeared in the posting.,greenhouse,2026-09-03T13:09:44+00:00,2026-09-07T17:03:20Z
c0f476beceae9e1ac199f53a10e6ffa0,Databricks,Solutions Architect,"Atlanta, Georgia; Chicago, Illinois",https://databricks.com/company/careers/open-positions/job?gh_jid=8697987002,14,Heuristic overlap: 2/20 listed skills and 1/4 locations appeared in the posting.,greenhouse,2026-08-18T05:56:59+00:00,2026-09-07T17:03:20Z
1974ba0fed1681f1b10d7ec3f1a50a1f,Databricks,"Solutions Architect - Communications, Media, Entertainment and Games","Colorado; Denver, Colorado; Remote - Colorado",https://databricks.com/company/careers/open-positions/job?gh_jid=8569633002,21,Heuristic overlap: 4/20 listed skills and 1/4 locations appeared in the posting.,greenhouse,2026-07-27T18:35:57+00:00,2026-09-07T17:03:20Z
e73b90e5704ccdfcc466a685c2a372f0,Databricks,"Solutions Architect - Communications, Media, Entertainment and Games",Remote - Pennsylvania,https://databricks.com/company/careers/open-positions/job?gh_jid=8755482002,14,Heuristic overlap: 2/20 listed skills and 1/4 locations appeared in the posting.,greenhouse,2026-08-27T13:51:05+00:00,2026-09-07T17:03:20Z
62b0a784877868d5681e3e73372a8b3e,Databricks,"Solutions Architect - Communications, Media, Entertainment and Games",Remote - New York,https://databricks.com/company/careers/open-positions/job?gh_jid=8755476002,14,Heuristic overlap: 2/20 listed skills and 1/4 locations appeared in the posting.,greenhouse,2026-08-27T13:51:08+00:00,2026-09-07T17:03:20Z
1cdd4f680ac9ba32a475d1c1f1740b79,Databricks,"Solutions Architect - Digital Native Business, Named Accounts",Nevada; Remote - California; Remote - Colorado; Remote - Oregon; Remote - Washington,https://databricks.com/company/careers/open-positions/job?gh_jid=8569640002,18,Heuristic overlap: 3/20 listed skills and 1/4 locations appeared in the posting.,greenhouse,2026-08-03T15:56:12+00:00,2026-09-07T17:03:20Z
e9cafb629c4b91fe67d20c9f074257ac,Databricks,"Solutions Architect, EMEA Startups — France","Paris, France",https://databricks.com/company/careers/open-positions/job?gh_jid=8675572002,14,Heuristic overlap: 4/20 listed skills and 0/4 locations appeared in the posting.,greenhouse,2026-08-07T15:03:13+00:00,2026-09-07T17:03:20Z
e1966773cc637abf3745057adbf2cb15,Databricks,Solutions Architect (Genie),"Bengaluru, India; Delhi, India; India; Mumbai, India",https://databricks.com/company/careers/open-positions/job?gh_jid=8657549002,14,Heuristic overlap: 2/20 listed skills and 1/4 locations appeared in the posting.,greenhouse,2026-09-04T02:49:38+00:00,2026-09-07T17:03:20Z
49844209657e5d44f24c3409df9dc101,Databricks,Solutions Architect - Global Telecommunications ,Remote - Texas,https://databricks.com/company/careers/open-positions/job?gh_jid=8755470002,18,Heuristic overlap: 3/20 listed skills and 1/4 locations appeared in the posting.,greenhouse,2026-08-27T13:41:21+00:00,2026-09-07T17:03:20Z
3a0d39ca17f0df0cc20ea5bb77984316,Databricks,Solutions Architect - Manufacturing,Remote - Illinois; Remote - Michigan; Remote - New York,https://databricks.com/company/careers/open-positions/job?gh_jid=8661758002,14,Heuristic overlap: 2/20 listed skills and 1/4 locations appeared in the posting.,greenhouse,2026-08-13T18:47:27+00:00,2026-09-07T17:03:20Z
a36718894c9d93191b6cdd1ccc3929b6,Databricks,"Solutions Architect (Presales, Data & AI, Digital Native Business)","London, United Kingdom",https://databricks.com/company/careers/open-positions/job?gh_jid=8768958002,10,Heuristic overlap: 3/20 listed skills and 0/4 locations appeared in the posting.,greenhouse,2026-09-03T09:47:12+00:00,2026-09-07T17:03:20Z
76247d5795be93245c07f28682332680,Databricks,Solutions Architect - Public Sector (SLED),Remote - Texas,https://databricks.com/company/careers/open-positions/job?gh_jid=8633741002,14,Heuristic overlap: 2/20 listed skills and 1/4 locations appeared in the posting.,greenhouse,2026-07-21T16:40:05+00:00,2026-09-07T17:03:20Z
bdb5856f7b1ec686a6eaec481f52cb85,Databricks,Solutions Architect - Strategic High Tech,"Remote - California; San Francisco, California",https://databricks.com/company/careers/open-positions/job?gh_jid=8563159002,18,Heuristic overlap: 3/20 listed skills and 1/4 locations appeared in the posting.,greenhouse,2026-08-19T16:54:03+00:00,2026-09-07T17:03:20Z
19aed71ae274355c0b0ecda9a54feb28,Databricks,Solutions Architect - Strat Media ,Remote - California,https://databricks.com/company/careers/open-positions/job?gh_jid=8755462002,14,Heuristic overlap: 2/20 listed skills and 1/4 locations appeared in the posting.,greenhouse,2026-08-27T13:39:17+00:00,2026-09-07T17:03:20Z
9aad67f645d2149c0a8204ff6cdb5b80,Databricks,Specialist Solutions Architect - AI/ML,Central - United States; West Coast - United States,https://databricks.com/company/careers/open-positions/job?gh_jid=8697991002,14,Heuristic overlap: 2/20 listed skills and 1/4 locations appeared in the posting.,greenhouse,2026-08-14T22:28:07+00:00,2026-09-07T17:03:20Z
49fa2597a1fdccf44065d77cd8b81fb0,Databricks,Specialist Solutions Architect - Data Engineering & Warehousing (Digital Native Business) ,United States,https://databricks.com/company/careers/open-positions/job?gh_jid=8761732002,18,Heuristic overlap: 3/20 listed skills and 1/4 locations appeared in the posting.,greenhouse,2026-09-02T03:42:39+00:00,2026-09-07T17:03:20Z
ea8a51ccb4d1ce536f44a7354ce45e49,Databricks,Specialist Solutions Architect - Data Engineering & Warehousing (Financial Services) ,United States,https://databricks.com/company/careers/open-positions/job?gh_jid=8692962002,14,Heuristic overlap: 2/20 listed skills and 1/4 locations appeared in the posting.,greenhouse,2026-08-10T18:20:46+00:00,2026-09-07T17:03:20Z
8430cd745408c2093dd6f53be5ad60c9,Databricks,"Sr. Developer Advocate, AI and Machine Learning","Seattle, Washington",https://databricks.com/company/careers/open-positions/job?gh_jid=8716720002,10,Heuristic overlap: 3/20 listed skills and 0/4 locations appeared in the posting.,greenhouse,2026-08-14T20:29:28+00:00,2026-09-07T17:03:20Z
390e9224757cee6e1e7c157ad80077cd,Databricks,"Sr. Developer Advocate, AI and Machine Learning","San Francisco, California",https://databricks.com/company/careers/open-positions/job?gh_jid=8716192002,10,Heuristic overlap: 3/20 listed skills and 0/4 locations appeared in the posting.,greenhouse,2026-08-14T20:29:27+00:00,2026-09-07T17:03:20Z
77a9ab8372e2667a790892556e52c238,Databricks,"Sr. Developer Advocate, Open Source — Omnigent","San Francisco, California",https://databricks.com/company/careers/open-positions/job?gh_jid=8716187002,18,Heuristic overlap: 5/20 listed skills and 0/4 locations appeared in the posting.,greenhouse,2026-08-14T20:34:16+00:00,2026-09-07T17:03:20Z
bac94235668a31be3449ad9621f82ec3,Databricks,"Sr. Developer Advocate, Open Source — Omnigent","Seattle, Washington",https://databricks.com/company/careers/open-positions/job?gh_jid=8716730002,18,Heuristic overlap: 5/20 listed skills and 0/4 locations appeared in the posting.,greenhouse,2026-08-14T20:34:17+00:00,2026-09-07T17:03:20Z
2a365d92c9de3d2e43815f79e023af3f,Databricks,Sr. Forward Deployed Engineer,Remote - Washington D.C.,https://databricks.com/company/careers/open-positions/job?gh_jid=8739465002,14,Heuristic overlap: 2/20 listed skills and 1/4 locations appeared in the posting.,greenhouse,2026-08-22T00:23:32+00:00,2026-09-07T17:03:20Z
3eafa3558fc42022d4bd6472d6ea58a0,Databricks,Sr. Forward Deployed Engineer (FDE) - Public Sector ,Remote - Virginia; Remote - Washington D.C.,https://databricks.com/company/careers/open-positions/job?gh_jid=8657488002,14,Heuristic overlap: 2/20 listed skills and 1/4 locations appeared in the posting.,greenhouse,2026-08-18T17:23:14+00:00,2026-09-07T17:03:20Z
15af8ae1d37cd8b758d73b4fa97b6729,Databricks,Sr. Forward Deployed Engineer (FDE) - Public Sector ,Delaware; Maryland; Remote - Pennsylvania; Remote - Virginia; Remote - Washington D.C.; West Virginia,https://databricks.com/company/careers/open-positions/job?gh_jid=8423310002,14,Heuristic overlap: 2/20 listed skills and 1/4 locations appeared in the posting.,greenhouse,2026-08-10T17:01:52+00:00,2026-09-07T17:03:20Z
663837e33ea564868289a079d25e2e3d,Databricks,Sr. Forward Deployed Engineer (FDE) - Retail,Remote - California,https://databricks.com/company/careers/open-positions/job?gh_jid=8647677002,14,Heuristic overlap: 2/20 listed skills and 1/4 locations appeared in the posting.,greenhouse,2026-07-23T18:32:25+00:00,2026-09-07T17:03:20Z
f4c666e5ea73a543a78fc9de77f56fd1,Databricks,Sr. Forward Deployed Engineer - National Security,"Boston, Massachusetts; Delaware; Maryland; Remote - California; Remote - New York; Remote - Washington D.C.; Virginia; West Virginia",https://databricks.com/company/careers/open-positions/job?gh_jid=8746374002,14,Heuristic overlap: 2/20 listed skills and 1/4 locations appeared in the posting.,greenhouse,2026-08-25T16:40:33+00:00,2026-09-07T17:03:20Z
3c47b89ece6171d6ad9e57f9cfc392bf,Databricks,"Sr. Manager, Field Engineering","Chicago, Illinois; Connecticut; New Jersey; Remote - New York; Remote - Washington D.C.; San Francisco, California",https://databricks.com/company/careers/open-positions/job?gh_jid=8732052002,11,Heuristic overlap: 1/20 listed skills and 1/4 locations appeared in the posting.,greenhouse,2026-08-20T18:31:31+00:00,2026-09-07T17:03:20Z
704d16ba9ab8b8a79366c7f4aa6f3da2,Databricks,"Sr. Manager, Field Engineering","Sydney, Australia",https://databricks.com/company/careers/open-positions/job?gh_jid=8682223002,10,Heuristic overlap: 3/20 listed skills and 0/4 locations appeared in the posting.,greenhouse,2026-08-14T11:57:13+00:00,2026-09-07T17:03:20Z
c894df8b5b0eb9845a06b9c01f1a0029,Databricks,"Sr. Manager, Field Engineering - Financial Services (Banking and Payments)","Illinois; Massachusetts; New York; Washington, D.C.",https://databricks.com/company/careers/open-positions/job?gh_jid=8568035002,11,Heuristic overlap: 1/20 listed skills and 1/4 locations appeared in the posting.,greenhouse,2026-08-07T00:04:35+00:00,2026-09-07T17:03:20Z
cc7ebc39ae978efdca3ae0af28c05b68,Databricks,"Sr. Manager, Field Engineering UAE","Paris, France",https://databricks.com/company/careers/open-positions/job?gh_jid=8764727002,10,Heuristic overlap: 3/20 listed skills and 0/4 locations appeared in the posting.,greenhouse,2026-09-02T18:48:31+00:00,2026-09-07T17:03:20Z
951f4801f28806e78fee1d7ed314245a,Databricks,"Sr. Manager, Field Engineering UAE","Dubai, United Arab Emirates",https://databricks.com/company/careers/open-positions/job?gh_jid=8778929002,10,Heuristic overlap: 3/20 listed skills and 0/4 locations appeared in the posting.,greenhouse,2026-09-02T18:56:57+00:00,2026-09-07T17:03:20Z
093361fa748e3f43e095f33c021e69f4,Databricks,"Sr. Manager, Field Engineering UAE","London, United Kingdom",https://databricks.com/company/careers/open-positions/job?gh_jid=8778848002,10,Heuristic overlap: 3/20 listed skills and 0/4 locations appeared in the posting.,greenhouse,2026-09-02T18:53:23+00:00,2026-09-07T17:03:20Z
50479a2770b49360c722c81aa636431c,Databricks,"Sr. Manager, Finance PMO & Operations (Procure-To-Pay)",West Coast - United States,https://databricks.com/company/careers/open-positions/job?gh_jid=8604596002,10,Heuristic overlap: 3/20 listed skills and 0/4 locations appeared in the posting.,greenhouse,2026-07-10T01:40:14+00:00,2026-09-07T17:03:20Z
304315085f688edae193553a23a07c13,Databricks,Sr. Solutions Architect,"Denver, Colorado",https://databricks.com/company/careers/open-positions/job?gh_jid=8769768002,10,Heuristic overlap: 3/20 listed skills and 0/4 locations appeared in the posting.,greenhouse,2026-09-01T17:10:13+00:00,2026-09-07T17:03:20Z
13b0d31e250081293c889c54228cc464,Databricks,Sr. Solutions Architect,"Chicago, Illinois",https://databricks.com/company/careers/open-positions/job?gh_jid=8769764002,10,Heuristic overlap: 3/20 listed skills and 0/4 locations appeared in the posting.,greenhouse,2026-09-01T17:03:26+00:00,2026-09-07T17:03:20Z
ddfb08b35c24c9cb22359f22fbbb0a55,Databricks,Sr. Solutions Architect,"New York City, New York",https://databricks.com/company/careers/open-positions/job?gh_jid=8769750002,10,Heuristic overlap: 3/20 listed skills and 0/4 locations appeared in the posting.,greenhouse,2026-09-01T17:03:23+00:00,2026-09-07T17:03:20Z
8fd1f86b97c95d9997fe27f690a46c01,Databricks,Sr. Solutions Architect,"San Francisco, California",https://databricks.com/company/careers/open-positions/job?gh_jid=8614977002,10,Heuristic overlap: 3/20 listed skills and 0/4 locations appeared in the posting.,greenhouse,2026-08-13T18:32:41+00:00,2026-09-07T17:03:20Z
2a2462c9f0eeab539d12e64ba696309a,Databricks,"Sr. Solutions Architect - Digital Native Business, Strategics",Nevada; Remote - California; Remote - Colorado; Remote - Washington,https://databricks.com/company/careers/open-positions/job?gh_jid=8615045002,18,Heuristic overlap: 3/20 listed skills and 1/4 locations appeared in the posting.,greenhouse,2026-07-22T17:45:49+00:00,2026-09-07T17:03:20Z
40e1476f163e79d9a48a0a97109268ae,Databricks,Sr. Solutions Architect - Life Sciences,"Munich, Germany",https://databricks.com/company/careers/open-positions/job?gh_jid=8720995002,14,Heuristic overlap: 2/20 listed skills and 1/4 locations appeared in the posting.,greenhouse,2026-09-01T09:26:08+00:00,2026-09-07T17:03:20Z
944b841ec66ffdc6f53c6b185ae8b458,Databricks,"Sr. Solutions Architect - Retail, Travel & Hospitality ","Charlotte, North Carolina; Raleigh, North Carolina; Remote - North Carolina",https://databricks.com/company/careers/open-positions/job?gh_jid=8607059002,14,Heuristic overlap: 2/20 listed skills and 1/4 locations appeared in the posting.,greenhouse,2026-07-13T18:03:03+00:00,2026-09-07T17:03:20Z
44c3fd2fa72366a76c736b7249e55e59,Databricks,"Sr. Solutions Engineer - Digital Native Business, Named Accounts",Florida; Remote - Massachusetts; Remote - New York; Remote - North Carolina; Remote - Pennsylvania; Remote - Virginia,https://databricks.com/company/careers/open-positions/job?gh_jid=8646516002,18,Heuristic overlap: 3/20 listed skills and 1/4 locations appeared in the posting.,greenhouse,2026-08-03T15:52:41+00:00,2026-09-07T17:03:20Z
fe74e1a3246dd40f5e0619c0cfe8b87b,Databricks,"Sr. Staff, Technical Program Management","Mountain View, California",https://databricks.com/company/careers/open-positions/job?gh_jid=8661359002,14,Heuristic overlap: 4/20 listed skills and 0/4 locations appeared in the posting.,greenhouse,2026-07-31T17:47:30+00:00,2026-09-07T17:03:20Z
d02ed44aff6d81dcc8e98a52c208fc44,Databricks,Sr. Technology Partner Director - AI Code-Gen & Apps,"Remote - California; San Francisco, California",https://databricks.com/company/careers/open-positions/job?gh_jid=8731212002,14,Heuristic overlap: 2/20 listed skills and 1/4 locations appeared in the posting.,greenhouse,2026-08-20T15:39:23+00:00,2026-09-07T17:03:20Z
638131ae94f92bd89c3862c74369e9af,Databricks,Staff Designated Support Engineer,"Sydney, Australia",https://databricks.com/company/careers/open-positions/job?gh_jid=8661524002,14,Heuristic overlap: 4/20 listed skills and 0/4 locations appeared in the posting.,greenhouse,2026-08-22T16:40:27+00:00,2026-09-07T17:03:20Z
62f4ae3f17a6dc7294db43b931f27912,Databricks,Workplace Services Manager,"San Francisco, California",https://databricks.com/company/careers/open-positions/job?gh_jid=8603390002,14,Heuristic overlap: 2/20 listed skills and 1/4 locations appeared in the posting.,greenhouse,2026-08-24T23:13:05+00:00,2026-09-07T17:03:20Z
7d667124d5882ed585dee0ae9b2014fa,Databricks,Workplace Specialist,"London, United Kingdom",https://databricks.com/company/careers/open-positions/job?gh_jid=8628958002,10,Heuristic overlap: 3/20 listed skills and 0/4 locations appeared in the posting.,greenhouse,2026-07-28T15:04:14+00:00,2026-09-07T17:03:20Z
2ac0f4931f6c73a36545cf1ddbf07d42,Stripe,Credit Risk Operations Team Lead,Bengaluru,https://stripe.com/jobs/search?gh_jid=8047791,12,Heuristic overlap: 2/20 listed skills and 1/6 locations appeared in the posting.,greenhouse,2026-08-25T08:18:11+00:00,2026-09-07T17:05:03Z
90eec6b4297fd3d7343f415dc07254fb,Stripe,"Financial Analyst, Business F&S",Bengaluru,https://stripe.com/jobs/search?gh_jid=8066264,12,Heuristic overlap: 2/20 listed skills and 1/6 locations appeared in the posting.,greenhouse,2026-07-15T05:44:23+00:00,2026-09-07T17:05:03Z
ec1e21a8e6b93900ae1a9a3b56f79e8b,Stripe,F&S COE Manager,Bengaluru,https://stripe.com/jobs/search?gh_jid=8131132,12,Heuristic overlap: 2/20 listed skills and 1/6 locations appeared in the posting.,greenhouse,2026-08-17T05:26:41+00:00,2026-09-07T17:05:03Z
d0097f97c5ebf4faa97fbce196da558e,Stripe,"Software Engineer, Intern",Bengaluru,https://stripe.com/jobs/search?gh_jid=8031833,12,Heuristic overlap: 2/20 listed skills and 1/6 locations appeared in the posting.,greenhouse,2026-07-10T05:33:52+00:00,2026-09-07T17:05:03Z
260f7f82ff82b9498202e96400070be1,Stripe,Verifications Operations Associate,Bengaluru,https://stripe.com/jobs/search?gh_jid=8022703,12,Heuristic overlap: 2/20 listed skills and 1/6 locations appeared in the posting.,greenhouse,2026-09-02T06:23:15+00:00,2026-09-07T17:05:03Z
961762448e3024b20a185419e3804b59,Databricks,Credit and Collections Manager,"Bengaluru, India",https://databricks.com/company/careers/open-positions/job?gh_jid=8756138002,12,Heuristic overlap: 2/20 listed skills and 1/6 locations appeared in the posting.,greenhouse,2026-08-31T18:35:16+00:00,2026-09-07T17:05:03Z
5d19efaa9cf1f65c45358498232c126c,Databricks,Partner Enablement Operations Manager,"Bengaluru, India; Mumbai, India",https://databricks.com/company/careers/open-positions/job?gh_jid=8644000002,12,Heuristic overlap: 2/20 listed skills and 1/6 locations appeared in the posting.,greenhouse,2026-08-04T14:43:57+00:00,2026-09-07T17:05:03Z
493686b276577da8f56663d087289f82,Databricks,Senior Forward Deployed Engineer,"Bengaluru, India",https://databricks.com/company/careers/open-positions/job?gh_jid=8629999002,12,Heuristic overlap: 2/20 listed skills and 1/6 locations appeared in the posting.,greenhouse,2026-08-21T09:50:35+00:00,2026-09-07T17:05:03Z
cb97c7ac3f09fb48ce08cde6ac1f642a,Databricks,Senior Solutions Architect,"Bengaluru, India",https://databricks.com/company/careers/open-positions/job?gh_jid=8661245002,12,Heuristic overlap: 2/20 listed skills and 1/6 locations appeared in the posting.,greenhouse,2026-08-11T02:53:05+00:00,2026-09-07T17:05:03Z
cb97c7ac3f09fb48ce08cde6ac1f642a,Databricks,Senior Solutions Architect,"Bengaluru, India",https://databricks.com/company/careers/open-positions/job?gh_jid=8652984002,12,Heuristic overlap: 2/20 listed skills and 1/6 locations appeared in the posting.,greenhouse,2026-08-29T06:49:24+00:00,2026-09-07T17:05:03Z
316b32d5256d3fba1614624a3da57905,Canonical,"Graduate Software Engineer, Open Source and Linux, Canonical Ubuntu",Home based - Worldwide,https://job-boards.greenhouse.io/canonical/jobs/8142329,26,Heuristic overlap: 6/20 listed skills and 1/6 locations appeared in the posting.,greenhouse,2026-08-24T09:14:46+00:00,2026-09-07T17:07:01Z
98453aec3acf8a8c890f1bfc9debd4e9,Canonical,"Manager, People Analytics",Home Based - Americas; Home based - EMEA,https://job-boards.greenhouse.io/canonical/jobs/7836561,19,Heuristic overlap: 4/20 listed skills and 1/6 locations appeared in the posting.,greenhouse,2026-07-17T18:36:11+00:00,2026-09-07T17:07:01Z
1472eb1bf1d094f37a9c458732b9f5db,Canonical,Organisational Development Associate,Home Based - Americas; Home based - EMEA,https://job-boards.greenhouse.io/canonical/jobs/8160237,12,Heuristic overlap: 2/20 listed skills and 1/6 locations appeared in the posting.,greenhouse,2026-08-26T18:37:09+00:00,2026-09-07T17:07:01Z
ad5bc5ea64b00c7ae72c02909bc3f3ad,Canonical,Regional SDR Director,Home Based - Americas; Home Based - APAC; Home based - EMEA; Home based - Worldwide,https://job-boards.greenhouse.io/canonical/jobs/8094035,16,Heuristic overlap: 3/20 listed skills and 1/6 locations appeared in the posting.,greenhouse,2026-07-29T11:53:55+00:00,2026-09-07T17:07:01Z
4bef090412b29e7f852693e0a6a5726a,Canonical,Senior Organisational Development Practitioner,Home Based - Americas; Home based - EMEA,https://job-boards.greenhouse.io/canonical/jobs/8090587,12,Heuristic overlap: 2/20 listed skills and 1/6 locations appeared in the posting.,greenhouse,2026-07-28T08:47:36+00:00,2026-09-07T17:07:01Z
32c7f493fb6db73b32807968a4e14ced,Canonical,Software Engineer - Secure Container Images,Home Based - Americas; Home Based - APAC; Home based - EMEA,https://job-boards.greenhouse.io/canonical/jobs/8130859,26,Heuristic overlap: 6/20 listed skills and 1/6 locations appeared in the posting.,greenhouse,2026-08-14T19:30:38+00:00,2026-09-07T17:07:01Z
cb31300acdca862219534e10dc195283,Canonical,Talent Acquisition Strategist,Home based - EMEA,https://job-boards.greenhouse.io/canonical/jobs/8105144,19,Heuristic overlap: 4/20 listed skills and 1/6 locations appeared in the posting.,greenhouse,2026-08-04T12:40:39+00:00,2026-09-07T17:07:01Z
58d36e06bf3a1cd2fdab76a454805d47,Discord,Advertising Operations Manager,San Francisco Bay Area or New York (Remote),https://job-boards.greenhouse.io/discord/jobs/8686353002,16,Heuristic overlap: 3/20 listed skills and 1/6 locations appeared in the posting.,greenhouse,2026-08-07T00:13:29+00:00,2026-09-07T17:07:01Z
787068e8d7f6af17f6682d58c943598a,Discord,"Commercial Policy Lead, Brand Safety & Malware",San Francisco Bay Area ,https://job-boards.greenhouse.io/discord/jobs/8680047002,7,Heuristic overlap: 2/20 listed skills and 0/6 locations appeared in the posting.,greenhouse,2026-08-05T21:50:08+00:00,2026-09-07T17:07:01Z
5c0d8e19d775354809d08cb525f13643,Discord,"Engineering Manager, Machine Learning (Safety)",San Francisco Bay Area,https://job-boards.greenhouse.io/discord/jobs/8722538002,3,Heuristic overlap: 1/20 listed skills and 0/6 locations appeared in the posting.,greenhouse,2026-08-20T17:43:23+00:00,2026-09-07T17:07:01Z
63aaece84ebf6771ae749c8e8443b4c6,Discord,"Engineering Manager, Platform Security",San Francisco Bay Area ,https://job-boards.greenhouse.io/discord/jobs/8649856002,7,Heuristic overlap: 2/20 listed skills and 0/6 locations appeared in the posting.,greenhouse,2026-07-27T21:23:50+00:00,2026-09-07T17:07:01Z
a09b9befc98a7b664b84cbb5ea1618e3,Discord,"Engineering Manager, Safety",San Francisco Bay Area ,https://job-boards.greenhouse.io/discord/jobs/8637688002,3,Heuristic overlap: 1/20 listed skills and 0/6 locations appeared in the posting.,greenhouse,2026-07-29T18:21:51+00:00,2026-09-07T17:07:01Z
2984c34a0c13893d59fa46863c1f7548,Discord,Oracle ERP Fusion Functional Analyst,San Francisco Bay Area or Remote (U.S.),https://job-boards.greenhouse.io/discord/jobs/8627166002,8,Heuristic overlap: 1/20 listed skills and 1/6 locations appeared in the posting.,greenhouse,2026-07-10T04:16:16+00:00,2026-09-07T17:07:01Z
6741e75c3fbec1a86d6e03d2e341a0aa,Discord,Oracle ERP Fusion Technical Developer,San Francisco Bay Area or Remote (U.S.),https://job-boards.greenhouse.io/discord/jobs/8627078002,8,Heuristic overlap: 1/20 listed skills and 1/6 locations appeared in the posting.,greenhouse,2026-07-10T04:08:20+00:00,2026-09-07T17:07:01Z
a6d4cc1d74030dfdcdf545c8dd987a76,Discord,Payments & Fraud Analyst,San Francisco Bay Area,https://job-boards.greenhouse.io/discord/jobs/8771059002,3,Heuristic overlap: 1/20 listed skills and 0/6 locations appeared in the posting.,greenhouse,2026-09-03T23:37:43+00:00,2026-09-07T17:07:01Z
fd39ffa8415ac2ea9c55f67383fd2aa4,Discord,"Product Designer, Growth",San Francisco Bay Area,https://job-boards.greenhouse.io/discord/jobs/8674411002,3,Heuristic overlap: 1/20 listed skills and 0/6 locations appeared in the posting.,greenhouse,2026-08-03T21:27:39+00:00,2026-09-07T17:07:01Z
c3bfa8fb7fd5083b296ebc5a7a847a03,Discord,"Program Manager, Detection & Enforcement, Youth Safety",San Francisco Bay Area,https://job-boards.greenhouse.io/discord/jobs/8635949002,7,Heuristic overlap: 2/20 listed skills and 0/6 locations appeared in the posting.,greenhouse,2026-07-21T21:08:39+00:00,2026-09-07T17:07:01Z
f7383331dd338401fd701fb9d17487d7,Discord,QA/DevOps Engineer,San Francisco Bay Area,https://job-boards.greenhouse.io/discord/jobs/8703614002,10,Heuristic overlap: 3/20 listed skills and 0/6 locations appeared in the posting.,greenhouse,2026-08-14T03:27:33+00:00,2026-09-07T17:07:01Z
7a3384f7f26812ba3331b36ec0aa5b8e,Discord,"Senior Data Scientist, Causal Inference + Experimentation",San Francisco Bay Area ,https://job-boards.greenhouse.io/discord/jobs/8730666002,7,Heuristic overlap: 2/20 listed skills and 0/6 locations appeared in the posting.,greenhouse,2026-08-20T17:03:45+00:00,2026-09-07T17:07:01Z
e7ea981111fe2bbf533495ab7203f487,Discord,"Senior Full-Stack Software Engineer, Ads",San Francisco Bay Area,https://job-boards.greenhouse.io/discord/jobs/8659978002,10,Heuristic overlap: 3/20 listed skills and 0/6 locations appeared in the posting.,greenhouse,2026-07-31T16:23:32+00:00,2026-09-07T17:07:01Z
5a79f05cdb3852f77992da37f7ca8868,Discord,"Senior Full-Stack Software Engineer, Game Records",San Francisco Bay Area,https://job-boards.greenhouse.io/discord/jobs/8597656002,7,Heuristic overlap: 2/20 listed skills and 0/6 locations appeared in the posting.,greenhouse,2026-07-21T17:36:48+00:00,2026-09-07T17:07:01Z
fc01692e4e0b89910005a37e70446217,Discord,"Senior Full-Stack Software Engineer, Growth ",San Francisco Bay Area,https://job-boards.greenhouse.io/discord/jobs/8642085002,7,Heuristic overlap: 2/20 listed skills and 0/6 locations appeared in the posting.,greenhouse,2026-07-21T22:52:49+00:00,2026-09-07T17:07:01Z
955e72ec9453141c0cd48ceabcd6773c,Discord,"Senior Product Designer, Consumer Revenue",San Francisco Bay Area,https://job-boards.greenhouse.io/discord/jobs/8731898002,3,Heuristic overlap: 1/20 listed skills and 0/6 locations appeared in the posting.,greenhouse,2026-08-20T14:43:52+00:00,2026-09-07T17:07:01Z
31aa3dfaa61d915c4940d9de763a905c,Discord,"Senior Product Design Manager, Growth",San Francisco Bay Area,https://job-boards.greenhouse.io/discord/jobs/8780263002,7,Heuristic overlap: 2/20 listed skills and 0/6 locations appeared in the posting.,greenhouse,2026-09-03T14:30:34+00:00,2026-09-07T17:07:01Z
977ea732cd5094d714f62b267f2f8d1f,Discord,Senior Salesforce Technical Lead,San Francisco Bay Area ,https://job-boards.greenhouse.io/discord/jobs/8637188002,7,Heuristic overlap: 2/20 listed skills and 0/6 locations appeared in the posting.,greenhouse,2026-07-17T22:04:35+00:00,2026-09-07T17:07:01Z
05a909f9528c77e20642bfd65343d756,Discord,"Senior Software Engineer, Ads",San Francisco Bay Area,https://job-boards.greenhouse.io/discord/jobs/8697883002,14,Heuristic overlap: 4/20 listed skills and 0/6 locations appeared in the posting.,greenhouse,2026-08-12T16:44:44+00:00,2026-09-07T17:07:01Z
383e6510de66c806b4edea381ca520fe,Discord,"Senior Software Engineer, Application Security",San Francisco Bay Area,https://job-boards.greenhouse.io/discord/jobs/8656854002,10,Heuristic overlap: 3/20 listed skills and 0/6 locations appeared in the posting.,greenhouse,2026-07-31T20:41:03+00:00,2026-09-07T17:07:01Z
30e1bd50d4fc351e5854ac2a5dc0a718,Discord,"Senior Software Engineer, Data Platform",San Francisco Bay Area ,https://job-boards.greenhouse.io/discord/jobs/8694476002,7,Heuristic overlap: 2/20 listed skills and 0/6 locations appeared in the posting.,greenhouse,2026-08-12T20:01:52+00:00,2026-09-07T17:07:01Z
84475c631fec528bfae42c7eb74da770,Discord,"Senior Software Engineer, Enterprise Platform",San Francisco Bay Area ,https://job-boards.greenhouse.io/discord/jobs/8675277002,3,Heuristic overlap: 1/20 listed skills and 0/6 locations appeared in the posting.,greenhouse,2026-08-04T17:38:21+00:00,2026-09-07T17:07:01Z
7b684fba9dde79be970733dd81d9a0c2,Discord,"Senior Software Engineer, Growth ",San Francisco Bay Area,https://job-boards.greenhouse.io/discord/jobs/8642087002,7,Heuristic overlap: 2/20 listed skills and 0/6 locations appeared in the posting.,greenhouse,2026-08-04T22:13:57+00:00,2026-09-07T17:07:01Z
786b8412f447878feaeab9761e2d02e3,Discord,"Senior Software Engineer, Machine Learning (Ads)",San Francisco Bay Area,https://job-boards.greenhouse.io/discord/jobs/8644780002,3,Heuristic overlap: 1/20 listed skills and 0/6 locations appeared in the posting.,greenhouse,2026-07-22T13:37:26+00:00,2026-09-07T17:07:01Z
00052521ee5818f23f4fd7403b036bd7,Discord,Senior Stock Administrator,San Francisco Bay Area or Remote (U.S.),https://job-boards.greenhouse.io/discord/jobs/8757366002,8,Heuristic overlap: 1/20 listed skills and 1/6 locations appeared in the posting.,greenhouse,2026-08-28T23:05:20+00:00,2026-09-07T17:07:01Z
fa086dbe067a2fb9e501ccb0973287e1,Discord,Staff Data Engineer - Data Infrastructure,San Francisco Bay Area,https://job-boards.greenhouse.io/discord/jobs/8691572002,10,Heuristic overlap: 3/20 listed skills and 0/6 locations appeared in the posting.,greenhouse,2026-08-10T17:56:48+00:00,2026-09-07T17:07:01Z
cd84581caa927aad71e6c4d34920cea1,Discord,"Staff Data Scientist, Causal Inference & Experimentation",San Francisco Bay Area,https://job-boards.greenhouse.io/discord/jobs/8652853002,7,Heuristic overlap: 2/20 listed skills and 0/6 locations appeared in the posting.,greenhouse,2026-08-17T19:25:09+00:00,2026-09-07T17:07:01Z
f448c9417a18257fa1df25ff139fb938,Discord,"Staff Product Marketing Manager, Developer and Publishers",San Francisco Bay Area,https://job-boards.greenhouse.io/discord/jobs/8641295002,7,Heuristic overlap: 2/20 listed skills and 0/6 locations appeared in the posting.,greenhouse,2026-07-24T22:53:27+00:00,2026-09-07T17:07:01Z
87bb7c85dce6c98c192a9f99c3918f62,Discord,Staff Software Engineer - Consumer Revenue,San Francisco Bay Area,https://job-boards.greenhouse.io/discord/jobs/8464570002,10,Heuristic overlap: 3/20 listed skills and 0/6 locations appeared in the posting.,greenhouse,2026-09-02T23:29:30+00:00,2026-09-07T17:07:01Z
51f49e02fad82f7713b3eb7dc113415a,Discord,"Staff Software Engineer, Enterprise Platform",San Francisco Bay Area ,https://job-boards.greenhouse.io/discord/jobs/8675185002,3,Heuristic overlap: 1/20 listed skills and 0/6 locations appeared in the posting.,greenhouse,2026-08-04T17:30:55+00:00,2026-09-07T17:07:01Z
22645ba4fa69a6d2900849aaacae3367,Discord,"Staff Software Engineer, Experimentation Platform",Remote (U.S.),https://job-boards.greenhouse.io/discord/jobs/8700605002,12,Heuristic overlap: 2/20 listed skills and 1/6 locations appeared in the posting.,greenhouse,2026-08-18T22:26:49+00:00,2026-09-07T17:07:01Z
3eb05a3e048386e64a2988af1ffdccb0,Discord,"Staff Software Engineer, Safety Experience",San Francisco Bay Area,https://job-boards.greenhouse.io/discord/jobs/8727410002,14,Heuristic overlap: 4/20 listed skills and 0/6 locations appeared in the posting.,greenhouse,2026-08-26T20:58:25+00:00,2026-09-07T17:07:01Z
57c7ebab782b66531f8cea9ed7b90a4a,Discord,Technology Risk Audit Manager,San Francisco Bay Area,https://job-boards.greenhouse.io/discord/jobs/8694818002,7,Heuristic overlap: 2/20 listed skills and 0/6 locations appeared in the posting.,greenhouse,2026-08-14T21:28:33+00:00,2026-09-07T17:07:01Z
bd439298453fb1681f76ca44f6663054,Discord,Threat Investigator ,"San Francisco Bay Area, Los Angeles, New York, Washington D.C., or Austin ",https://job-boards.greenhouse.io/discord/jobs/8652914002,7,Heuristic overlap: 2/20 listed skills and 0/6 locations appeared in the posting.,greenhouse,2026-07-31T22:42:39+00:00,2026-09-07T17:07:01Z
92fa93b6f62a70533f35504656264f3a,Stripe,Abuse Investigator,Dublin,https://stripe.com/jobs/search?gh_jid=8172487,7,Heuristic overlap: 2/20 listed skills and 0/6 locations appeared in the posting.,greenhouse,2026-09-03T17:30:34+00:00,2026-09-07T17:07:01Z
92fa93b6f62a70533f35504656264f3a,Stripe,Abuse Investigator,Dublin,https://stripe.com/jobs/search?gh_jid=8172508,7,Heuristic overlap: 2/20 listed skills and 0/6 locations appeared in the posting.,greenhouse,2026-09-03T17:32:53+00:00,2026-09-07T17:07:01Z
551e4f3d9c641ac2a7114586be7b5470,Stripe,"Account Executive, AI Startups (Hunter)",San Francisco,https://stripe.com/jobs/search?gh_jid=8130725,3,Heuristic overlap: 1/20 listed skills and 0/6 locations appeared in the posting.,greenhouse,2026-08-19T18:02:07+00:00,2026-09-07T17:07:01Z
a5a77b1a39f848d945eadb324d897b3d,Stripe,"Account Executive, Bridge ","SF, NYC, SEA, CHI",https://stripe.com/jobs/search?gh_jid=8077887,3,Heuristic overlap: 1/20 listed skills and 0/6 locations appeared in the posting.,greenhouse,2026-07-22T17:15:53+00:00,2026-09-07T17:07:01Z
ba349cac7ff3ae5d6f34ad7ed214277c,Stripe,"Account Executive, Commercial (Grower)",Chicago,https://stripe.com/jobs/search?gh_jid=8123027,3,Heuristic overlap: 1/20 listed skills and 0/6 locations appeared in the posting.,greenhouse,2026-08-11T23:45:35+00:00,2026-09-07T17:07:01Z
3f65eb10597a46e118415445434d8a15,Stripe,"Account Executive, Commercial Hunter",Singapore,https://stripe.com/jobs/search?gh_jid=8141211,3,Heuristic overlap: 1/20 listed skills and 0/6 locations appeared in the posting.,greenhouse,2026-08-21T09:00:47+00:00,2026-09-07T17:07:01Z
4331773f21fb8224454d285036110be0,Stripe,"Account Executive, Enterprise (Canada) ","CA-Toronto, CA-Montreal, CA-Vancouver ",https://stripe.com/jobs/search?gh_jid=8119822,3,Heuristic overlap: 1/20 listed skills and 0/6 locations appeared in the posting.,greenhouse,2026-08-12T15:04:53+00:00,2026-09-07T17:07:01Z
8939269072b80ba1773dbcff85f2af28,Stripe,"Account Executive, Enterprise (Grower) ","US-San Francisco, US-Seattle, US-West Coast (Remote) ",https://stripe.com/jobs/search?gh_jid=8107136,8,Heuristic overlap: 1/20 listed skills and 1/6 locations appeared in the posting.,greenhouse,2026-08-10T13:19:03+00:00,2026-09-07T17:07:01Z
c9f87fe1df16e18728891f91aabec751,Stripe,"Account Executive, Enterprise Grower (Israel)",Israel ,https://stripe.com/jobs/search?gh_jid=8114458,3,Heuristic overlap: 1/20 listed skills and 0/6 locations appeared in the posting.,greenhouse,2026-08-18T09:46:54+00:00,2026-09-07T17:07:01Z
68007fcd251c248149aa91f74b9112a8,Stripe,"Account Executive, Enterprise Grower, Platforms (Israel)",Israel,https://stripe.com/jobs/search?gh_jid=8129956,3,Heuristic overlap: 1/20 listed skills and 0/6 locations appeared in the posting.,greenhouse,2026-08-24T09:00:55+00:00,2026-09-07T17:07:01Z
8e2db0b65376f934e6f5b216f7c70bfd,Stripe,"Account Executive, Enterprise Platforms, Hunter","Chicago, IL",https://stripe.com/jobs/search?gh_jid=8077971,3,Heuristic overlap: 1/20 listed skills and 0/6 locations appeared in the posting.,greenhouse,2026-08-06T19:27:48+00:00,2026-09-07T17:07:01Z
6e4a2aa7f854dacf8452462507252788,Stripe,"Account Executive, Enterprise Platforms, Tier 2 Grower","New York, NY; San Francisco, CA",https://stripe.com/jobs/search?gh_jid=8138042,3,Heuristic overlap: 1/20 listed skills and 0/6 locations appeared in the posting.,greenhouse,2026-08-25T19:53:39+00:00,2026-09-07T17:07:01Z
6e4a2aa7f854dacf8452462507252788,Stripe,"Account Executive, Enterprise Platforms, Tier 2 Grower","New York, NY; San Francisco, CA",https://stripe.com/jobs/search?gh_jid=8041894,3,Heuristic overlap: 1/20 listed skills and 0/6 locations appeared in the posting.,greenhouse,2026-07-10T15:45:25+00:00,2026-09-07T17:07:01Z
f776b3dce91720ace81497a81ddcdf24,Stripe,"Account Executive, Enterprise Platforms, Tier 2 Grower","San Francisco, CA",https://stripe.com/jobs/search?gh_jid=8075473,3,Heuristic overlap: 1/20 listed skills and 0/6 locations appeared in the posting.,greenhouse,2026-07-27T19:52:01+00:00,2026-09-07T17:07:01Z
9143ee87ea92c7c0b6be96ffdf465b37,Stripe,"Account Executive, Existing Business ",London,https://stripe.com/jobs/search?gh_jid=8114155,3,Heuristic overlap: 1/20 listed skills and 0/6 locations appeared in the posting.,greenhouse,2026-08-07T15:44:52+00:00,2026-09-07T17:07:01Z
b972a503e0d80187958a783a3a606290,Stripe,"Account Executive, Existing Business (Central Eastern Europe)",Poland - Remote OR Romania - Remote,https://stripe.com/jobs/search?gh_jid=8119697,8,Heuristic overlap: 1/20 listed skills and 1/6 locations appeared in the posting.,greenhouse,2026-08-14T15:26:20+00:00,2026-09-07T17:07:01Z
34a09546fa0e32cbd45fa68b5c7d168c,Stripe,"Account Executive, Financial Services, Grower ",London,https://stripe.com/jobs/search?gh_jid=8048193,7,Heuristic overlap: 2/20 listed skills and 0/6 locations appeared in the posting.,greenhouse,2026-07-13T15:54:32+00:00,2026-09-07T17:07:01Z
18413b92f8862a5be90598bb634ac0b4,Stripe,"Account Executive, Funded Startups — Hunter, Italy",Milan,https://stripe.com/jobs/search?gh_jid=8121419,0,Heuristic overlap: 0/20 listed skills and 0/6 locations appeared in the posting.,greenhouse,2026-08-13T14:03:06+00:00,2026-09-07T17:07:01Z
590f125aadb932e6329cdfb0573b6ccd,Stripe,"Account Executive, Funded Startups - Israel",Israel,https://stripe.com/jobs/search?gh_jid=8121421,0,Heuristic overlap: 0/20 listed skills and 0/6 locations appeared in the posting.,greenhouse,2026-08-25T13:58:15+00:00,2026-09-07T17:07:01Z
1d5d8241a81d3e90a1bd2a7ee0426484,Stripe,"Account Executive , Grower - Iberia Market ",Madrid ,https://stripe.com/jobs/search?gh_jid=8138662,3,Heuristic overlap: 1/20 listed skills and 0/6 locations appeared in the posting.,greenhouse,2026-08-19T17:05:25+00:00,2026-09-07T17:07:01Z
b7c0e6fd5af1a1baa3c5b9381cab83d9,Stripe,"Account Executive, hunter",London,https://stripe.com/jobs/search?gh_jid=8079514,3,Heuristic overlap: 1/20 listed skills and 0/6 locations appeared in the posting.,greenhouse,2026-08-10T10:49:09+00:00,2026-09-07T17:07:01Z
22751626d222c656eab3b222d9a97b98,Stripe,"Account Executive, Hunter (Central Eastern Europe)",Poland - Remote OR Romania - Remote,https://stripe.com/jobs/search?gh_jid=8130052,8,Heuristic overlap: 1/20 listed skills and 1/6 locations appeared in the posting.,greenhouse,2026-08-14T15:37:37+00:00,2026-09-07T17:07:01Z
a3321f93a0ad6e6eeaf37dfdb6f06323,Stripe,Account Executive - LATAM,"Mexico City, Mexico",https://stripe.com/jobs/search?gh_jid=8122192,7,Heuristic overlap: 2/20 listed skills and 0/6 locations appeared in the posting.,greenhouse,2026-08-21T18:22:44+00:00,2026-09-07T17:07:01Z
1068b47a7a92f9d3d7f908e7b67d60ab,Stripe,"Account Executive, Nordics",Sweden,https://stripe.com/jobs/search?gh_jid=8114402,3,Heuristic overlap: 1/20 listed skills and 0/6 locations appeared in the posting.,greenhouse,2026-09-07T08:14:24+00:00,2026-09-07T17:07:01Z
ec93c40bfed26e9eae899c497e68d569,Stripe,"Account Executive, Platforms Hunter (Central Eastern Europe)",Dublin,https://stripe.com/jobs/search?gh_jid=8121659,0,Heuristic overlap: 0/20 listed skills and 0/6 locations appeared in the posting.,greenhouse,2026-08-18T11:55:46+00:00,2026-09-07T17:07:01Z
ee2b4a65b7c3f168fd38a90db3897cfe,Stripe,"Account Executive, Platforms Hunter (German fluency)",Dublin,https://stripe.com/jobs/search?gh_jid=8129702,0,Heuristic overlap: 0/20 listed skills and 0/6 locations appeared in the posting.,greenhouse,2026-08-18T11:47:29+00:00,2026-09-07T17:07:01Z
eb60708305f8d2b13c11fc9484e0fbaa,Stripe,"Account Executive, Privy",Singapore,https://stripe.com/jobs/search?gh_jid=8041076,7,Heuristic overlap: 2/20 listed skills and 0/6 locations appeared in the posting.,greenhouse,2026-08-14T07:45:58+00:00,2026-09-07T17:07:01Z
53cf62ef0478b7fcb23148a3dd38a6e4,Stripe,"Account Executive, Product Sales (Data)",London OR Dublin,https://stripe.com/jobs/search?gh_jid=8114153,7,Heuristic overlap: 2/20 listed skills and 0/6 locations appeared in the posting.,greenhouse,2026-08-14T16:42:12+00:00,2026-09-07T17:07:01Z
e31dd6289d23566dc6be325e87fbfe02,Stripe,"Account Executive, Product Sales (Data) ","US-SF-HQ, US-NYC, US-CHI, US-SEA",https://stripe.com/jobs/search?gh_jid=8114738,7,Heuristic overlap: 2/20 listed skills and 0/6 locations appeared in the posting.,greenhouse,2026-08-10T21:05:26+00:00,2026-09-07T17:07:01Z
c116285ae1cc3f7462b01114009ba558,Stripe,"Account Executive, Product Sales (Data Pipeline) ",Singapore,https://stripe.com/jobs/search?gh_jid=8113687,7,Heuristic overlap: 2/20 listed skills and 0/6 locations appeared in the posting.,greenhouse,2026-08-19T15:55:47+00:00,2026-09-07T17:07:01Z
cd025dc0b17284482bf3a82130dd676d,Stripe,"Account Executive, Product Sales, Metronome (Hunter) ",US-SF-HQ,https://stripe.com/jobs/search?gh_jid=8029043,7,Heuristic overlap: 2/20 listed skills and 0/6 locations appeared in the posting.,greenhouse,2026-08-10T22:37:50+00:00,2026-09-07T17:07:01Z
d8b8e81ece3b2e6da29849da66e2bb1b,Stripe,"Account Executive, Product Sales-  Money Management ANZ",Sydney,https://stripe.com/jobs/search?gh_jid=8068744,0,Heuristic overlap: 0/20 listed skills and 0/6 locations appeared in the posting.,greenhouse,2026-07-27T06:22:00+00:00,2026-09-07T17:07:01Z
461041ecc424aa220de9c723205aabb9,Stripe,"Account Executive, Product Sales - Money Management  APAC",Singapore,https://stripe.com/jobs/search?gh_jid=8068746,3,Heuristic overlap: 1/20 listed skills and 0/6 locations appeared in the posting.,greenhouse,2026-07-27T06:27:55+00:00,2026-09-07T17:07:01Z
1d03b638ecf2d832a4e8d22fd6f8890d,Stripe,"Account Executive, Product Sales - Optimised Checkout ",London,https://stripe.com/jobs/search?gh_jid=8040940,3,Heuristic overlap: 1/20 listed skills and 0/6 locations appeared in the posting.,greenhouse,2026-07-17T08:52:40+00:00,2026-09-07T17:07:01Z
325557da499ab4875d94d187442f748f,Stripe,Account Executive Product - Tax,Singapore,https://stripe.com/jobs/search?gh_jid=8175830,3,Heuristic overlap: 1/20 listed skills and 0/6 locations appeared in the posting.,greenhouse,2026-09-03T06:19:02+00:00,2026-09-07T17:07:01Z
b8fbfcf5c088a8ca951cd770fdec8a61,Stripe,"Account Executive, Scaled (Grower)",Chicago,https://stripe.com/jobs/search?gh_jid=8095679,0,Heuristic overlap: 0/20 listed skills and 0/6 locations appeared in the posting.,greenhouse,2026-07-30T14:24:56+00:00,2026-09-07T17:07:01Z
a1534cb23ae6b06f1b2d2571843a9623,Stripe,"Account Executive - SEA, Platforms (Grower)",Singapore,https://stripe.com/jobs/search?gh_jid=8108891,0,Heuristic overlap: 0/20 listed skills and 0/6 locations appeared in the posting.,greenhouse,2026-08-11T08:45:16+00:00,2026-09-07T17:07:01Z
749d42a249245ac00fc98370211c2b48,Stripe,"Account Executive, SMB (Benelux)","Dublin, Ireland",https://stripe.com/jobs/search?gh_jid=8114157,3,Heuristic overlap: 1/20 listed skills and 0/6 locations appeared in the posting.,greenhouse,2026-08-10T10:30:55+00:00,2026-09-07T17:07:01Z
52df7e02447a6cc79e2f8ab444c85723,Stripe,"Account Executive, SMB (Grower)",Chicago,https://stripe.com/jobs/search?gh_jid=8156996,3,Heuristic overlap: 1/20 listed skills and 0/6 locations appeared in the posting.,greenhouse,2026-08-25T16:56:13+00:00,2026-09-07T17:07:01Z
52df7e02447a6cc79e2f8ab444c85723,Stripe,"Account Executive, SMB (Grower)",Chicago,https://stripe.com/jobs/search?gh_jid=8128772,3,Heuristic overlap: 1/20 listed skills and 0/6 locations appeared in the posting.,greenhouse,2026-08-17T19:45:44+00:00,2026-09-07T17:07:01Z
eca78d5b9c5e2abfd4a08df265136b33,Stripe,"Account Executive, SMB Hunter (Central Eastern Europe)",Dublin,https://stripe.com/jobs/search?gh_jid=8129958,3,Heuristic overlap: 1/20 listed skills and 0/6 locations appeared in the posting.,greenhouse,2026-08-19T18:50:48+00:00,2026-09-07T17:07:01Z
5c804d52c5d3be2ca20d9f075a4761e7,Stripe,"Account Executive, Startups (Grower)",San Francisco,https://stripe.com/jobs/search?gh_jid=8128552,3,Heuristic overlap: 1/20 listed skills and 0/6 locations appeared in the posting.,greenhouse,2026-08-18T22:44:24+00:00,2026-09-07T17:07:01Z
ef654fb3648b215157a2a9bef9a65f98,Stripe,"Account Executive, Strategic Platform Partnerships","San Francisco, CA; New York, NY",https://stripe.com/jobs/search?gh_jid=8157577,7,Heuristic overlap: 2/20 listed skills and 0/6 locations appeared in the posting.,greenhouse,2026-08-25T20:04:02+00:00,2026-09-07T17:07:01Z
6f2b946351883472ccfe67adabbf049c,Stripe,"Account Executive, Strategics ","San Francisco, Seattle ",https://stripe.com/jobs/search?gh_jid=8110261,0,Heuristic overlap: 0/20 listed skills and 0/6 locations appeared in the posting.,greenhouse,2026-08-06T16:45:57+00:00,2026-09-07T17:07:01Z
66c3b97bc29a5289b8a86f13e3de4ef5,Stripe,"Account Executive, Velocity Platforms (Hunter)",Chicago,https://stripe.com/jobs/search?gh_jid=8128632,3,Heuristic overlap: 1/20 listed skills and 0/6 locations appeared in the posting.,greenhouse,2026-08-17T17:45:33+00:00,2026-09-07T17:07:01Z
d7ad63d83a399acfc1cd69e41f1dd986,Stripe,Accounting AI Solutions Lead,"Seattle, San Francisco, New York",https://stripe.com/jobs/search?gh_jid=8103750,7,Heuristic overlap: 2/20 listed skills and 0/6 locations appeared in the posting.,greenhouse,2026-08-03T19:21:44+00:00,2026-09-07T17:07:01Z
3986d644013cd41c85c776f489c01202,Stripe,Administrative Business Partner,SF,https://stripe.com/jobs/search?gh_jid=8081673,3,Heuristic overlap: 1/20 listed skills and 0/6 locations appeared in the posting.,greenhouse,2026-07-27T19:11:10+00:00,2026-09-07T17:07:01Z
5fa0e2d891195e876fd71f9fa59c74ab,Stripe,"Administrative Business Partner, Office of the CEO",San Francisco,https://stripe.com/jobs/search?gh_jid=8050878,7,Heuristic overlap: 2/20 listed skills and 0/6 locations appeared in the posting.,greenhouse,2026-07-11T20:06:40+00:00,2026-09-07T17:07:01Z
9012a74e76e0e3c8a5260d21d56321ef,Stripe,Android BSP Engineer,"Taipei, Taiwan",https://stripe.com/jobs/search?gh_jid=8074125,10,Heuristic overlap: 3/20 listed skills and 0/6 locations appeared in the posting.,greenhouse,2026-07-21T01:43:12+00:00,2026-09-07T17:07:01Z
e1ee5a2b8b614f2827253a57a1c993ec,Stripe,ARG Engineering Manager,US - Remote,https://stripe.com/jobs/search?gh_jid=8113337,16,Heuristic overlap: 3/20 listed skills and 1/6 locations appeared in the posting.,greenhouse,2026-08-10T16:09:23+00:00,2026-09-07T17:07:01Z
088ab96058adfa51a3a3f04658df9dc1,Stripe,"AutoFile Specialist, Tax",US-Remote ,https://stripe.com/jobs/search?gh_jid=8076623,12,Heuristic overlap: 2/20 listed skills and 1/6 locations appeared in the posting.,greenhouse,2026-07-24T13:17:17+00:00,2026-09-07T17:07:01Z
a83f56a2e506e78bea7f2d5bfd8db794,Stripe,AV Events Manager,US-SF,https://stripe.com/jobs/search?gh_jid=8078126,16,Heuristic overlap: 3/20 listed skills and 1/6 locations appeared in the posting.,greenhouse,2026-07-22T17:26:09+00:00,2026-09-07T17:07:01Z
7c2075e4e5ae28ef03072a3a26b66b60,Stripe,"Backend Engineer, Link","NYC, Sea, SF, Tor",https://stripe.com/jobs/search?gh_jid=8131144,7,Heuristic overlap: 2/20 listed skills and 0/6 locations appeared in the posting.,greenhouse,2026-08-14T21:10:19+00:00,2026-09-07T17:07:01Z
72ed5878d507121d8548090e4cd3cbcb,Stripe,Business Partner Analyst,"US-SF, US-Seattle, US-NYC, US-Chicago, US-Georgia or US-Remote",https://stripe.com/jobs/search?gh_jid=8079783,12,Heuristic overlap: 2/20 listed skills and 1/6 locations appeared in the posting.,greenhouse,2026-07-30T17:08:44+00:00,2026-09-07T17:07:01Z
2ae0c1bf82aa0571e0ba66322d43649e,Stripe,Business Systems Architect (Tax),"South San Francisco, CA",https://stripe.com/jobs/search?gh_jid=8145117,0,Heuristic overlap: 0/20 listed skills and 0/6 locations appeared in the posting.,greenhouse,2026-08-20T19:44:11+00:00,2026-09-07T17:07:01Z
add3be7bc89f4e8448a037f9049859b3,Stripe,"Capital Markets, FX Specialist",New York,https://stripe.com/jobs/search?gh_jid=8171098,7,Heuristic overlap: 2/20 listed skills and 0/6 locations appeared in the posting.,greenhouse,2026-09-02T19:53:45+00:00,2026-09-07T17:07:01Z
c945c5a129878448a74d03564f4a1030,Stripe,Capital Markets Investments,"New York, NY",https://stripe.com/jobs/search?gh_jid=8164481,0,Heuristic overlap: 0/20 listed skills and 0/6 locations appeared in the posting.,greenhouse,2026-08-28T17:29:00+00:00,2026-09-07T17:07:01Z
a03312ef53c09544184ec6249c16d0bb,Stripe,Channel Sales Executive,London,https://stripe.com/jobs/search?gh_jid=8165273,7,Heuristic overlap: 2/20 listed skills and 0/6 locations appeared in the posting.,greenhouse,2026-09-03T10:02:28+00:00,2026-09-07T17:07:01Z
bcb156a425318f393db5dfe1c2f14801,Stripe,"Commercial Counsel, EMEA",Paris,https://stripe.com/jobs/search?gh_jid=8092304,0,Heuristic overlap: 0/20 listed skills and 0/6 locations appeared in the posting.,greenhouse,2026-07-30T14:04:54+00:00,2026-09-07T17:07:01Z
5ee64b4ffa4f103812979e506b16b91d,Stripe,"Comms, Public Goods",San Francisco ,https://stripe.com/jobs/search?gh_jid=8114272,7,Heuristic overlap: 2/20 listed skills and 0/6 locations appeared in the posting.,greenhouse,2026-08-11T22:16:55+00:00,2026-09-07T17:07:01Z
e04a653bcf91ea997f5aa339c8ee7c07,Stripe,"Communities Partner Development Manager, SaaS Platforms",US-Remote,https://stripe.com/jobs/search?gh_jid=8138000,8,Heuristic overlap: 1/20 listed skills and 1/6 locations appeared in the posting.,greenhouse,2026-08-20T16:59:03+00:00,2026-09-07T17:07:01Z
e04a653bcf91ea997f5aa339c8ee7c07,Stripe,"Communities Partner Development Manager, SaaS Platforms",US-Remote,https://stripe.com/jobs/search?gh_jid=8103952,8,Heuristic overlap: 1/20 listed skills and 1/6 locations appeared in the posting.,greenhouse,2026-08-20T16:54:21+00:00,2026-09-07T17:07:01Z
fdb939f64210a13797af9da3c43769ef,Stripe,Company Strategy & Operations,US,https://stripe.com/jobs/search?gh_jid=8070054,3,Heuristic overlap: 1/20 listed skills and 0/6 locations appeared in the posting.,greenhouse,2026-07-16T23:18:29+00:00,2026-09-07T17:07:01Z
1453d456e2daffbf4630e2ee11b803d1,Stripe,Consumer Operations Associate,Mexico City,https://stripe.com/jobs/search?gh_jid=7967890,3,Heuristic overlap: 1/20 listed skills and 0/6 locations appeared in the posting.,greenhouse,2026-07-22T19:16:54+00:00,2026-09-07T17:07:01Z
7ffa642d413101be22b360cb48e3035e,Stripe,"Consumer Operations, Program Manager","New York, NY",https://stripe.com/jobs/search?gh_jid=8074923,0,Heuristic overlap: 0/20 listed skills and 0/6 locations appeared in the posting.,greenhouse,2026-07-20T16:55:00+00:00,2026-09-07T17:07:01Z
9844315f89a748d7274eb47c0c4ea154,Stripe,Contracting Operations Specialist,Bengaluru,https://stripe.com/jobs/search?gh_jid=7994945,8,Heuristic overlap: 1/20 listed skills and 1/6 locations appeared in the posting.,greenhouse,2026-09-05T10:40:38+00:00,2026-09-07T17:07:01Z
7c7833a7e942c34d407569da2169024e,Stripe,Core Business Recruiter (Fixed Term Contract),Chicago,https://stripe.com/jobs/search?gh_jid=8163187,3,Heuristic overlap: 1/20 listed skills and 0/6 locations appeared in the posting.,greenhouse,2026-09-03T15:28:38+00:00,2026-09-07T17:07:01Z
2902f0302e3c5babe5c5e285bac3805b,Stripe,Corporate Accounting,"Seattle, San Francisco ",https://stripe.com/jobs/search?gh_jid=8144924,3,Heuristic overlap: 1/20 listed skills and 0/6 locations appeared in the posting.,greenhouse,2026-08-21T16:25:09+00:00,2026-09-07T17:07:01Z
a3d001b4165f66f3a6635e8301d3fb57,Stripe,Corporate Development M&A Integration Manager,"SF, NYC",https://stripe.com/jobs/search?gh_jid=8065818,3,Heuristic overlap: 1/20 listed skills and 0/6 locations appeared in the posting.,greenhouse,2026-07-16T22:41:16+00:00,2026-09-07T17:07:01Z
fbea32b0c399fed3f5e1dcb58178cc58,Stripe, Credit Risk Operations Associate,Bangalore ,https://stripe.com/jobs/search?gh_jid=8104748,0,Heuristic overlap: 0/20 listed skills and 0/6 locations appeared in the posting.,greenhouse,2026-08-07T08:58:44+00:00,2026-09-07T17:07:01Z
2ac0f4931f6c73a36545cf1ddbf07d42,Stripe,Credit Risk Operations Team Lead,Bengaluru,https://stripe.com/jobs/search?gh_jid=8047791,12,Heuristic overlap: 2/20 listed skills and 1/6 locations appeared in the posting.,greenhouse,2026-08-25T08:18:11+00:00,2026-09-07T17:07:01Z
ae8f9ae593c9affb2373e7a90c8d1dca,Stripe,"Critical Support Operations Associate, Weekend Coverage",N/A,https://stripe.com/jobs/search?gh_jid=8175816,7,Heuristic overlap: 2/20 listed skills and 0/6 locations appeared in the posting.,greenhouse,2026-09-04T06:28:51+00:00,2026-09-07T17:07:01Z
9fe00c76a8c9dbead4d450f3695037ed,Stripe,Customer Success Leader (Greater China),Singapore,https://stripe.com/jobs/search?gh_jid=8175834,7,Heuristic overlap: 2/20 listed skills and 0/6 locations appeared in the posting.,greenhouse,2026-09-03T12:30:15+00:00,2026-09-07T17:07:01Z
e63088f9f58f24042de4432899483dc9,Stripe,"Customer Success Manager, Key Accounts","San Francisco, CA",https://stripe.com/jobs/search?gh_jid=8104481,3,Heuristic overlap: 1/20 listed skills and 0/6 locations appeared in the posting.,greenhouse,2026-08-07T23:36:59+00:00,2026-09-07T17:07:01Z
f65e6d44d7c3f9605f433ada9dacd89d,Stripe,"Customer Success Manager, Radar","Chicago, IL; Atlanta, GA; San Francisco, CA; Seattle, WA; New York, NY",https://stripe.com/jobs/search?gh_jid=8049910,3,Heuristic overlap: 1/20 listed skills and 0/6 locations appeared in the posting.,greenhouse,2026-07-14T03:51:35+00:00,2026-09-07T17:07:01Z
6457d4d6deaec7f0e787c111c23723aa,Stripe,"Data Analyst, Financial Data Engineering",New York,https://stripe.com/jobs/search?gh_jid=8070572,10,Heuristic overlap: 3/20 listed skills and 0/6 locations appeared in the posting.,greenhouse,2026-07-22T16:55:09+00:00,2026-09-07T17:07:01Z
018a122f2afbe2c91326f62188c51b39,Stripe,"Data Analyst, Payments",Singapore,https://stripe.com/jobs/search?gh_jid=8044924,3,Heuristic overlap: 1/20 listed skills and 0/6 locations appeared in the posting.,greenhouse,2026-07-13T08:02:10+00:00,2026-09-07T17:07:01Z
385e4ccac07f62d7f2fd4f131300d73a,Stripe,Data Excellence Manager ,"US Remote, Chicago, SF, Seattle, NYC",https://stripe.com/jobs/search?gh_jid=8106026,8,Heuristic overlap: 1/20 listed skills and 1/6 locations appeared in the posting.,greenhouse,2026-08-31T20:17:50+00:00,2026-09-07T17:07:01Z
0864837461bb9496a8f25a4c01107d68,Stripe,"Data Scientist, Core Infrastructure",Seattle,https://stripe.com/jobs/search?gh_jid=8080614,7,Heuristic overlap: 2/20 listed skills and 0/6 locations appeared in the posting.,greenhouse,2026-07-22T21:45:34+00:00,2026-09-07T17:07:01Z
09e7614acc457ca42064b8f49e4ea5d2,Stripe,"Data Scientist, Fraud",Toronto,https://stripe.com/jobs/search?gh_jid=8113100,3,Heuristic overlap: 1/20 listed skills and 0/6 locations appeared in the posting.,greenhouse,2026-08-06T20:31:14+00:00,2026-09-07T17:07:01Z
854e9b68f5f3fe83af8ab69b7f237726,Stripe,"Data Scientist, Link",Toronto,https://stripe.com/jobs/search?gh_jid=8112966,3,Heuristic overlap: 1/20 listed skills and 0/6 locations appeared in the posting.,greenhouse,2026-08-06T20:09:18+00:00,2026-09-07T17:07:01Z
d25f165b67b026a32f1cb753570b739c,Stripe,Deal Pricing,Mexico City,https://stripe.com/jobs/search?gh_jid=7998031,12,Heuristic overlap: 2/20 listed skills and 1/6 locations appeared in the posting.,greenhouse,2026-07-28T16:42:17+00:00,2026-09-07T17:07:01Z
085f7319015a364fb5aba9cc0f8c8dcb,Stripe,Deal Pricing Strategist,"San Francisco, California",https://stripe.com/jobs/search?gh_jid=8080240,3,Heuristic overlap: 1/20 listed skills and 0/6 locations appeared in the posting.,greenhouse,2026-07-22T19:14:39+00:00,2026-09-07T17:07:01Z
572056dd1edc6f1042252be69af81d7d,Stripe,Deal Strategist,US-Remote,https://stripe.com/jobs/search?gh_jid=7958150,12,Heuristic overlap: 2/20 listed skills and 1/6 locations appeared in the posting.,greenhouse,2026-08-05T16:06:17+00:00,2026-09-07T17:07:01Z
19b48e27b54abcf11fa236f0600bf4cf,Stripe,Deal Strategist (SEA/GCN),Singapore,https://stripe.com/jobs/search?gh_jid=8082905,7,Heuristic overlap: 2/20 listed skills and 0/6 locations appeared in the posting.,greenhouse,2026-08-11T16:26:04+00:00,2026-09-07T17:07:01Z
13e28a3d0fb340bb4a216236caa07b5a,Stripe,"Designer, Web, Presence & Platform",US-Remote,https://stripe.com/jobs/search?gh_jid=8130913,12,Heuristic overlap: 2/20 listed skills and 1/6 locations appeared in the posting.,greenhouse,2026-08-31T16:15:39+00:00,2026-09-07T17:07:01Z
8a858d64c1be3950818cc29938691a99,Stripe,"Design Program Manager, Research Operations",US,https://stripe.com/jobs/search?gh_jid=8155390,7,Heuristic overlap: 2/20 listed skills and 0/6 locations appeared in the posting.,greenhouse,2026-09-01T12:27:46+00:00,2026-09-07T17:07:01Z
13efcb937b3e6e15a18110966afedd2f,Stripe,"Engagement Manager, Professional Services (SEA/GCN)",Singapore,https://stripe.com/jobs/search?gh_jid=8102337,0,Heuristic overlap: 0/20 listed skills and 0/6 locations appeared in the posting.,greenhouse,2026-08-08T17:18:46+00:00,2026-09-07T17:07:01Z
b3e708968d2a493c1ec9d19e5b2a603c,Stripe,"Engineering Manager, Billing Configuration",N/A,https://stripe.com/jobs/search?gh_jid=8172601,0,Heuristic overlap: 0/20 listed skills and 0/6 locations appeared in the posting.,greenhouse,2026-09-02T17:37:46+00:00,2026-09-07T17:07:01Z
b3e708968d2a493c1ec9d19e5b2a603c,Stripe,"Engineering Manager, Billing Configuration",N/A,https://stripe.com/jobs/search?gh_jid=8165515,0,Heuristic overlap: 0/20 listed skills and 0/6 locations appeared in the posting.,greenhouse,2026-08-29T14:45:19+00:00,2026-09-07T17:07:01Z
5181a132a81d81013c1e55d93f4c36af,Stripe,"Engineering Manager, Checkout Optimization",N/A,https://stripe.com/jobs/search?gh_jid=8161567,3,Heuristic overlap: 1/20 listed skills and 0/6 locations appeared in the posting.,greenhouse,2026-08-28T18:26:48+00:00,2026-09-07T17:07:01Z
b8687564db5e85978ae8c6aab520aea2,Stripe,"Engineering Manager, Infrastructure","Seattle, San Francisco, New York City",https://stripe.com/jobs/search?gh_jid=8128496,10,Heuristic overlap: 3/20 listed skills and 0/6 locations appeared in the posting.,greenhouse,2026-08-13T17:29:57+00:00,2026-09-07T17:07:01Z
8416b73057b7b8e1574dace81b796fee,Stripe,"Engineering Manager, Machine Learning - Fraud Detection",N/A,https://stripe.com/jobs/search?gh_jid=8069506,8,Heuristic overlap: 1/20 listed skills and 1/6 locations appeared in the posting.,greenhouse,2026-07-16T17:23:32+00:00,2026-09-07T17:07:01Z
387f56682155cce6c3d05b2bb76c0028,Stripe,"Engineering Manager, Payments",Singapore,https://stripe.com/jobs/search?gh_jid=8104767,0,Heuristic overlap: 0/20 listed skills and 0/6 locations appeared in the posting.,greenhouse,2026-08-04T05:21:43+00:00,2026-09-07T17:07:01Z
57cbd535efa48d00c8a3c16f9e5c4661,Stripe,"Engineering Manager, Product & Business",US- AMER,https://stripe.com/jobs/search?gh_jid=8174496,0,Heuristic overlap: 0/20 listed skills and 0/6 locations appeared in the posting.,greenhouse,2026-09-02T18:36:43+00:00,2026-09-07T17:07:01Z
73f95e27681c87aefa2751595e29d518,Stripe,Enterprise Account Executive -Grower,Sydney or Melbourne,https://stripe.com/jobs/search?gh_jid=8102346,0,Heuristic overlap: 0/20 listed skills and 0/6 locations appeared in the posting.,greenhouse,2026-08-07T00:20:27+00:00,2026-09-07T17:07:01Z
3b61ebd3b9dbcb12e03a5ec29338f667,Stripe,Enterprise Account Executive - Hunter,Auckland,https://stripe.com/jobs/search?gh_jid=8109607,3,Heuristic overlap: 1/20 listed skills and 0/6 locations appeared in the posting.,greenhouse,2026-08-11T00:42:07+00:00,2026-09-07T17:07:01Z
280bf33abd28f6cdc3cf13b7bd6e13e5,Stripe,"Enterprise Account Executive, Revenue Suite",Sydney,https://stripe.com/jobs/search?gh_jid=8029128,7,Heuristic overlap: 2/20 listed skills and 0/6 locations appeared in the posting.,greenhouse,2026-07-16T05:35:20+00:00,2026-09-07T17:07:01Z
611d1d59b459610d115addc904f33bda,Stripe,"Enterprise Services Manager, Professional Services Sales","SF, Seattle, NYC, Chicago",https://stripe.com/jobs/search?gh_jid=8155639,3,Heuristic overlap: 1/20 listed skills and 0/6 locations appeared in the posting.,greenhouse,2026-08-26T17:34:05+00:00,2026-09-07T17:07:01Z
a5715282606e9cde8b16a2fb41f9fa07,Stripe,"Enterprise Services Manager, Professional Services Sales (SEA/GCN)",Singapore,https://stripe.com/jobs/search?gh_jid=8163198,7,Heuristic overlap: 2/20 listed skills and 0/6 locations appeared in the posting.,greenhouse,2026-08-28T19:18:49+00:00,2026-09-07T17:07:01Z
d3629ad0eb7c3b138622eaf75df2a181,Stripe,Enterprise Support Specialist,Singapore,https://stripe.com/jobs/search?gh_jid=8141829,3,Heuristic overlap: 1/20 listed skills and 0/6 locations appeared in the posting.,greenhouse,2026-08-27T04:05:15+00:00,2026-09-07T17:07:01Z
6ddf740bcb20fc066e4c7ed19e77e691,Stripe,Entity Controller,Dublin,https://stripe.com/jobs/search?gh_jid=8070480,3,Heuristic overlap: 1/20 listed skills and 0/6 locations appeared in the posting.,greenhouse,2026-07-17T13:42:07+00:00,2026-09-07T17:07:01Z
b24f52fa76b035be9372197d36ed32b8,Stripe,European R&D Incentives Lead,Dublin,https://stripe.com/jobs/search?gh_jid=8154302,3,Heuristic overlap: 1/20 listed skills and 0/6 locations appeared in the posting.,greenhouse,2026-08-25T07:17:24+00:00,2026-09-07T17:07:01Z
90eec6b4297fd3d7343f415dc07254fb,Stripe,"Financial Analyst, Business F&S",Bengaluru,https://stripe.com/jobs/search?gh_jid=8066264,12,Heuristic overlap: 2/20 listed skills and 1/6 locations appeared in the posting.,greenhouse,2026-07-15T05:44:23+00:00,2026-09-07T17:07:01Z
17400758e93c55cf1106aa69ec1f9101,Stripe,Financial Connections TechOps Manager,"Toronto, Ontario, Canada",https://stripe.com/jobs/search?gh_jid=8079918,7,Heuristic overlap: 2/20 listed skills and 0/6 locations appeared in the posting.,greenhouse,2026-07-23T19:02:05+00:00,2026-09-07T17:07:01Z
edf70a6aa21ece601fa9674671134799,Stripe,Firmware Engineer,Taipei City,https://stripe.com/jobs/search?gh_jid=8040825,10,Heuristic overlap: 3/20 listed skills and 0/6 locations appeared in the posting.,greenhouse,2026-07-22T05:52:11+00:00,2026-09-07T17:07:01Z
0905f50886be6d305d4e6310214f9d37,Stripe,Food Experience Manager ,San Francisco,https://stripe.com/jobs/search?gh_jid=8083966,7,Heuristic overlap: 2/20 listed skills and 0/6 locations appeared in the posting.,greenhouse,2026-07-27T15:15:59+00:00,2026-09-07T17:07:01Z
16e90a4743f7eae3e1c552df631f73eb,Stripe,"Forward Deployed AI Accelerator, Marketing","Remote in the US, Remote in Canada",https://stripe.com/jobs/search?gh_jid=8055930,12,Heuristic overlap: 2/20 listed skills and 1/6 locations appeared in the posting.,greenhouse,2026-07-13T23:29:13+00:00,2026-09-07T17:07:01Z
d5fe4d84df739cfebdbae17a89fcfbdc,Stripe,Forward Deployed Security Engineer,Dublin,https://stripe.com/jobs/search?gh_jid=8181003,10,Heuristic overlap: 3/20 listed skills and 0/6 locations appeared in the posting.,greenhouse,2026-09-06T15:22:28+00:00,2026-09-07T17:07:01Z
99dc459d38167b959d05ebd6655a9365,Stripe,Fraud Operations Associate (Mandarin Speaking),Bengaluru,https://stripe.com/jobs/search?gh_jid=8076652,8,Heuristic overlap: 1/20 listed skills and 1/6 locations appeared in the posting.,greenhouse,2026-07-30T07:02:58+00:00,2026-09-07T17:07:01Z
dfc2faed1ed7ab8a39fe272973bded72,Stripe,Fraud Operations Team Lead,Bengaluru,https://stripe.com/jobs/search?gh_jid=8063857,8,Heuristic overlap: 1/20 listed skills and 1/6 locations appeared in the posting.,greenhouse,2026-07-14T10:03:17+00:00,2026-09-07T17:07:01Z
df2ea8476eacbdcbca723d62a2eb8c6c,Stripe,Fraud Strategist,LOCATION,https://stripe.com/jobs/search?gh_jid=8112448,7,Heuristic overlap: 2/20 listed skills and 0/6 locations appeared in the posting.,greenhouse,2026-08-21T22:30:07+00:00,2026-09-07T17:07:01Z
ec1e21a8e6b93900ae1a9a3b56f79e8b,Stripe,F&S COE Manager,Bengaluru,https://stripe.com/jobs/search?gh_jid=8131132,12,Heuristic overlap: 2/20 listed skills and 1/6 locations appeared in the posting.,greenhouse,2026-08-17T05:26:41+00:00,2026-09-07T17:07:01Z
8220ee05cbdec632b5e08316510f952d,Stripe,"Full Stack Engineer, Bridge","San Francisco, NYC",https://stripe.com/jobs/search?gh_jid=8142764,3,Heuristic overlap: 1/20 listed skills and 0/6 locations appeared in the posting.,greenhouse,2026-08-20T23:35:00+00:00,2026-09-07T17:07:01Z
d66f472102679dc8ae93930d80704fc4,Stripe,"Full Stack Engineer, Enterprise & Ecosystem",N/A,https://stripe.com/jobs/search?gh_jid=8118929,0,Heuristic overlap: 0/20 listed skills and 0/6 locations appeared in the posting.,greenhouse,2026-08-17T15:59:47+00:00,2026-09-07T17:07:01Z
c191662855f0bf28d4d083e21978410e,Stripe,"Full Stack Engineer, Link","New York, New York",https://stripe.com/jobs/search?gh_jid=8062305,7,Heuristic overlap: 2/20 listed skills and 0/6 locations appeared in the posting.,greenhouse,2026-07-13T23:11:57+00:00,2026-09-07T17:07:01Z
5174e959dfd57ed524c2badcb28a9829,Stripe,"Global Partnerships Lead — Greater China, Hong Kong & Singapore",Singapore,https://stripe.com/jobs/search?gh_jid=8146053,7,Heuristic overlap: 2/20 listed skills and 0/6 locations appeared in the posting.,greenhouse,2026-08-24T01:56:05+00:00,2026-09-07T17:07:01Z
426dc60f7c99d73d8d62a51881b4fbc8,Stripe,"Growth Marketing Manager, Greater China",Singapore,https://stripe.com/jobs/search?gh_jid=8078168,10,Heuristic overlap: 3/20 listed skills and 0/6 locations appeared in the posting.,greenhouse,2026-07-29T01:53:01+00:00,2026-09-07T17:07:01Z
3c389a68bcffb4269251133fcfe6e720,Stripe,GTM Business Value Specialist,"Chicago, New York, San Francisco",https://stripe.com/jobs/search?gh_jid=8097047,14,Heuristic overlap: 4/20 listed skills and 0/6 locations appeared in the posting.,greenhouse,2026-08-05T18:05:00+00:00,2026-09-07T17:07:01Z
197d24f5845690806e32f2dad619371c,Stripe,GTM Recruiter,"Dublin, London",https://stripe.com/jobs/search?gh_jid=8141450,7,Heuristic overlap: 2/20 listed skills and 0/6 locations appeared in the posting.,greenhouse,2026-08-19T14:26:35+00:00,2026-09-07T17:07:01Z
1cbb2c5c5ce18d8a0323db9e050e22f8,Stripe,"GTM Recruiter, APAC (Fixed Term Contract)",Singapore,https://stripe.com/jobs/search?gh_jid=8141453,7,Heuristic overlap: 2/20 listed skills and 0/6 locations appeared in the posting.,greenhouse,2026-08-24T04:22:58+00:00,2026-09-07T17:07:01Z
5dcc3d8ddcb02b0e24be3ad2a7cac722,Stripe,GTM Strategy & Operations Analyst,"New York, NY",https://stripe.com/jobs/search?gh_jid=8145119,3,Heuristic overlap: 1/20 listed skills and 0/6 locations appeared in the posting.,greenhouse,2026-08-20T19:44:20+00:00,2026-09-07T17:07:01Z
8cf2f8d1bf9dbe0c696a364c0fcc6ffd,Stripe,Head of AEO & SEO,"US Remote; Chicago, Atlanta, Canada",https://stripe.com/jobs/search?gh_jid=8128634,8,Heuristic overlap: 1/20 listed skills and 1/6 locations appeared in the posting.,greenhouse,2026-08-13T21:08:27+00:00,2026-09-07T17:07:01Z
3e6d4d14ae1f44244d8263cca2a9b82d,Stripe,Head of Brand Studio Operations,US,https://stripe.com/jobs/search?gh_jid=8014382,10,Heuristic overlap: 3/20 listed skills and 0/6 locations appeared in the posting.,greenhouse,2026-08-25T03:48:56+00:00,2026-09-07T17:07:01Z
b7edc73493e0bf83b1618728767326ea,Stripe,Head of Enterprise Sales,New York,https://stripe.com/jobs/search?gh_jid=8100129,3,Heuristic overlap: 1/20 listed skills and 0/6 locations appeared in the posting.,greenhouse,2026-08-05T21:39:11+00:00,2026-09-07T17:07:01Z
e258f99c02b9adb285eb9b2e83923bc9,Stripe,Head of Marketing Operations,"San Francisco, New York, Seattle, Chicago, Atlanta, Toronto, Remote in the US, Remote in Canada",https://stripe.com/jobs/search?gh_jid=8065643,8,Heuristic overlap: 1/20 listed skills and 1/6 locations appeared in the posting.,greenhouse,2026-07-14T21:45:34+00:00,2026-09-07T17:07:01Z
07ef788d5224934f078bf59d1f7beadc,Stripe,"Head of Marketing, Southeast Asia",Singapore,https://stripe.com/jobs/search?gh_jid=8059299,10,Heuristic overlap: 3/20 listed skills and 0/6 locations appeared in the posting.,greenhouse,2026-07-16T01:41:40+00:00,2026-09-07T17:07:01Z
67992841be5a68e0f2daf7116572069c,Stripe,"Head of Money Management, Finance & Strategy ","Seattle, San Francisco, New York, Chicago ",https://stripe.com/jobs/search?gh_jid=8154531,14,Heuristic overlap: 4/20 listed skills and 0/6 locations appeared in the posting.,greenhouse,2026-08-26T19:13:50+00:00,2026-09-07T17:07:01Z
f23a287765a025af39f0954e1ab5f729,Stripe,"Head of Sales, Billing","New York, San Francisco, Chicago, Seattle",https://stripe.com/jobs/search?gh_jid=8156998,7,Heuristic overlap: 2/20 listed skills and 0/6 locations appeared in the posting.,greenhouse,2026-08-27T15:17:45+00:00,2026-09-07T17:07:01Z
bd4089409e1bd41ca9c05ee3d9a39321,Stripe,Head of Self-Serve Paid Media,"San Francisco, New York, Seattle, Chicago, Atlanta, Remote in the US, Toronto, Remote in Canada",https://stripe.com/jobs/search?gh_jid=8068521,8,Heuristic overlap: 1/20 listed skills and 1/6 locations appeared in the posting.,greenhouse,2026-07-21T00:55:32+00:00,2026-09-07T17:07:01Z
9f589dd399b682404bcc232ee6e29a25,Stripe,Head of Startup Sales (Grower) - AMER,San Francisco,https://stripe.com/jobs/search?gh_jid=8110416,3,Heuristic overlap: 1/20 listed skills and 0/6 locations appeared in the posting.,greenhouse,2026-08-11T21:12:37+00:00,2026-09-07T17:07:01Z
9365487c5251c40384557285779ddac7,Stripe,"Head of Strategic Risk Programs, New Markets",Singapore,https://stripe.com/jobs/search?gh_jid=8076108,3,Heuristic overlap: 1/20 listed skills and 0/6 locations appeared in the posting.,greenhouse,2026-07-21T07:15:30+00:00,2026-09-07T17:07:01Z
b903f61cf9a0fecb408ff37355019dad,Stripe,"Integrated Campaigns Manager - Stablecoins, Crypto, and Bridge","US, Remote",https://stripe.com/jobs/search?gh_jid=8067276,12,Heuristic overlap: 2/20 listed skills and 1/6 locations appeared in the posting.,greenhouse,2026-07-15T16:38:40+00:00,2026-09-07T17:07:01Z
11988095c16907587bd6c21668983651,Stripe,"Integration Engineer, Metronome",Remote,https://stripe.com/jobs/search?gh_jid=8080454,8,Heuristic overlap: 1/20 listed skills and 1/6 locations appeared in the posting.,greenhouse,2026-08-18T13:25:04+00:00,2026-09-07T17:07:01Z
a4e220bdfed6ac070009680625f836ed,Stripe,"Integration Engineer, Metronome ",London,https://stripe.com/jobs/search?gh_jid=8171222,3,Heuristic overlap: 1/20 listed skills and 0/6 locations appeared in the posting.,greenhouse,2026-09-02T14:38:07+00:00,2026-09-07T17:07:01Z
82fec2b47788be2bdbee78b4f455d7e3,Stripe,"Integration Engineer, SEA/GCN",Singapore,https://stripe.com/jobs/search?gh_jid=8053417,3,Heuristic overlap: 1/20 listed skills and 0/6 locations appeared in the posting.,greenhouse,2026-07-17T10:28:28+00:00,2026-09-07T17:07:01Z
ab5ab6a97bcaac4f56fe156f4318546d,Stripe,"Integration Reliability Engineer, Payments",Canada ,https://stripe.com/jobs/search?gh_jid=8054241,7,Heuristic overlap: 2/20 listed skills and 0/6 locations appeared in the posting.,greenhouse,2026-07-22T00:04:24+00:00,2026-09-07T17:07:01Z
4bd006d27d0661cef7a5d1f2e8bb52ca,Stripe,"Internal Audit - Regulatory Lead, EMEA",London,https://stripe.com/jobs/search?gh_jid=8174610,7,Heuristic overlap: 2/20 listed skills and 0/6 locations appeared in the posting.,greenhouse,2026-09-03T08:55:03+00:00,2026-09-07T17:07:01Z
bd087ce6d425d4f5b25078f2a14fccd2,Stripe,Investigator ,US Remote ,https://stripe.com/jobs/search?gh_jid=8172491,12,Heuristic overlap: 2/20 listed skills and 1/6 locations appeared in the posting.,greenhouse,2026-09-04T15:26:03+00:00,2026-09-07T17:07:01Z
74a883edee6ff250dacb1e5929b23130,Stripe,IT SOX Controls Specialist,"SEA, SF, NYC",https://stripe.com/jobs/search?gh_jid=8114514,3,Heuristic overlap: 1/20 listed skills and 0/6 locations appeared in the posting.,greenhouse,2026-08-07T20:54:29+00:00,2026-09-07T17:07:01Z
1f6171c3f9b3bc3af16a1e021bfa771d,Stripe,IT Support Engineer,Dublin,https://stripe.com/jobs/search?gh_jid=8096788,12,Heuristic overlap: 2/20 listed skills and 1/6 locations appeared in the posting.,greenhouse,2026-07-31T08:45:04+00:00,2026-09-07T17:07:01Z
d41ba5e3dd5258ef612a3c0e7761ebdc,Stripe,Legal Operations Team Lead,Bengaluru,https://stripe.com/jobs/search?gh_jid=8111799,8,Heuristic overlap: 1/20 listed skills and 1/6 locations appeared in the posting.,greenhouse,2026-08-11T10:43:23+00:00,2026-09-07T17:07:01Z
c3d8389703e5e5591177dbeafa7f27e0,Stripe,"Lifecycle Marketing Manager, Capital","Remote, US",https://stripe.com/jobs/search?gh_jid=8082149,5,Heuristic overlap: 0/20 listed skills and 1/6 locations appeared in the posting.,greenhouse,2026-07-24T10:08:35+00:00,2026-09-07T17:07:01Z
b36f860a689562071d3f1139905cd46e,Stripe,Machine Learning Engineer,"South San Francisco, CA",https://stripe.com/jobs/search?gh_jid=8137997,0,Heuristic overlap: 0/20 listed skills and 0/6 locations appeared in the posting.,greenhouse,2026-08-17T22:06:29+00:00,2026-09-07T17:07:01Z
dc75bf5411dd9bdd3acfbcb03df3e4bd,Stripe,Machine Learning Engineer,Toronto,https://stripe.com/jobs/search?gh_jid=8014859,0,Heuristic overlap: 0/20 listed skills and 0/6 locations appeared in the posting.,greenhouse,2026-07-10T21:00:11+00:00,2026-09-07T17:07:01Z
58e40c5aaf43b02495501a5a4eb00b57,Stripe,"Manager, Administrative Coordinator Program",US-remote,https://stripe.com/jobs/search?gh_jid=8069155,12,Heuristic overlap: 2/20 listed skills and 1/6 locations appeared in the posting.,greenhouse,2026-07-16T17:53:32+00:00,2026-09-07T17:07:01Z
13937b01f7066fbb60f3a05ff95273fb,Stripe,"Manager, Competitive Programs","NYC, Seattle, SF, Remote",https://stripe.com/jobs/search?gh_jid=8175671,16,Heuristic overlap: 3/20 listed skills and 1/6 locations appeared in the posting.,greenhouse,2026-09-04T21:20:50+00:00,2026-09-07T17:07:01Z
df0854ef53d59c26b9312ba82e0981e4,Stripe,"Manager, Risk Operations Technology Programs",United States,https://stripe.com/jobs/search?gh_jid=8138302,7,Heuristic overlap: 2/20 listed skills and 0/6 locations appeared in the posting.,greenhouse,2026-08-18T14:49:23+00:00,2026-09-07T17:07:01Z
538457d92b109c8bcdc7a1656c8a5d57,Stripe,"Manager, Solution Architecture Platforms","South San Francisco, CA , New York, NY",https://stripe.com/jobs/search?gh_jid=8104302,3,Heuristic overlap: 1/20 listed skills and 0/6 locations appeared in the posting.,greenhouse,2026-08-05T21:06:13+00:00,2026-09-07T17:07:01Z
b7f7c615502497a06ebf2c7481ec0d83,Stripe,"Manager, Solutions Architecture- Enterprise Hunter","New York, NY",https://stripe.com/jobs/search?gh_jid=8163542,3,Heuristic overlap: 1/20 listed skills and 0/6 locations appeared in the posting.,greenhouse,2026-09-01T20:53:53+00:00,2026-09-07T17:07:01Z
4fbfb63467757f9211346e12099bd77b,Stripe,"Manager, Technical Account Management",Toronto,https://stripe.com/jobs/search?gh_jid=8154304,10,Heuristic overlap: 3/20 listed skills and 0/6 locations appeared in the posting.,greenhouse,2026-09-04T14:21:01+00:00,2026-09-07T17:07:01Z
13b80dd714d6cd05dd90574cc4fc3b3a,Stripe,"Manager, Technical Account Management",San Francisco or Seattle,https://stripe.com/jobs/search?gh_jid=8152136,10,Heuristic overlap: 3/20 listed skills and 0/6 locations appeared in the posting.,greenhouse,2026-09-04T19:01:59+00:00,2026-09-07T17:07:01Z
37bc5fb35b995716fc3f71f18b72fd6a,Stripe,Marketing Services Program Manager,Bangalore,https://stripe.com/jobs/search?gh_jid=8069943,7,Heuristic overlap: 2/20 listed skills and 0/6 locations appeared in the posting.,greenhouse,2026-08-14T02:47:21+00:00,2026-09-07T17:07:01Z
4724454eb5bb8bc39be584d2591d4c74,Stripe,Monetization Operations Analyst,"Seattle, WA",https://stripe.com/jobs/search?gh_jid=8109554,3,Heuristic overlap: 1/20 listed skills and 0/6 locations appeared in the posting.,greenhouse,2026-08-05T18:17:51+00:00,2026-09-07T17:07:01Z
9d15c273b18cd87e405e55542940b796,Stripe,"Operations Associate, Apprenticeship",Bengaluru,https://stripe.com/jobs/search?gh_jid=8131339,8,Heuristic overlap: 1/20 listed skills and 1/6 locations appeared in the posting.,greenhouse,2026-09-01T04:50:45+00:00,2026-09-07T17:07:01Z
f751ada27d625b0870be8fa16da1cefe,Stripe,"Operations Associate, Financial Crimes EDD/PEP",Bangalore ,https://stripe.com/jobs/search?gh_jid=8102597,0,Heuristic overlap: 0/20 listed skills and 0/6 locations appeared in the posting.,greenhouse,2026-08-26T09:59:47+00:00,2026-09-07T17:07:01Z
73b30afb0411b9520715382445320e21,Stripe,Operations Associate - Managed Support (Includes Weekend Rotation),Mexico City,https://stripe.com/jobs/search?gh_jid=8093103,3,Heuristic overlap: 1/20 listed skills and 0/6 locations appeared in the posting.,greenhouse,2026-08-26T11:16:22+00:00,2026-09-07T17:07:01Z
5fd4c93d01be44d8a7a5ef78831efa2a,Stripe,"Operations Associate, Sanctions",Bengaluru,https://stripe.com/jobs/search?gh_jid=8098394,5,Heuristic overlap: 0/20 listed skills and 1/6 locations appeared in the posting.,greenhouse,2026-08-03T09:39:06+00:00,2026-09-07T17:07:01Z
839aee102388b1e2ad82cd1b63e7f157,Stripe,"Operations Program Manager, Tax",US Remote,https://stripe.com/jobs/search?gh_jid=8109426,8,Heuristic overlap: 1/20 listed skills and 1/6 locations appeared in the posting.,greenhouse,2026-08-05T18:22:39+00:00,2026-09-07T17:07:01Z
f9443e5672ff781ce32bf2efc04517ea,Stripe,Partner Development Manager,Mexico,https://stripe.com/jobs/search?gh_jid=8096790,7,Heuristic overlap: 2/20 listed skills and 0/6 locations appeared in the posting.,greenhouse,2026-08-14T12:27:42+00:00,2026-09-07T17:07:01Z
cda1a439905da601d8c8b928166a33fb,Stripe,Partner Development Manager,London,https://stripe.com/jobs/search?gh_jid=8104427,3,Heuristic overlap: 1/20 listed skills and 0/6 locations appeared in the posting.,greenhouse,2026-08-10T15:04:38+00:00,2026-09-07T17:07:01Z
678d52350c3bd41a6aacf863dd97ebc1,Stripe,"Partner Development Manager, Alliances and Channels",US-Remote,https://stripe.com/jobs/search?gh_jid=8165267,12,Heuristic overlap: 2/20 listed skills and 1/6 locations appeared in the posting.,greenhouse,2026-09-04T21:39:06+00:00,2026-09-07T17:07:01Z
a4678af78ab6cc846470a90246e5138e,Stripe,"Partner Development Manager, Global Money Management",US-NYC; US-San Francisco,https://stripe.com/jobs/search?gh_jid=8143073,3,Heuristic overlap: 1/20 listed skills and 0/6 locations appeared in the posting.,greenhouse,2026-08-27T15:53:52+00:00,2026-09-07T17:07:01Z
840a4c2ae3b4bb5d6b284c82a1466fa4,Stripe,"Partner Development Manager, Link - Payments Partnerships",US-NYC; US-San Francisco; US-Seattle; US-Remote; US- Chicago; US-Atlanta; Canada-Toronto; Canada-Remote,https://stripe.com/jobs/search?gh_jid=8090126,16,Heuristic overlap: 3/20 listed skills and 1/6 locations appeared in the posting.,greenhouse,2026-07-30T19:08:54+00:00,2026-09-07T17:07:01Z
bd37ed9c9ed6b28bcffac6437b8b0e68,Stripe,Partner Development Manager- Platforms,Dublin,https://stripe.com/jobs/search?gh_jid=8139202,3,Heuristic overlap: 1/20 listed skills and 0/6 locations appeared in the posting.,greenhouse,2026-08-18T15:06:55+00:00,2026-09-07T17:07:01Z
a485e6556b117967d38b4724711219e5,Stripe,"Partner Development Manager, Strategic Partnerships",US-NYC; US-San Francisco; US-Seattle; US-Remote; US- Chicago; US-Atlanta; Canada-Toronto; Canada-Remote,https://stripe.com/jobs/search?gh_jid=8094869,12,Heuristic overlap: 2/20 listed skills and 1/6 locations appeared in the posting.,greenhouse,2026-07-29T19:07:53+00:00,2026-09-07T17:07:01Z
e1170c47d4bc7657532f1be723fb82a6,Stripe,"Partner Development Manager, Strategic Payment Partnerships",US-San Francisco; US-New York City; US-Seattle; US-Remote; US-Chicago; CA-Toronto; CA-Remote,https://stripe.com/jobs/search?gh_jid=8155164,8,Heuristic overlap: 1/20 listed skills and 1/6 locations appeared in the posting.,greenhouse,2026-08-25T15:54:31+00:00,2026-09-07T17:07:01Z
8bc7707b2787651f386b4b881c98883c,Stripe,Payments Performance Strategist (Greater China),Singapore,https://stripe.com/jobs/search?gh_jid=8068669,7,Heuristic overlap: 2/20 listed skills and 0/6 locations appeared in the posting.,greenhouse,2026-07-16T03:48:19+00:00,2026-09-07T17:07:01Z
df942d355e8e937619a5953e4914c384,Stripe,People Analytics Analyst & Business Partner,"Dublin, London",https://stripe.com/jobs/search?gh_jid=8069694,7,Heuristic overlap: 2/20 listed skills and 0/6 locations appeared in the posting.,greenhouse,2026-07-27T16:23:06+00:00,2026-09-07T17:07:01Z
3b3f992ee316341e477e6c5c9ca8faf3,Stripe,People Project Manager,"US-Remote, Atlanta, Chicago",https://stripe.com/jobs/search?gh_jid=8039954,12,Heuristic overlap: 2/20 listed skills and 1/6 locations appeared in the posting.,greenhouse,2026-07-16T15:42:39+00:00,2026-09-07T17:07:01Z
c2e08cfa643f249262bb3899fa1aa5be,Stripe,Privacy Operations Program Manager,"Dublin, London",https://stripe.com/jobs/search?gh_jid=8094087,3,Heuristic overlap: 1/20 listed skills and 0/6 locations appeared in the posting.,greenhouse,2026-07-31T14:11:17+00:00,2026-09-07T17:07:01Z
085b1609762a0632ba0dfe59892592d8,Stripe,Processing cost Analyst,IN-Bengaluru,https://stripe.com/jobs/search?gh_jid=8177636,8,Heuristic overlap: 1/20 listed skills and 1/6 locations appeared in the posting.,greenhouse,2026-09-07T06:53:44+00:00,2026-09-07T17:07:01Z
0ea315accb87a29dba7c677a734ff8ec,Stripe,"Product Analytics - Developer Experience, Bridge",N/A,https://stripe.com/jobs/search?gh_jid=8139998,14,Heuristic overlap: 4/20 listed skills and 0/6 locations appeared in the posting.,greenhouse,2026-08-18T19:01:07+00:00,2026-09-07T17:07:01Z
88de2ff01d4f61ae94f181c262dcbad2,Stripe,Product Communications: crypto products,SF,https://stripe.com/jobs/search?gh_jid=8089358,7,Heuristic overlap: 2/20 listed skills and 0/6 locations appeared in the posting.,greenhouse,2026-08-05T21:56:17+00:00,2026-09-07T17:07:01Z
b186ff082b028c3cc4fd065177f64d08,Stripe,Product Counsel,US remote,https://stripe.com/jobs/search?gh_jid=8089069,8,Heuristic overlap: 1/20 listed skills and 1/6 locations appeared in the posting.,greenhouse,2026-07-27T20:39:34+00:00,2026-09-07T17:07:01Z
e52d32db5aee5b5f95a47cf2ab9c3497,Stripe,Product Counsel (Money Movement Legal - APAC) ,Singapore,https://stripe.com/jobs/search?gh_jid=8125473,7,Heuristic overlap: 2/20 listed skills and 0/6 locations appeared in the posting.,greenhouse,2026-08-13T06:16:28+00:00,2026-09-07T17:07:01Z
82d291164a63a605f8094acfa6259e9d,Stripe,"Product Designer, Growth","New York, NY ",https://stripe.com/jobs/search?gh_jid=8164479,3,Heuristic overlap: 1/20 listed skills and 0/6 locations appeared in the posting.,greenhouse,2026-08-28T17:29:15+00:00,2026-09-07T17:07:01Z
15d7751f6d487a849b8b954c472ed0d3,Stripe,"Product Designer, Link",US / Canada,https://stripe.com/jobs/search?gh_jid=8155002,3,Heuristic overlap: 1/20 listed skills and 0/6 locations appeared in the posting.,greenhouse,2026-08-24T19:46:34+00:00,2026-09-07T17:07:01Z
d6e7629a6a53fbcaa6e45d81b2105d41,Stripe,"Product Design Manager, Global Payments",United Kingdom,https://stripe.com/jobs/search?gh_jid=8096726,7,Heuristic overlap: 2/20 listed skills and 0/6 locations appeared in the posting.,greenhouse,2026-08-05T08:59:36+00:00,2026-09-07T17:07:01Z
1933bfdf4c41b8d9a3faddefe29f2ca5,Stripe,"Product Manager, Cash Platform",New York ,https://stripe.com/jobs/search?gh_jid=8064900,5,Heuristic overlap: 0/20 listed skills and 1/6 locations appeared in the posting.,greenhouse,2026-07-14T17:26:56+00:00,2026-09-07T17:07:01Z
7a79fafefc5d3ac8076e30297276f763,Stripe,"Product Manager, E-Invoicing","Dublin, Ireland",https://stripe.com/jobs/search?gh_jid=8041655,10,Heuristic overlap: 3/20 listed skills and 0/6 locations appeared in the posting.,greenhouse,2026-07-15T11:01:45+00:00,2026-09-07T17:07:01Z
2128fb966f36e7807bfc62e77f842596,Stripe,"Product Manager, Hardware","San Francisco, Seattle",https://stripe.com/jobs/search?gh_jid=7586413,3,Heuristic overlap: 1/20 listed skills and 0/6 locations appeared in the posting.,greenhouse,2026-09-04T16:55:44+00:00,2026-09-07T17:07:01Z
5ff8f53b01338bdc49384a2b62d873b1,Stripe,"Product Manager, Identity & Access Management","US-Remote, US-Chicago",https://stripe.com/jobs/search?gh_jid=8165137,5,Heuristic overlap: 0/20 listed skills and 1/6 locations appeared in the posting.,greenhouse,2026-08-28T20:31:07+00:00,2026-09-07T17:07:01Z
31ba9b3b4c9a7398d88674d9361773a3,Stripe,"Product Manager, Professional Services","Dublin, London",https://stripe.com/jobs/search?gh_jid=8007692,7,Heuristic overlap: 2/20 listed skills and 0/6 locations appeared in the posting.,greenhouse,2026-08-20T08:29:45+00:00,2026-09-07T17:07:01Z
ea17cb9b0f2f90fff6e4663f52f45fe5,Stripe,"Product Manager, Strategic Apps",Seattle,https://stripe.com/jobs/search?gh_jid=8122188,3,Heuristic overlap: 1/20 listed skills and 0/6 locations appeared in the posting.,greenhouse,2026-08-14T19:07:08+00:00,2026-09-07T17:07:01Z
6e029f6ceb5765e0f9aa168d9aa203ab,Stripe,"Product Manager, Support Experience ","Dublin, Ireland ",https://stripe.com/jobs/search?gh_jid=8143563,3,Heuristic overlap: 1/20 listed skills and 0/6 locations appeared in the posting.,greenhouse,2026-08-21T13:35:21+00:00,2026-09-07T17:07:01Z
df7b7e1b85f2023340fd10ae35f35555,Stripe,"Product Marketing Lead, Billing",US / Canada,https://stripe.com/jobs/search?gh_jid=8090203,3,Heuristic overlap: 1/20 listed skills and 0/6 locations appeared in the posting.,greenhouse,2026-07-31T16:19:23+00:00,2026-09-07T17:07:01Z
7352a2b9bc4021ebbfb074dc60c504d6,Stripe,"Product Marketing Manager, Bridge/Stablecoins","NYC, San Francisco, Seattle",https://stripe.com/jobs/search?gh_jid=8152994,3,Heuristic overlap: 1/20 listed skills and 0/6 locations appeared in the posting.,greenhouse,2026-08-24T13:24:53+00:00,2026-09-07T17:07:01Z
4ed5785cfb84e899e05dcafcf524aa89,Stripe,"Product Marketing Manager, Payments","Remote in the US, Chicago, Toronto",https://stripe.com/jobs/search?gh_jid=8142770,12,Heuristic overlap: 2/20 listed skills and 1/6 locations appeared in the posting.,greenhouse,2026-08-19T20:38:49+00:00,2026-09-07T17:07:01Z
0be416e62a9bc3e9c1a1711d05d2eb1b,Stripe,"Product Marketing Manager, Startup Segment","San Francisco, Seattle, NYC, Chicago, Remote in the US, Toronto",https://stripe.com/jobs/search?gh_jid=8097731,8,Heuristic overlap: 1/20 listed skills and 1/6 locations appeared in the posting.,greenhouse,2026-07-30T21:24:27+00:00,2026-09-07T17:07:01Z
31c12a4ecc61fb644a27a5ed7d34e905,Stripe,Product Sales Development Representative (Mandarin-speaking),Singapore,https://stripe.com/jobs/search?gh_jid=8179341,3,Heuristic overlap: 1/20 listed skills and 0/6 locations appeared in the posting.,greenhouse,2026-09-07T05:55:28+00:00,2026-09-07T17:07:01Z
255ea5cd1fbe94f536b29c90d7920a4b,Stripe,Product Strategy & Operations APAC,Singapore,https://stripe.com/jobs/search?gh_jid=8081423,7,Heuristic overlap: 2/20 listed skills and 0/6 locations appeared in the posting.,greenhouse,2026-07-27T09:53:22+00:00,2026-09-07T17:07:01Z
6b90af7f6daea8e159e07e7e1420a708,Stripe,Product Strategy & Operations - Global Product,"US-SF, US-Seattle, US-NYC, US-Atlanta, US-Chicago",https://stripe.com/jobs/search?gh_jid=8177640,7,Heuristic overlap: 2/20 listed skills and 0/6 locations appeared in the posting.,greenhouse,2026-09-03T17:17:12+00:00,2026-09-07T17:07:01Z
3ad85a2f82887b8fde66b38b6183c3a7,Stripe,Product Support Specialist,Chicago,https://stripe.com/jobs/search?gh_jid=8148497,0,Heuristic overlap: 0/20 listed skills and 0/6 locations appeared in the posting.,greenhouse,2026-09-04T20:41:49+00:00,2026-09-07T17:07:01Z
2c4f39b066f2ebeef14689811a48880c,Stripe,"Program Manager, Card Network Office (Card Networks)","US-SF, US-NYC, US-Seattle, US-Remote",https://stripe.com/jobs/search?gh_jid=8081754,8,Heuristic overlap: 1/20 listed skills and 1/6 locations appeared in the posting.,greenhouse,2026-07-27T16:31:09+00:00,2026-09-07T17:07:01Z
db47591913b79ace87183222c7ddbb9c,Stripe,"Program Manager, Customer Success Efficiency and Scale   ","US-ATL, US-CHI",https://stripe.com/jobs/search?gh_jid=8097838,3,Heuristic overlap: 1/20 listed skills and 0/6 locations appeared in the posting.,greenhouse,2026-08-14T20:19:27+00:00,2026-09-07T17:07:01Z
0e0ce973a11e7ca4eebf03af5ed889ca,Stripe,"Program Manager, Executive Experiences","San Francisco, New York, Seattle, Chicago, Atlanta, Remote in the US",https://stripe.com/jobs/search?gh_jid=8175629,12,Heuristic overlap: 2/20 listed skills and 1/6 locations appeared in the posting.,greenhouse,2026-09-05T10:42:00+00:00,2026-09-07T17:07:01Z
80f19af5264439312ddfd59ff5dea49b,Stripe,"Program Manager, GTM Planning","Chicago, Remote",https://stripe.com/jobs/search?gh_jid=8147961,12,Heuristic overlap: 2/20 listed skills and 1/6 locations appeared in the posting.,greenhouse,2026-08-31T18:10:26+00:00,2026-09-07T17:07:01Z
2b4116d0a98bd0fadf529fa720976dcc,Stripe,"Program Manager, GTM Strategic Programs","US-Remote, Chicago",https://stripe.com/jobs/search?gh_jid=8042309,12,Heuristic overlap: 2/20 listed skills and 1/6 locations appeared in the posting.,greenhouse,2026-08-11T14:57:35+00:00,2026-09-07T17:07:01Z
cfd7271912cd3829fcda6ac2d3b4d849,Stripe,"Program Manager, Performance and Talent Planning",US-Remote,https://stripe.com/jobs/search?gh_jid=8127890,8,Heuristic overlap: 1/20 listed skills and 1/6 locations appeared in the posting.,greenhouse,2026-08-17T20:37:29+00:00,2026-09-07T17:07:01Z
f30ba8b5d33b30ee4a98a07eef527bff,Stripe,"Program Manager, Risk Operations GTM Enablement",United States,https://stripe.com/jobs/search?gh_jid=8158082,7,Heuristic overlap: 2/20 listed skills and 0/6 locations appeared in the posting.,greenhouse,2026-08-26T01:01:51+00:00,2026-09-07T17:07:01Z
b4841a294476b0a7154cd9b1848bcc0e,Stripe,"Program Manager, Security GRC",Remote,https://stripe.com/jobs/search?gh_jid=8078131,8,Heuristic overlap: 1/20 listed skills and 1/6 locations appeared in the posting.,greenhouse,2026-07-22T13:07:47+00:00,2026-09-07T17:07:01Z
adcb6d7a6194414384a386c1619f5489,Stripe,"Project Manager, Total Rewards","CHI, ATL, US-REM",https://stripe.com/jobs/search?gh_jid=8077547,7,Heuristic overlap: 2/20 listed skills and 0/6 locations appeared in the posting.,greenhouse,2026-07-22T15:56:05+00:00,2026-09-07T17:07:01Z
caddc9da3989b37d23b74db7c56c6952,Stripe,Recruiting Project Manager,"CHI, ATL",https://stripe.com/jobs/search?gh_jid=8142077,7,Heuristic overlap: 2/20 listed skills and 0/6 locations appeared in the posting.,greenhouse,2026-08-31T18:47:56+00:00,2026-09-07T17:07:01Z
30bedfd0c6b5455a08760cc3d3bf09f9,Stripe,"Regional Security Manager, Americas","San Francisco, Seattle, NYC, Chicago",https://stripe.com/jobs/search?gh_jid=8125586,8,Heuristic overlap: 1/20 listed skills and 1/6 locations appeared in the posting.,greenhouse,2026-08-14T21:10:01+00:00,2026-09-07T17:07:01Z
f489a2286377d38a940f85c680b6f67c,Stripe,"Risk Operations Analyst, Financial Crimes","Dublin, Ireland",https://stripe.com/jobs/search?gh_jid=7974211,3,Heuristic overlap: 1/20 listed skills and 0/6 locations appeared in the posting.,greenhouse,2026-08-04T15:42:50+00:00,2026-09-07T17:07:01Z
8032727811849af3e928a1f4ce063724,Stripe,"Risk Operations Associate, Partner Risk Operations (CDMX)",Mexico City,https://stripe.com/jobs/search?gh_jid=8158090,3,Heuristic overlap: 1/20 listed skills and 0/6 locations appeared in the posting.,greenhouse,2026-08-26T16:02:30+00:00,2026-09-07T17:07:01Z
cb088197ec91d8c03b980b7e19a1f0fc,Stripe,"Risk Operations Associate, User Policy Operations",Mexico CIty,https://stripe.com/jobs/search?gh_jid=8115908,7,Heuristic overlap: 2/20 listed skills and 0/6 locations appeared in the posting.,greenhouse,2026-08-11T22:40:46+00:00,2026-09-07T17:07:01Z
8752dcc00fb1f36e99e00aed01e1a2e8,Stripe,"Risk Operations Manager, Verifications",Mexico City,https://stripe.com/jobs/search?gh_jid=8069629,3,Heuristic overlap: 1/20 listed skills and 0/6 locations appeared in the posting.,greenhouse,2026-07-23T20:37:23+00:00,2026-09-07T17:07:01Z
3f53242469a11170d32ae5e3c0cece51,Stripe,"Risk Partnerships Manager, Stablecoin",US-San Francisco; US-NYC; US-Seattle; US-Remote; US-Chicago; US-Atlanta,https://stripe.com/jobs/search?gh_jid=8078333,8,Heuristic overlap: 1/20 listed skills and 1/6 locations appeared in the posting.,greenhouse,2026-07-28T18:30:34+00:00,2026-09-07T17:07:01Z
09f02e5d37afd6546d8cedd9c325a5d7,Stripe,Risk Strategist ,Singapore,https://stripe.com/jobs/search?gh_jid=8118891,0,Heuristic overlap: 0/20 listed skills and 0/6 locations appeared in the posting.,greenhouse,2026-08-13T07:23:47+00:00,2026-09-07T17:07:01Z
3a5998e03c1821c4e986e6d77372aced,Stripe,"Sales Development Representative, AUNZ",Sydney,https://stripe.com/jobs/search?gh_jid=8074892,3,Heuristic overlap: 1/20 listed skills and 0/6 locations appeared in the posting.,greenhouse,2026-07-21T00:09:56+00:00,2026-09-07T17:07:01Z
9cc43581463781436ff0cb535afbbe07,Stripe,Sales Development Representative (French Fluency),Dublin,https://stripe.com/jobs/search?gh_jid=8139535,3,Heuristic overlap: 1/20 listed skills and 0/6 locations appeared in the posting.,greenhouse,2026-08-27T08:59:24+00:00,2026-09-07T17:07:01Z
505be89ef545cfca4ffb5f0bf29597fd,Stripe,Sales Development Representative (Hebrew Fluency),Dublin,https://stripe.com/jobs/search?gh_jid=8083685,3,Heuristic overlap: 1/20 listed skills and 0/6 locations appeared in the posting.,greenhouse,2026-07-24T15:45:13+00:00,2026-09-07T17:07:01Z
50b7b708d07f5d98d512039b8c8d15b1,Stripe,"Sales Development Representative, Japan",Tokyo,https://stripe.com/jobs/search?gh_jid=8148731,3,Heuristic overlap: 1/20 listed skills and 0/6 locations appeared in the posting.,greenhouse,2026-08-24T04:38:53+00:00,2026-09-07T17:07:01Z
6d80b081baeaee135e680ddb9b9c7fe2,Stripe,Sales Development Representative (Mandarin-speaking),Singapore,https://stripe.com/jobs/search?gh_jid=8123400,3,Heuristic overlap: 1/20 listed skills and 0/6 locations appeared in the posting.,greenhouse,2026-08-14T13:40:23+00:00,2026-09-07T17:07:01Z
f4926c464d9f04754826d47e42f8e4ad,Stripe,"Sales Manager, AI",New York; San Francisco,https://stripe.com/jobs/search?gh_jid=8163534,7,Heuristic overlap: 2/20 listed skills and 0/6 locations appeared in the posting.,greenhouse,2026-09-03T17:59:01+00:00,2026-09-07T17:07:01Z
5c2cff8bc2c5d4f8a89942ed41f6adbf,Stripe,"Sales Manager, Enterprise",Sydney,https://stripe.com/jobs/search?gh_jid=8174158,3,Heuristic overlap: 1/20 listed skills and 0/6 locations appeared in the posting.,greenhouse,2026-09-03T06:35:34+00:00,2026-09-07T17:07:01Z
001ad3ce61333b424084c830c4c0428a,Stripe,"Sales Manager, Enterprise Platforms, Grower","New York, NY",https://stripe.com/jobs/search?gh_jid=8155376,3,Heuristic overlap: 1/20 listed skills and 0/6 locations appeared in the posting.,greenhouse,2026-09-01T20:28:43+00:00,2026-09-07T17:07:01Z
e4625f7fde3bacfb511bd071b9083c68,Stripe,"Sales Manager, Enterprise Platforms, Hunter Team","New York, NY",https://stripe.com/jobs/search?gh_jid=8155378,7,Heuristic overlap: 2/20 listed skills and 0/6 locations appeared in the posting.,greenhouse,2026-09-04T02:24:22+00:00,2026-09-07T17:07:01Z
f203442b2f4ba49c7bb2889055c9e63c,Stripe,"Sales Manager, Funded Startups",Berlin,https://stripe.com/jobs/search?gh_jid=8125729,0,Heuristic overlap: 0/20 listed skills and 0/6 locations appeared in the posting.,greenhouse,2026-08-17T20:26:56+00:00,2026-09-07T17:07:01Z
eff97d9324d8376b20ef7c77bd116dcf,Stripe,Sales Manager (Greater China),Singapore,https://stripe.com/jobs/search?gh_jid=8174150,3,Heuristic overlap: 1/20 listed skills and 0/6 locations appeared in the posting.,greenhouse,2026-09-07T01:08:29+00:00,2026-09-07T17:07:01Z
845e46935ced2b8ed7841ff3d5ab67e9,Stripe,"Sales Manager, Product - Issuing & Treasury","NYC, SF",https://stripe.com/jobs/search?gh_jid=8070701,3,Heuristic overlap: 1/20 listed skills and 0/6 locations appeared in the posting.,greenhouse,2026-07-29T16:39:56+00:00,2026-09-07T17:07:01Z
760a08575229c53b8eacdd8e40dc13bf,Stripe,"Sales Manager, SMB","Dublin, Ireland",https://stripe.com/jobs/search?gh_jid=8176730,7,Heuristic overlap: 2/20 listed skills and 0/6 locations appeared in the posting.,greenhouse,2026-09-07T10:57:35+00:00,2026-09-07T17:07:01Z
09d0630dacc1919c2f561dccc252803b,Stripe,"Sales Manager, SMB (Hunter)",Chicago,https://stripe.com/jobs/search?gh_jid=8112959,7,Heuristic overlap: 2/20 listed skills and 0/6 locations appeared in the posting.,greenhouse,2026-08-14T21:03:00+00:00,2026-09-07T17:07:01Z
aa3c7d76a776680c903dcc5570f7ae74,Stripe,Sales Strategy & Operations Analyst ,US,https://stripe.com/jobs/search?gh_jid=8164674,14,Heuristic overlap: 4/20 listed skills and 0/6 locations appeared in the posting.,greenhouse,2026-09-01T15:26:22+00:00,2026-09-07T17:07:01Z
01f0ed33a95d8a97d330a0ae0c4a7b2f,Stripe,Sales Strategy & Operations Business Partner,Sydney,https://stripe.com/jobs/search?gh_jid=8106775,7,Heuristic overlap: 2/20 listed skills and 0/6 locations appeared in the posting.,greenhouse,2026-08-11T16:02:42+00:00,2026-09-07T17:07:01Z
302b5a2207691439c1dd2f85bf731764,Stripe,Sales Strategy & Operations Business Partner,"(San Francisco, Chicago, NYC)",https://stripe.com/jobs/search?gh_jid=8089882,7,Heuristic overlap: 2/20 listed skills and 0/6 locations appeared in the posting.,greenhouse,2026-07-30T14:01:13+00:00,2026-09-07T17:07:01Z
4fe376efc198f86c876a9649e584206e,Stripe,"Science Lead, Intercept ","New York City, San Francisco, US-Remote",https://stripe.com/jobs/search?gh_jid=8060152,5,Heuristic overlap: 0/20 listed skills and 1/6 locations appeared in the posting.,greenhouse,2026-07-16T11:05:31+00:00,2026-09-07T17:07:01Z
899568757200f552b53065cd4d544daf,Stripe,"SDC Manager, GTM Accelerate",Mexico City,https://stripe.com/jobs/search?gh_jid=8056309,3,Heuristic overlap: 1/20 listed skills and 0/6 locations appeared in the posting.,greenhouse,2026-08-06T10:13:26+00:00,2026-09-07T17:07:01Z
a33153298789a91ccfdb5fae35ae94a8,Stripe,"Security Engineer, Privy",NYC-Privy,https://stripe.com/jobs/search?gh_jid=8073092,10,Heuristic overlap: 3/20 listed skills and 0/6 locations appeared in the posting.,greenhouse,2026-07-30T20:41:25+00:00,2026-09-07T17:07:01Z
d7b7e04cf9ed293175fe3e7428465e10,Stripe,Security Incident Response Engineer,US Remote,https://stripe.com/jobs/search?gh_jid=8142302,12,Heuristic overlap: 2/20 listed skills and 1/6 locations appeared in the posting.,greenhouse,2026-08-19T20:33:11+00:00,2026-09-07T17:07:01Z
96008e15207d4ad1dc5c264ecf1e23e2,Stripe,Security Incident Response Manager - Abuse Operations ,Dublin,https://stripe.com/jobs/search?gh_jid=8172493,10,Heuristic overlap: 3/20 listed skills and 0/6 locations appeared in the posting.,greenhouse,2026-09-03T17:37:28+00:00,2026-09-07T17:07:01Z
88330e4dbf5050fda50fac4e953c2d3c,Stripe,Seller Systems Team Lead,Bengaluru,https://stripe.com/jobs/search?gh_jid=8175820,8,Heuristic overlap: 1/20 listed skills and 1/6 locations appeared in the posting.,greenhouse,2026-09-03T12:49:36+00:00,2026-09-07T17:07:01Z
73413f895c463723830a3ee4a70460f7,Stripe,"Senior Brand Designer, Experiential",US,https://stripe.com/jobs/search?gh_jid=8131129,7,Heuristic overlap: 2/20 listed skills and 0/6 locations appeared in the posting.,greenhouse,2026-08-21T16:36:42+00:00,2026-09-07T17:07:01Z
c74e206f1cd38d92631279b89b4c5c17,Stripe,"Senior Brand Designer, Link",US,https://stripe.com/jobs/search?gh_jid=8172672,7,Heuristic overlap: 2/20 listed skills and 0/6 locations appeared in the posting.,greenhouse,2026-09-02T15:40:18+00:00,2026-09-07T17:07:01Z
2eede9d45816f50607413ee15980b59e,Stripe,Senior Leadership Recruiter ,"Seattle, Washington",https://stripe.com/jobs/search?gh_jid=8167556,3,Heuristic overlap: 1/20 listed skills and 0/6 locations appeared in the posting.,greenhouse,2026-09-02T19:53:46+00:00,2026-09-07T17:07:01Z
b10809d4bd525adc1e27b559557c0fa9,Stripe,Senior Mechanical and Industrial Design Engineer,"Taipei,Taiwan",https://stripe.com/jobs/search?gh_jid=8170920,7,Heuristic overlap: 2/20 listed skills and 0/6 locations appeared in the posting.,greenhouse,2026-09-04T10:33:08+00:00,2026-09-07T17:07:01Z
ba8ebb3213d1b062d88e2da3f1d6eaa7,Stripe,Senior Software Engineer,"South San Francisco, CA",https://stripe.com/jobs/search?gh_jid=8175099,0,Heuristic overlap: 0/20 listed skills and 0/6 locations appeared in the posting.,greenhouse,2026-09-02T21:34:08+00:00,2026-09-07T17:07:01Z
54b38e1a9bfe04e56cd6faa15fd68810,Stripe,"Senior Software Engineer, Docs Product","New York, NY",https://stripe.com/jobs/search?gh_jid=8177860,3,Heuristic overlap: 1/20 listed skills and 0/6 locations appeared in the posting.,greenhouse,2026-09-03T18:24:41+00:00,2026-09-07T17:07:01Z
27042a0e5cbe7b3e5a33353fc194f153,Stripe,"Senior Staff Product Designer, Dashboard Studio",United States,https://stripe.com/jobs/search?gh_jid=8174316,3,Heuristic overlap: 1/20 listed skills and 0/6 locations appeared in the posting.,greenhouse,2026-09-02T18:22:31+00:00,2026-09-07T17:07:01Z
f0ec0da600eb5d16eabddce59ce81b45,Stripe,"Senior Staff Product Designer, Data & AI",US / Canada,https://stripe.com/jobs/search?gh_jid=8128499,3,Heuristic overlap: 1/20 listed skills and 0/6 locations appeared in the posting.,greenhouse,2026-08-14T18:57:51+00:00,2026-09-07T17:07:01Z
e8e957ee5a0c77fe718119e0fe175268,Stripe,"Social Media, Customer Support Associate",Bengaluru,https://stripe.com/jobs/search?gh_jid=7962437,8,Heuristic overlap: 1/20 listed skills and 1/6 locations appeared in the posting.,greenhouse,2026-07-15T05:11:09+00:00,2026-09-07T17:07:01Z
21cd4d366bc8882fbab77a3dce8d8988,Stripe,Software Engineer,"Chicago, IL",https://stripe.com/jobs/search?gh_jid=8137972,7,Heuristic overlap: 2/20 listed skills and 0/6 locations appeared in the posting.,greenhouse,2026-08-17T21:52:22+00:00,2026-09-07T17:07:01Z
8c8f4150ef21b5042ee52704196df781,Stripe,Software Engineer,"Seattle, WA",https://stripe.com/jobs/search?gh_jid=8174105,14,Heuristic overlap: 4/20 listed skills and 0/6 locations appeared in the posting.,greenhouse,2026-09-02T16:57:08+00:00,2026-09-07T17:07:01Z
48819cdef522d1c0ec24f262d2078e48,Stripe,"Software Engineer, Authorization Infrastructure",N/A,https://stripe.com/jobs/search?gh_jid=8069941,3,Heuristic overlap: 1/20 listed skills and 0/6 locations appeared in the posting.,greenhouse,2026-07-20T20:59:05+00:00,2026-09-07T17:07:01Z
cf411a797ddf58d804d73302213d061a,Stripe,"Software Engineer, Backend Engineer- Credit Coverage","New York, NY",https://stripe.com/jobs/search?gh_jid=8130578,7,Heuristic overlap: 2/20 listed skills and 0/6 locations appeared in the posting.,greenhouse,2026-08-14T17:38:23+00:00,2026-09-07T17:07:01Z
a6ee9e0398932b8560b6031cffde30ba,Stripe,"Software Engineer, Connect Tax Reporting","Bucharest, Romania",https://stripe.com/jobs/search?gh_jid=8078337,7,Heuristic overlap: 2/20 listed skills and 0/6 locations appeared in the posting.,greenhouse,2026-07-29T18:08:02+00:00,2026-09-07T17:07:01Z
d0097f97c5ebf4faa97fbce196da558e,Stripe,"Software Engineer, Intern",Bengaluru,https://stripe.com/jobs/search?gh_jid=8031833,12,Heuristic overlap: 2/20 listed skills and 1/6 locations appeared in the posting.,greenhouse,2026-07-10T05:33:52+00:00,2026-09-07T17:07:01Z
a4806d6724702ac5adc9f5b06a7e5901,Stripe,"Software Engineer, Intern",Singapore,https://stripe.com/jobs/search?gh_jid=8130883,7,Heuristic overlap: 2/20 listed skills and 0/6 locations appeared in the posting.,greenhouse,2026-09-07T05:44:20+00:00,2026-09-07T17:07:01Z
8144ff207575bc676bd25a10c159b98d,Stripe,"Software Engineer, Intern",London,https://stripe.com/jobs/search?gh_jid=8130867,7,Heuristic overlap: 2/20 listed skills and 0/6 locations appeared in the posting.,greenhouse,2026-08-31T22:30:38+00:00,2026-09-07T17:07:01Z
f991002093e92e030db58926327a945a,Stripe,"Software Engineer, Intern ",Bucharest,https://stripe.com/jobs/search?gh_jid=8130807,7,Heuristic overlap: 2/20 listed skills and 0/6 locations appeared in the posting.,greenhouse,2026-08-31T22:56:01+00:00,2026-09-07T17:07:01Z
bff85b70de162debcdbdf34c0ce53473,Stripe,"Software Engineer, Intern (Summer or Winter)",Dublin,https://stripe.com/jobs/search?gh_jid=8097801,7,Heuristic overlap: 2/20 listed skills and 0/6 locations appeared in the posting.,greenhouse,2026-08-17T13:46:14+00:00,2026-09-07T17:07:01Z
e2d45d27656de925ab2baf5e05deaeee,Stripe,"Software Engineer, Intern (Summer or Winter)","San Francisco, Seattle, New York City",https://stripe.com/jobs/search?gh_jid=8128745,7,Heuristic overlap: 2/20 listed skills and 0/6 locations appeared in the posting.,greenhouse,2026-08-31T22:20:45+00:00,2026-09-07T17:07:01Z
855a32041c6ed4532268d8cecdd00719,Stripe,"Software Engineer, Intern (Summer or Winter)",Toronto,https://stripe.com/jobs/search?gh_jid=8130805,7,Heuristic overlap: 2/20 listed skills and 0/6 locations appeared in the posting.,greenhouse,2026-08-31T23:21:48+00:00,2026-09-07T17:07:01Z
805020d768e10c0268471e7d3634040d,Stripe,"Software Engineer, Machine Learning Infrastructure","Toronto, Canada",https://stripe.com/jobs/search?gh_jid=8084476,0,Heuristic overlap: 0/20 listed skills and 0/6 locations appeared in the posting.,greenhouse,2026-07-24T23:34:58+00:00,2026-09-07T17:07:01Z
8837c8d68b3a2d49ada8d99114cb2073,Stripe,"Software Engineer, New Grad",Toronto,https://stripe.com/jobs/search?gh_jid=8157838,7,Heuristic overlap: 2/20 listed skills and 0/6 locations appeared in the posting.,greenhouse,2026-08-31T23:16:04+00:00,2026-09-07T17:07:01Z
2217f91090373f9d2fe7818a8e119664,Stripe,"Software Engineer, New Grad",Singapore,https://stripe.com/jobs/search?gh_jid=8160776,7,Heuristic overlap: 2/20 listed skills and 0/6 locations appeared in the posting.,greenhouse,2026-09-03T03:28:52+00:00,2026-09-07T17:07:01Z
dc061f8e37ee192de4893bee1b572b47,Stripe,"Software Engineer, New Grad","San Francisco, Seattle, New York",https://stripe.com/jobs/search?gh_jid=8128744,7,Heuristic overlap: 2/20 listed skills and 0/6 locations appeared in the posting.,greenhouse,2026-08-31T22:22:27+00:00,2026-09-07T17:07:01Z
ce8ff454942f150a855263bb28603a0f,Stripe,"Software Engineer, New Grad",Dublin,https://stripe.com/jobs/search?gh_jid=8130881,7,Heuristic overlap: 2/20 listed skills and 0/6 locations appeared in the posting.,greenhouse,2026-08-31T23:07:03+00:00,2026-09-07T17:07:01Z
277c9c4858d5600ee25be55e4b28b594,Stripe,"Software Engineer, New Grad",Bucharest,https://stripe.com/jobs/search?gh_jid=8130922,7,Heuristic overlap: 2/20 listed skills and 0/6 locations appeared in the posting.,greenhouse,2026-08-31T23:03:34+00:00,2026-09-07T17:07:01Z
944e2791102adb583d9b778bef2ffcfd,Stripe,"Software Engineer, New Grad",London,https://stripe.com/jobs/search?gh_jid=8130930,7,Heuristic overlap: 2/20 listed skills and 0/6 locations appeared in the posting.,greenhouse,2026-08-31T22:32:53+00:00,2026-09-07T17:07:01Z
087217dc3d3af25dabe3ab932600f500,Stripe,"Software Engineer, New Grad - Frontend",Barcelona,https://stripe.com/jobs/search?gh_jid=8130927,7,Heuristic overlap: 2/20 listed skills and 0/6 locations appeared in the posting.,greenhouse,2026-08-31T22:35:45+00:00,2026-09-07T17:07:01Z
c95e568862883c456710da2e69e293da,Stripe,"Software Engineer, Online Database Infrastructure","Seattle, WA",https://stripe.com/jobs/search?gh_jid=8177930,3,Heuristic overlap: 1/20 listed skills and 0/6 locations appeared in the posting.,greenhouse,2026-09-03T18:57:02+00:00,2026-09-07T17:07:01Z
932a6e862b194ff932c88ee28cbae6a3,Stripe,"Software Engineer, Platform Infrastructure","San Francisco, New York City, Seattle, Chicago, US-Remote",https://stripe.com/jobs/search?gh_jid=8127182,16,Heuristic overlap: 3/20 listed skills and 1/6 locations appeared in the posting.,greenhouse,2026-09-01T16:36:00+00:00,2026-09-07T17:07:01Z
33adadc4b57e084f854635774f149456,Stripe,"Software Engineer, Stripe Tax ","Dublin, Ireland",https://stripe.com/jobs/search?gh_jid=8076626,0,Heuristic overlap: 0/20 listed skills and 0/6 locations appeared in the posting.,greenhouse,2026-07-23T14:35:40+00:00,2026-09-07T17:07:01Z
a13afe05ed20f8ff6b2960adf1bdeeb8,Stripe,"Software Engineer, Vulnerability Management",US - Remote,https://stripe.com/jobs/search?gh_jid=8089353,8,Heuristic overlap: 1/20 listed skills and 1/6 locations appeared in the posting.,greenhouse,2026-08-05T00:01:19+00:00,2026-09-07T17:07:01Z
9f2d3d37cbd1f6afc94dfe46266d194c,Stripe,Software Quality Assurance Engineer,"Taipei,Taiwan",https://stripe.com/jobs/search?gh_jid=8153331,10,Heuristic overlap: 3/20 listed skills and 0/6 locations appeared in the posting.,greenhouse,2026-08-25T07:28:16+00:00,2026-09-07T17:07:01Z
5f9df1417ef1ad31d288ab13049b2ba5,Stripe,"Solutions Architect, Enterprise ",Israel,https://stripe.com/jobs/search?gh_jid=8113401,3,Heuristic overlap: 1/20 listed skills and 0/6 locations appeared in the posting.,greenhouse,2026-08-11T15:04:55+00:00,2026-09-07T17:07:01Z
5bd21b93ef7e95b745ccc9874e4d5121,Stripe,"Solutions Architect, Enterprise (German fluency)",LOCATION,https://stripe.com/jobs/search?gh_jid=8144202,3,Heuristic overlap: 1/20 listed skills and 0/6 locations appeared in the posting.,greenhouse,2026-08-24T15:19:46+00:00,2026-09-07T17:07:01Z
ae15ce40a840587cc7eeba76800ee6eb,Stripe,"Specialist Solutions Architect, Billing",Remote,https://stripe.com/jobs/search?gh_jid=7728618,8,Heuristic overlap: 1/20 listed skills and 1/6 locations appeared in the posting.,greenhouse,2026-07-09T19:42:53+00:00,2026-09-07T17:07:01Z
8e9d928fb38bc3caec592a9b2153b22c,Stripe,"Specialist Solutions Architect, Data","SF, NY, Remote",https://stripe.com/jobs/search?gh_jid=8144262,12,Heuristic overlap: 2/20 listed skills and 1/6 locations appeared in the posting.,greenhouse,2026-08-27T00:33:39+00:00,2026-09-07T17:07:01Z
e6b5ae412ce25abeca7959c2bb690a83,Stripe,"Specialist Solutions Architect, Money Management","NYC, SF, Chi, Remote",https://stripe.com/jobs/search?gh_jid=7370967,8,Heuristic overlap: 1/20 listed skills and 1/6 locations appeared in the posting.,greenhouse,2026-07-09T17:25:51+00:00,2026-09-07T17:07:01Z
d5bc2d9ee9a7e3c6800753db9c440fb3,Stripe,"Specialist Solutions Architect, Payments","London, Dublin",https://stripe.com/jobs/search?gh_jid=8119967,3,Heuristic overlap: 1/20 listed skills and 0/6 locations appeared in the posting.,greenhouse,2026-08-20T10:42:18+00:00,2026-09-07T17:07:01Z
0d10508f089a0f50c6f933eb62f755cc,Stripe,"Specialist Solutions Architect, Payments ",Singapore,https://stripe.com/jobs/search?gh_jid=8119970,3,Heuristic overlap: 1/20 listed skills and 0/6 locations appeared in the posting.,greenhouse,2026-08-26T00:49:07+00:00,2026-09-07T17:07:01Z
e67548b4c77360de808475034e1c8074,Stripe,Staff Backend Engineer - CI Services  ,Dublin,https://stripe.com/jobs/search?gh_jid=8089815,0,Heuristic overlap: 0/20 listed skills and 0/6 locations appeared in the posting.,greenhouse,2026-08-05T11:54:25+00:00,2026-09-07T17:07:01Z
15216131fdcb856754f1cd6ef47aadcd,Stripe,Staff Backend Engineer - UI Platform,Barcelona,https://stripe.com/jobs/search?gh_jid=8130377,3,Heuristic overlap: 1/20 listed skills and 0/6 locations appeared in the posting.,greenhouse,2026-08-21T07:53:55+00:00,2026-09-07T17:07:01Z
8f76ccccf7169b81dcd7209e37b4b935,Stripe,"Staff Engineer, Core Infrastructure","Bengaluru, India",https://stripe.com/jobs/search?gh_jid=8070949,20,Heuristic overlap: 3/20 listed skills and 2/6 locations appeared in the posting.,greenhouse,2026-07-30T04:27:59+00:00,2026-09-07T17:07:01Z
18199b61d6ac83cb687c15b589755f37,Stripe,"Staff Engineer, Revenue & Finance Automation",Bengaluru,https://stripe.com/jobs/search?gh_jid=8090473,8,Heuristic overlap: 1/20 listed skills and 1/6 locations appeared in the posting.,greenhouse,2026-08-03T06:58:49+00:00,2026-09-07T17:07:01Z
28684bf905c2a07c15530f766bba7558,Stripe,"Staff Fullstack Engineer, User Auth Experience",Canada,https://stripe.com/jobs/search?gh_jid=8113221,3,Heuristic overlap: 1/20 listed skills and 0/6 locations appeared in the posting.,greenhouse,2026-08-06T21:14:57+00:00,2026-09-07T17:07:01Z
6b09c0d39b68a10aec0fc519634bf2b9,Stripe,"Staff Machine Learning Engineer, Financial Connections",New York,https://stripe.com/jobs/search?gh_jid=8148653,0,Heuristic overlap: 0/20 listed skills and 0/6 locations appeared in the posting.,greenhouse,2026-08-25T01:06:11+00:00,2026-09-07T17:07:01Z
5745e232ced771028d3c27e6f81fe6c6,Stripe,"Staff Product Manager, Billing ","SF, NY, SEA, Remote-US",https://stripe.com/jobs/search?gh_jid=7983725,8,Heuristic overlap: 1/20 listed skills and 1/6 locations appeared in the posting.,greenhouse,2026-08-21T17:39:57+00:00,2026-09-07T17:07:01Z
ddccbdd348527de2ba37c87a97e49544,Stripe,"Staff Product Manager, Connect",N/A,https://stripe.com/jobs/search?gh_jid=8065034,3,Heuristic overlap: 1/20 listed skills and 0/6 locations appeared in the posting.,greenhouse,2026-07-20T14:48:43+00:00,2026-09-07T17:07:01Z
bd2de572f6d4ae77e990e5b65fa32a15,Stripe,"Staff Product Manager, Issuing",London,https://stripe.com/jobs/search?gh_jid=8043083,7,Heuristic overlap: 2/20 listed skills and 0/6 locations appeared in the posting.,greenhouse,2026-07-10T15:42:29+00:00,2026-09-07T17:07:01Z
a914a3e44cd4953dccc46dd75c00a947,Stripe,"Staff Product Manager, Local Payment Methods Growth",Dublin,https://stripe.com/jobs/search?gh_jid=7737526,7,Heuristic overlap: 2/20 listed skills and 0/6 locations appeared in the posting.,greenhouse,2026-08-19T19:50:48+00:00,2026-09-07T17:07:01Z
a76abcc2e33e6a69f0c2bc02670565d3,Stripe,"Staff Product Manager, Local Payment Methods Growth",London,https://stripe.com/jobs/search?gh_jid=8142649,7,Heuristic overlap: 2/20 listed skills and 0/6 locations appeared in the posting.,greenhouse,2026-08-19T19:50:49+00:00,2026-09-07T17:07:01Z
a1e1b1eaaf4931348168fabb1f1cb361,Stripe,"Staff Product Manager, Stripe Tax","Dublin, Ireland",https://stripe.com/jobs/search?gh_jid=8124304,0,Heuristic overlap: 0/20 listed skills and 0/6 locations appeared in the posting.,greenhouse,2026-08-12T07:14:52+00:00,2026-09-07T17:07:01Z
5692dbb5d0d08e77e806eaf8dbfa7374,Stripe,"Staff Program Manager, Event Design",US,https://stripe.com/jobs/search?gh_jid=8127894,7,Heuristic overlap: 2/20 listed skills and 0/6 locations appeared in the posting.,greenhouse,2026-08-25T15:58:25+00:00,2026-09-07T17:07:01Z
8dadd7584c933701cfbbb5e517aa4746,Stripe,"Staff Software Engineer, API Platform","San Francisco, Seattle",https://stripe.com/jobs/search?gh_jid=8055701,16,Heuristic overlap: 3/20 listed skills and 1/6 locations appeared in the posting.,greenhouse,2026-07-10T21:00:09+00:00,2026-09-07T17:07:01Z
8efb623edc38e08bcba03618cb04b488,Stripe,"Staff Software Engineer, Business Data",Seattle,https://stripe.com/jobs/search?gh_jid=8112037,7,Heuristic overlap: 2/20 listed skills and 0/6 locations appeared in the posting.,greenhouse,2026-08-06T14:27:42+00:00,2026-09-07T17:07:01Z
93691ca034a9412eef547b25ee8b82df,Stripe,"Staff Software Engineer, Card Issuing and Payments","NYC, SEA, San Francisco",https://stripe.com/jobs/search?gh_jid=8177513,7,Heuristic overlap: 2/20 listed skills and 0/6 locations appeared in the posting.,greenhouse,2026-09-03T16:26:06+00:00,2026-09-07T17:07:01Z
fd7ce48622fa48ed8ea4d78a58c00fe6,Stripe,"Staff Software Engineer, Dashboard",San Francisco,https://stripe.com/jobs/search?gh_jid=8076151,3,Heuristic overlap: 1/20 listed skills and 0/6 locations appeared in the posting.,greenhouse,2026-08-13T00:27:36+00:00,2026-09-07T17:07:01Z
15f73619e6c4db45fab6f9c0960bbacf,Stripe,"Staff Software Engineer, Data Quality and Governance",Seattle,https://stripe.com/jobs/search?gh_jid=8112042,7,Heuristic overlap: 2/20 listed skills and 0/6 locations appeared in the posting.,greenhouse,2026-08-06T14:27:43+00:00,2026-09-07T17:07:01Z
1c8db36cc8e26f4849ec1967c79c97f8,Stripe,"Staff Software Engineer, Deployment Platform",Seattle,https://stripe.com/jobs/search?gh_jid=8038771,5,Heuristic overlap: 0/20 listed skills and 1/6 locations appeared in the posting.,greenhouse,2026-07-13T20:49:55+00:00,2026-09-07T17:07:01Z
14bd8bfeff834c28b92857968cc8f794,Stripe,"Staff Software Engineer, Financial Crimes",Toronto,https://stripe.com/jobs/search?gh_jid=8120494,7,Heuristic overlap: 2/20 listed skills and 0/6 locations appeared in the posting.,greenhouse,2026-08-11T19:17:09+00:00,2026-09-07T17:07:01Z
b4e1c87a95d447e1872bd556eeba3534,Stripe,"Staff Software Engineer, Link",N/A,https://stripe.com/jobs/search?gh_jid=8082847,7,Heuristic overlap: 2/20 listed skills and 0/6 locations appeared in the posting.,greenhouse,2026-08-15T03:19:43+00:00,2026-09-07T17:07:01Z
b525bd0076c1180c4e6c6d32ed1bef1f,Stripe,"Staff Software Engineer, Payments Intelligence","Seattle, New York, San Francisco",https://stripe.com/jobs/search?gh_jid=7986004,10,Heuristic overlap: 3/20 listed skills and 0/6 locations appeared in the posting.,greenhouse,2026-08-04T14:01:16+00:00,2026-09-07T17:07:01Z
403d0ec1166985df958ff490a74dd272,Stripe,"Staff Software Engineer, Payment Systems","Seattle, New York, San Francisco",https://stripe.com/jobs/search?gh_jid=8172164,10,Heuristic overlap: 3/20 listed skills and 0/6 locations appeared in the posting.,greenhouse,2026-09-01T21:57:56+00:00,2026-09-07T17:07:01Z
5a2fbd09abdf9525ed2c5cde277c7dfe,Stripe,"Staff Software Engineer, Product Risk",Toronto,https://stripe.com/jobs/search?gh_jid=8112043,7,Heuristic overlap: 2/20 listed skills and 0/6 locations appeared in the posting.,greenhouse,2026-08-06T14:27:44+00:00,2026-09-07T17:07:01Z
46e0577a1634ef25c92a60f40ad5bcb9,Stripe,"Staff Software Engineer, Service Infrastructure",AMER,https://stripe.com/jobs/search?gh_jid=8090141,16,Heuristic overlap: 3/20 listed skills and 1/6 locations appeared in the posting.,greenhouse,2026-07-27T23:58:50+00:00,2026-09-07T17:07:01Z
f92db2a0474123dc78779fe0446824b1,Stripe,"Staff Software Engineer, Storage Abstractions","San Francisco, Seattle",https://stripe.com/jobs/search?gh_jid=8171539,16,Heuristic overlap: 3/20 listed skills and 1/6 locations appeared in the posting.,greenhouse,2026-09-01T18:44:06+00:00,2026-09-07T17:07:01Z
deaf762e6cad87861edc8df33413d625,Stripe,"Strategic Account Executive, Platforms",London,https://stripe.com/jobs/search?gh_jid=8129954,3,Heuristic overlap: 1/20 listed skills and 0/6 locations appeared in the posting.,greenhouse,2026-08-18T10:47:04+00:00,2026-09-07T17:07:01Z
c2660967685a276b0c5e5bd5034b1135,Stripe,"Strategic Business Performance, Central Strategy & Operations","US-Chicago, US-Remote, US-Seattle, US-San Francisco",https://stripe.com/jobs/search?gh_jid=8155580,12,Heuristic overlap: 2/20 listed skills and 1/6 locations appeared in the posting.,greenhouse,2026-08-27T19:53:49+00:00,2026-09-07T17:07:01Z
68802099c54345a3dbcec8a593d69544,Stripe,Strategic Capacity Planning Specialist,Dublin,https://stripe.com/jobs/search?gh_jid=8168554,7,Heuristic overlap: 2/20 listed skills and 0/6 locations appeared in the posting.,greenhouse,2026-09-02T10:57:19+00:00,2026-09-07T17:07:01Z
2c8b9002236ca353bb4f5fbcc29f5b62,Stripe,"Strategic Sourcing Manager, Tech & Product","SF, NYC, SEA",https://stripe.com/jobs/search?gh_jid=8072213,3,Heuristic overlap: 1/20 listed skills and 0/6 locations appeared in the posting.,greenhouse,2026-07-20T16:43:47+00:00,2026-09-07T17:07:01Z
a029b4bdfed7cfb26e8b4b9f8de75d96,Stripe,"Strategy and Operations Business Partner, Global Payments Performance",Chicago,https://stripe.com/jobs/search?gh_jid=8171928,3,Heuristic overlap: 1/20 listed skills and 0/6 locations appeared in the posting.,greenhouse,2026-09-04T14:59:57+00:00,2026-09-07T17:07:01Z
72e75a03a904571a272db63400e416e9,Stripe,"Strategy and Operations Lead, Deal Pricing","New York City, Washington DC, Remote",https://stripe.com/jobs/search?gh_jid=8044391,12,Heuristic overlap: 2/20 listed skills and 1/6 locations appeared in the posting.,greenhouse,2026-07-21T02:43:18+00:00,2026-09-07T17:07:01Z
6eef0e74930f6f95997a735c3c951b58,Stripe,"Strategy & Ops, Enterprise",San Francisco,https://stripe.com/jobs/search?gh_jid=8053933,3,Heuristic overlap: 1/20 listed skills and 0/6 locations appeared in the posting.,greenhouse,2026-07-31T17:36:13+00:00,2026-09-07T17:07:01Z
159e374e31f031a635bbe9f04e6b5393,Stripe,"Support Operations, Privy",NYC,https://stripe.com/jobs/search?gh_jid=8162819,3,Heuristic overlap: 1/20 listed skills and 0/6 locations appeared in the posting.,greenhouse,2026-08-27T21:21:49+00:00,2026-09-07T17:07:01Z
c2ddf611ff66e46cb2771a641d6c3b03,Stripe,Technical Account Manager,Sydney,https://stripe.com/jobs/search?gh_jid=8044158,7,Heuristic overlap: 2/20 listed skills and 0/6 locations appeared in the posting.,greenhouse,2026-07-13T08:55:49+00:00,2026-09-07T17:07:01Z
023118dc41e2b9ccc8844c1830506ef3,Stripe,"Technical Account Manager, Billing",San Francisco,https://stripe.com/jobs/search?gh_jid=8142304,7,Heuristic overlap: 2/20 listed skills and 0/6 locations appeared in the posting.,greenhouse,2026-08-24T15:15:03+00:00,2026-09-07T17:07:01Z
b782f13e2c3806ac3e023b660a78a0b9,Stripe,Technical Account Manager - GCN,Singapore,https://stripe.com/jobs/search?gh_jid=7955056,7,Heuristic overlap: 2/20 listed skills and 0/6 locations appeared in the posting.,greenhouse,2026-07-13T08:58:42+00:00,2026-09-07T17:07:01Z
3f8d2c0415e006425b17b0fb3b3ef3f6,Stripe,Technical Program Manager,"South San Francisco, CA",https://stripe.com/jobs/search?gh_jid=8171297,7,Heuristic overlap: 2/20 listed skills and 0/6 locations appeared in the posting.,greenhouse,2026-09-01T17:39:03+00:00,2026-09-07T17:07:01Z
43c1e8d824fd3cce5b7cd6c65d872e63,Stripe,"Technical Program Manager, Growth","Toronto, Remote Canada ",https://stripe.com/jobs/search?gh_jid=8114397,8,Heuristic overlap: 1/20 listed skills and 1/6 locations appeared in the posting.,greenhouse,2026-08-07T17:12:13+00:00,2026-09-07T17:07:01Z
201044c9a1f249231443f17814d347e5,Stripe,"Technical Program Manager, Infrastructure","South San Francisco, CA ",https://stripe.com/jobs/search?gh_jid=8126047,7,Heuristic overlap: 2/20 listed skills and 0/6 locations appeared in the posting.,greenhouse,2026-08-12T17:14:52+00:00,2026-09-07T17:07:01Z
fc91bcc3b7886b34d9f2ab877a86be2f,Stripe,"Technical Program Manager, Manager ",Dublin,https://stripe.com/jobs/search?gh_jid=8007738,3,Heuristic overlap: 1/20 listed skills and 0/6 locations appeared in the posting.,greenhouse,2026-07-21T12:57:54+00:00,2026-09-07T17:07:01Z
05674c6531d7e86510cbd89050041ad6,Stripe,Technical Recruiter (Fixed Term Contract),"SF, SEA, NYC, CHI, ATL",https://stripe.com/jobs/search?gh_jid=8154525,3,Heuristic overlap: 1/20 listed skills and 0/6 locations appeared in the posting.,greenhouse,2026-08-24T22:20:43+00:00,2026-09-07T17:07:01Z
4952517366af8426fc157b0487fa7ce8,Stripe,Technical Recruiter (Fixed Term Contract),Singapore,https://stripe.com/jobs/search?gh_jid=8142856,7,Heuristic overlap: 2/20 listed skills and 0/6 locations appeared in the posting.,greenhouse,2026-08-26T10:04:46+00:00,2026-09-07T17:07:01Z
1de3f997a5b6011d87ba4bcc34f7e94b,Stripe,Technical Solutions Engineering Manager,San Francisco or Seattle,https://stripe.com/jobs/search?gh_jid=8079858,0,Heuristic overlap: 0/20 listed skills and 0/6 locations appeared in the posting.,greenhouse,2026-07-29T14:01:53+00:00,2026-09-07T17:07:01Z
26bf7c5993e7829445ec53b4228499ba,Stripe,"Technical Support Engineer (EMEA), Metronome","London, Dublin",https://stripe.com/jobs/search?gh_jid=7737248,7,Heuristic overlap: 2/20 listed skills and 0/6 locations appeared in the posting.,greenhouse,2026-09-01T12:32:46+00:00,2026-09-07T17:07:01Z
82f5f6ce6807a7bd18d288abc4dacd15,Stripe,"Technical Support Engineer, Metronome","San Francisco, CA",https://stripe.com/jobs/search?gh_jid=7733725,7,Heuristic overlap: 2/20 listed skills and 0/6 locations appeared in the posting.,greenhouse,2026-07-15T23:48:46+00:00,2026-09-07T17:07:01Z
31e193fd69bd53208ec9d0f95a8fc3c8,Stripe,"Technical Support Engineer, Metronome","Dublin, Ireland",https://stripe.com/jobs/search?gh_jid=7860377,7,Heuristic overlap: 2/20 listed skills and 0/6 locations appeared in the posting.,greenhouse,2026-07-15T23:53:04+00:00,2026-09-07T17:07:01Z
d58345f4dde39defa18386efde4d887d,Stripe,Tech Ops Team Lead,Bengaluru,https://stripe.com/jobs/search?gh_jid=8045862,8,Heuristic overlap: 1/20 listed skills and 1/6 locations appeared in the posting.,greenhouse,2026-07-16T06:30:03+00:00,2026-09-07T17:07:01Z
60d7d7bacd8e2198ab6d16a7811fc0aa,Stripe,Thailand Compliance Officer & Money Laundering Reporting Officer,Bangkok,https://stripe.com/jobs/search?gh_jid=8076966,0,Heuristic overlap: 0/20 listed skills and 0/6 locations appeared in the posting.,greenhouse,2026-07-27T07:18:45+00:00,2026-09-07T17:07:01Z
c000aff73aa0c504abfc75ba2613faef,Stripe,Training Program Manager,Mexico City,https://stripe.com/jobs/search?gh_jid=8172111,3,Heuristic overlap: 1/20 listed skills and 0/6 locations appeared in the posting.,greenhouse,2026-09-03T23:09:56+00:00,2026-09-07T17:07:01Z
178aed696529959ef7e6799d21b85d14,Stripe,"Treasury Finance AI and Quantitative Analytics, Americas",NYC,https://stripe.com/jobs/search?gh_jid=8079132,10,Heuristic overlap: 3/20 listed skills and 0/6 locations appeared in the posting.,greenhouse,2026-07-24T20:45:39+00:00,2026-09-07T17:07:01Z
5b886754c918201049480379534c984d,Stripe,UK Public Sector Lead,London,https://stripe.com/jobs/search?gh_jid=8096121,10,Heuristic overlap: 3/20 listed skills and 0/6 locations appeared in the posting.,greenhouse,2026-08-13T13:08:45+00:00,2026-09-07T17:07:01Z
2675678e8cdb1fc6e51f1409f7d6d95b,Stripe,University Recruiter,"Dublin, London",https://stripe.com/jobs/search?gh_jid=8128011,3,Heuristic overlap: 1/20 listed skills and 0/6 locations appeared in the posting.,greenhouse,2026-08-19T08:50:30+00:00,2026-09-07T17:07:01Z
ed38365a9b93a237193e894f8613d166,Stripe,University Recruiting Manager,"Singapore, Dublin",https://stripe.com/jobs/search?gh_jid=8094669,7,Heuristic overlap: 2/20 listed skills and 0/6 locations appeared in the posting.,greenhouse,2026-07-30T13:06:17+00:00,2026-09-07T17:07:01Z
cb6436096cea02f0f46bbeb7db3d5a31,Stripe,User Escalation Specialist ,Chicago,https://stripe.com/jobs/search?gh_jid=8180318,0,Heuristic overlap: 0/20 listed skills and 0/6 locations appeared in the posting.,greenhouse,2026-09-04T20:41:52+00:00,2026-09-07T17:07:01Z
25096d5833afc53b8d753d7cb0b000f6,Stripe,User Escalation Specialist ,Dublin,https://stripe.com/jobs/search?gh_jid=8045340,0,Heuristic overlap: 0/20 listed skills and 0/6 locations appeared in the posting.,greenhouse,2026-07-14T09:17:49+00:00,2026-09-07T17:07:01Z
f5af897ff3e84dc0fc5f378b88bcdbb5,Stripe,U.S. Federal Government Relations Director,"DC, Maryland, Virginia",https://stripe.com/jobs/search?gh_jid=8070044,12,Heuristic overlap: 2/20 listed skills and 1/6 locations appeared in the posting.,greenhouse,2026-07-24T17:22:49+00:00,2026-09-07T17:07:01Z
14b92aca5fafe4b000a6c91c33774ed0,Stripe,"UX Research Manager, Payments",Canada,https://stripe.com/jobs/search?gh_jid=8165259,10,Heuristic overlap: 3/20 listed skills and 0/6 locations appeared in the posting.,greenhouse,2026-09-01T12:11:08+00:00,2026-09-07T17:07:01Z
260f7f82ff82b9498202e96400070be1,Stripe,Verifications Operations Associate,Bengaluru,https://stripe.com/jobs/search?gh_jid=8022703,12,Heuristic overlap: 2/20 listed skills and 1/6 locations appeared in the posting.,greenhouse,2026-09-02T06:23:15+00:00,2026-09-07T17:07:01Z
395d89d516e2d486e0f64aa45aaa9661,Stripe,Voice Support Operations Associate ,Bengaluru,https://stripe.com/jobs/search?gh_jid=8168793,8,Heuristic overlap: 1/20 listed skills and 1/6 locations appeared in the posting.,greenhouse,2026-09-03T00:37:42+00:00,2026-09-07T17:07:01Z
76fa0e45775246d3ff71e6c4382484d1,Stripe,Workplace Experience Manager,New York City,https://stripe.com/jobs/search?gh_jid=8092411,7,Heuristic overlap: 2/20 listed skills and 0/6 locations appeared in the posting.,greenhouse,2026-07-28T19:15:54+00:00,2026-09-07T17:07:01Z
ac3f66062868fc7642a3391fb741c46e,Stripe,Workplace Operations Manager - Dublin,Dublin,https://stripe.com/jobs/search?gh_jid=8120185,7,Heuristic overlap: 2/20 listed skills and 0/6 locations appeared in the posting.,greenhouse,2026-08-13T08:22:56+00:00,2026-09-07T17:07:01Z
a7cfba84775c6cdef987c08ced6ff0f2,Twitch,"Director of Content & Partnerships, Brazil","Sao Paulo, Brazil",https://job-boards.greenhouse.io/twitch/jobs/8779882002,3,Heuristic overlap: 1/20 listed skills and 0/6 locations appeared in the posting.,greenhouse,2026-09-02T22:47:19+00:00,2026-09-07T17:07:01Z
fdc75a3e27dc232f4da392f124ee9139,Twitch,Localization Program Manager,"Irvine, CA",https://job-boards.greenhouse.io/twitch/jobs/8648201002,3,Heuristic overlap: 1/20 listed skills and 0/6 locations appeared in the posting.,greenhouse,2026-07-24T00:40:53+00:00,2026-09-07T17:07:01Z
fec0517fa225a987aa7ec0f6ceef6d99,Twitch,Localization Program Manager,"Seattle, WA",https://job-boards.greenhouse.io/twitch/jobs/8648200002,3,Heuristic overlap: 1/20 listed skills and 0/6 locations appeared in the posting.,greenhouse,2026-07-24T00:40:34+00:00,2026-09-07T17:07:01Z
304591004fa3226819add1d2c0905d04,Twitch,Localization Program Manager,"San Francisco, CA",https://job-boards.greenhouse.io/twitch/jobs/8643189002,3,Heuristic overlap: 1/20 listed skills and 0/6 locations appeared in the posting.,greenhouse,2026-07-24T00:40:33+00:00,2026-09-07T17:07:01Z
f8fc28051d35b02ab1c2c734985ed42a,Twitch,"Manager, Product & Platforms Business Development","San Francisco, CA",https://job-boards.greenhouse.io/twitch/jobs/8643186002,0,Heuristic overlap: 0/20 listed skills and 0/6 locations appeared in the posting.,greenhouse,2026-07-24T01:06:52+00:00,2026-09-07T17:07:01Z
98f10ada2059e82839e5ec9751207368,Twitch,Partnerships Associate,New York City,https://job-boards.greenhouse.io/twitch/jobs/8739356002,3,Heuristic overlap: 1/20 listed skills and 0/6 locations appeared in the posting.,greenhouse,2026-08-21T22:14:26+00:00,2026-09-07T17:07:01Z
9992f4604784c5f7012050d1efcadc44,Twitch,Partnerships Associate,"Irvine, CA",https://job-boards.greenhouse.io/twitch/jobs/8739355002,3,Heuristic overlap: 1/20 listed skills and 0/6 locations appeared in the posting.,greenhouse,2026-08-21T22:14:25+00:00,2026-09-07T17:07:01Z
d9912e242a547219fbb22a2210c4088b,Twitch,Partnerships Associate,"Seattle, WA",https://job-boards.greenhouse.io/twitch/jobs/8739354002,3,Heuristic overlap: 1/20 listed skills and 0/6 locations appeared in the posting.,greenhouse,2026-08-21T22:14:23+00:00,2026-09-07T17:07:01Z
3f2636a89d0a71c85b36df5f65dd85fc,Twitch,Partnerships Associate,"San Francisco, CA",https://job-boards.greenhouse.io/twitch/jobs/8739325002,3,Heuristic overlap: 1/20 listed skills and 0/6 locations appeared in the posting.,greenhouse,2026-08-21T22:14:20+00:00,2026-09-07T17:07:01Z
64ccad760930cb9c6cd834b8d47cc050,Twitch,People Engagement Program Manager,"San Francisco, CA",https://job-boards.greenhouse.io/twitch/jobs/8662188002,3,Heuristic overlap: 1/20 listed skills and 0/6 locations appeared in the posting.,greenhouse,2026-07-31T21:05:35+00:00,2026-09-07T17:07:01Z
b2b52f48cdf43d19b622964747433a18,Twitch,"Senior Manager, Business Development","San Francisco, CA",https://job-boards.greenhouse.io/twitch/jobs/8688065002,3,Heuristic overlap: 1/20 listed skills and 0/6 locations appeared in the posting.,greenhouse,2026-08-06T22:40:11+00:00,2026-09-07T17:07:01Z
2d3ed060e537577f28caa9b1b8f8fa53,Twitch,"Senior Product Manager, Platform Core Engineering","San Francisco, CA",https://job-boards.greenhouse.io/twitch/jobs/8647255002,3,Heuristic overlap: 1/20 listed skills and 0/6 locations appeared in the posting.,greenhouse,2026-07-23T23:57:41+00:00,2026-09-07T17:07:01Z
11dc32ad78407c51fd3096fe969c3c5d,Twitch,"Senior Product Manager, Platform Core Engineering","Seattle, WA",https://job-boards.greenhouse.io/twitch/jobs/8648165002,3,Heuristic overlap: 1/20 listed skills and 0/6 locations appeared in the posting.,greenhouse,2026-07-23T23:57:41+00:00,2026-09-07T17:07:01Z
ca1698ea2da825e59b5effe624f51be8,Twitch,"Senior Product Manager, Platform Core Engineering","Irvine, CA",https://job-boards.greenhouse.io/twitch/jobs/8648174002,3,Heuristic overlap: 1/20 listed skills and 0/6 locations appeared in the posting.,greenhouse,2026-07-23T23:57:42+00:00,2026-09-07T17:07:01Z
7190644ca74609bf5ee0979568886ee7,Twitch,"Senior Product Manager, Platform Core Engineering",New York City,https://job-boards.greenhouse.io/twitch/jobs/8648175002,3,Heuristic overlap: 1/20 listed skills and 0/6 locations appeared in the posting.,greenhouse,2026-07-23T23:57:43+00:00,2026-09-07T17:07:01Z
05e066ee63da32ae73394e296e9f03a6,Twitch,Senior Tax Analyst - Tax Operations,"San Francisco, CA",https://job-boards.greenhouse.io/twitch/jobs/8687968002,0,Heuristic overlap: 0/20 listed skills and 0/6 locations appeared in the posting.,greenhouse,2026-08-06T22:36:25+00:00,2026-09-07T17:07:01Z
22e87eba19e381cfc1ffaca5fd93fbf1,Twitch,Senior Tax Analyst - Tax Operations,"Seattle, WA",https://job-boards.greenhouse.io/twitch/jobs/8687985002,0,Heuristic overlap: 0/20 listed skills and 0/6 locations appeared in the posting.,greenhouse,2026-08-06T22:36:26+00:00,2026-09-07T17:07:01Z
c855f3ac13fb4c5b388cf5aa79ad3350,Twitch,"Senior UX Designer, Monetization","Seattle, WA",https://job-boards.greenhouse.io/twitch/jobs/8635694002,3,Heuristic overlap: 1/20 listed skills and 0/6 locations appeared in the posting.,greenhouse,2026-07-15T20:03:23+00:00,2026-09-07T17:07:01Z
5522808bcab5fe1152c8cded75d4203e,Twitch,"Senior UX Designer, Monetization","San Francisco, CA",https://job-boards.greenhouse.io/twitch/jobs/8633655002,3,Heuristic overlap: 1/20 listed skills and 0/6 locations appeared in the posting.,greenhouse,2026-07-15T20:03:22+00:00,2026-09-07T17:07:01Z
a8fd1dc643ed89011c24ace556d78718,Twitch,"Senior UX Designer, Monetization","Irvine, CA",https://job-boards.greenhouse.io/twitch/jobs/8635691002,3,Heuristic overlap: 1/20 listed skills and 0/6 locations appeared in the posting.,greenhouse,2026-07-15T20:03:23+00:00,2026-09-07T17:07:01Z
289d3321239015550e7ac00b176070c7,Twitch,"Software Development Engineer, Security Platform","Seattle, WA",https://job-boards.greenhouse.io/twitch/jobs/8739185002,10,Heuristic overlap: 3/20 listed skills and 0/6 locations appeared in the posting.,greenhouse,2026-08-21T21:46:08+00:00,2026-09-07T17:07:01Z
5cee0eabbdd19172c3b31406272b3e7e,Twitch,"Software Development Engineer, Security Platform","San Francisco, CA",https://job-boards.greenhouse.io/twitch/jobs/8739060002,10,Heuristic overlap: 3/20 listed skills and 0/6 locations appeared in the posting.,greenhouse,2026-08-21T21:45:58+00:00,2026-09-07T17:07:01Z
99b09f1f04c666f2f2195b176c6a92d4,Twitch,"Software Development Engineer, Security Platform","Irvine, CA",https://job-boards.greenhouse.io/twitch/jobs/8739196002,10,Heuristic overlap: 3/20 listed skills and 0/6 locations appeared in the posting.,greenhouse,2026-08-21T21:46:08+00:00,2026-09-07T17:07:01Z
e14ebd8c40623010775d3c7311149ece,Twitch,"Software Engineer I, Discovery","San Francisco, CA",https://job-boards.greenhouse.io/twitch/jobs/8623578002,7,Heuristic overlap: 2/20 listed skills and 0/6 locations appeared in the posting.,greenhouse,2026-07-14T22:43:05+00:00,2026-09-07T17:07:01Z
2772b6c4d5c4f88af5489f5c3fda3753,Twitch,"Software Engineer II, Fintech","Seattle, WA",https://job-boards.greenhouse.io/twitch/jobs/8747649002,7,Heuristic overlap: 2/20 listed skills and 0/6 locations appeared in the posting.,greenhouse,2026-08-25T20:04:29+00:00,2026-09-07T17:07:01Z
ecea91678f28277e0113e73a0f5c6c9d,Twitch,"Software Engineer II, Fintech",New York City,https://job-boards.greenhouse.io/twitch/jobs/8747652002,7,Heuristic overlap: 2/20 listed skills and 0/6 locations appeared in the posting.,greenhouse,2026-08-25T20:04:28+00:00,2026-09-07T17:07:01Z
a06d0c3eaa1921243c17c4d4ce475125,Twitch,"Software Engineer I, Memberships","San Francisco, CA",https://job-boards.greenhouse.io/twitch/jobs/8748320002,7,Heuristic overlap: 2/20 listed skills and 0/6 locations appeared in the posting.,greenhouse,2026-08-26T16:56:43+00:00,2026-09-07T17:07:01Z
6d4b253a9c94736bdacace28651675f1,Twitch,"Software Engineer I, Memberships","Seattle, WA",https://job-boards.greenhouse.io/twitch/jobs/8751076002,7,Heuristic overlap: 2/20 listed skills and 0/6 locations appeared in the posting.,greenhouse,2026-08-26T16:56:45+00:00,2026-09-07T17:07:01Z
ce05605ee386d42911c521b7a6e4d60f,Twitch,"Software Engineer I, Payments","San Francisco, CA",https://job-boards.greenhouse.io/twitch/jobs/8700578002,3,Heuristic overlap: 1/20 listed skills and 0/6 locations appeared in the posting.,greenhouse,2026-08-14T20:13:21+00:00,2026-09-07T17:07:01Z
cbfd3ca272b1cd398fe3e6963013af57,Twitch,"Sr. Product Manager, Commerce","San Francisco, CA",https://job-boards.greenhouse.io/twitch/jobs/8686796002,3,Heuristic overlap: 1/20 listed skills and 0/6 locations appeared in the posting.,greenhouse,2026-08-06T20:29:24+00:00,2026-09-07T17:07:01Z
af5f7ae32f92fa99c52529ded7c56d02,Twitch,"Sr. Product Manager, Commerce","Los Angeles, CA",https://job-boards.greenhouse.io/twitch/jobs/8686812002,3,Heuristic overlap: 1/20 listed skills and 0/6 locations appeared in the posting.,greenhouse,2026-08-06T20:29:25+00:00,2026-09-07T17:07:01Z
202ab46de5ad6784e251ab40c9b17f15,Twitch,"Sr. Product Manager, Commerce","Seattle, WA",https://job-boards.greenhouse.io/twitch/jobs/8686811002,3,Heuristic overlap: 1/20 listed skills and 0/6 locations appeared in the posting.,greenhouse,2026-08-06T20:29:24+00:00,2026-09-07T17:07:01Z
c85f4fb7fc1d494db94b86010ad26fc6,Airbnb,"Automation Engineer, Quality Engineering",Brazil,https://careers.airbnb.com/positions/8154749?gh_jid=8154749,7,Heuristic overlap: 2/20 listed skills and 0/6 locations appeared in the posting.,greenhouse,2026-08-24T19:41:54+00:00,2026-09-07T17:07:01Z
cc9e6f8f755d54136d0c0842904305eb,Airbnb,Compensation Partner,"San Francisco, United States",https://careers.airbnb.com/positions/8104102?gh_jid=8104102,10,Heuristic overlap: 3/20 listed skills and 0/6 locations appeared in the posting.,greenhouse,2026-08-03T23:04:46+00:00,2026-09-07T17:07:01Z
b314aef0f9c5fda79d5aa02dc8184c68,Airbnb,Complex Claims Manager,Canada,https://careers.airbnb.com/positions/8152131?gh_jid=8152131,8,Heuristic overlap: 1/20 listed skills and 1/6 locations appeared in the posting.,greenhouse,2026-08-24T14:18:12+00:00,2026-09-07T17:07:01Z
4f4b50059caff128d18fe4b7373328d7,Airbnb,Complex Claims Manager,United States,https://careers.airbnb.com/positions/8153094?gh_jid=8153094,8,Heuristic overlap: 1/20 listed skills and 1/6 locations appeared in the posting.,greenhouse,2026-08-24T14:18:09+00:00,2026-09-07T17:07:01Z
a1f7145f8c1bbfa6976e7f4a424f04fd,Airbnb,"Customer Service Partner Operations Manager, Mandarin Speaking (Manila Based) ","Manila, Philippines",https://careers.airbnb.com/positions/8172735?gh_jid=8172735,7,Heuristic overlap: 2/20 listed skills and 0/6 locations appeared in the posting.,greenhouse,2026-09-02T09:33:30+00:00,2026-09-07T17:07:01Z
9dff239ed70d8f71e9fc4fc68f0c02dc,Airbnb,"Customer Service Partner Operations Manager, Mandarin Speaking (Seoul Based) ","Seoul, Korea",https://careers.airbnb.com/positions/8172732?gh_jid=8172732,7,Heuristic overlap: 2/20 listed skills and 0/6 locations appeared in the posting.,greenhouse,2026-09-02T09:33:32+00:00,2026-09-07T17:07:01Z
c06e84cb862cac547436e507317f5244,Airbnb,"Customer Service Partner Operations Manager, Mandarin Speaking (Singapore Based) ",Singapore,https://careers.airbnb.com/positions/8172706?gh_jid=8172706,7,Heuristic overlap: 2/20 listed skills and 0/6 locations appeared in the posting.,greenhouse,2026-09-02T09:33:34+00:00,2026-09-07T17:07:01Z
11148591dc8bdb40d71547d2845d674f,Airbnb,"Customer Service Partner Operations Manager, Mandarin Speaking (Tokyo Based) ","Tokyo, Japan",https://careers.airbnb.com/positions/8172734?gh_jid=8172734,7,Heuristic overlap: 2/20 listed skills and 0/6 locations appeared in the posting.,greenhouse,2026-09-02T09:33:38+00:00,2026-09-07T17:07:01Z
0266f67bf58011667fc4ae222d0769c1,Airbnb,Gestionnaire des réclamations complexes,Canada,https://careers.airbnb.com/positions/8152132?gh_jid=8152132,3,Heuristic overlap: 1/20 listed skills and 0/6 locations appeared in the posting.,greenhouse,2026-08-24T14:18:14+00:00,2026-09-07T17:07:01Z
79d0aa909ba4448a1b63cc819d6755f8,Airbnb,"Gestionnaire, Qualité, AirCover ",Canada,https://careers.airbnb.com/positions/8164421?gh_jid=8164421,3,Heuristic overlap: 1/20 listed skills and 0/6 locations appeared in the posting.,greenhouse,2026-08-31T19:06:49+00:00,2026-09-07T17:07:01Z
e9ced9a0e9ebfc8bb834450daa441b37,Airbnb,"Gestionnaire, Soutien Premium",Canada,https://careers.airbnb.com/positions/7862110?gh_jid=7862110,10,Heuristic overlap: 3/20 listed skills and 0/6 locations appeared in the posting.,greenhouse,2026-07-17T22:27:07+00:00,2026-09-07T17:07:01Z
36f8e76e8e31faf3945fe769d258ad6f,Airbnb,"Growth Marketing Lead, SEM",United States,https://careers.airbnb.com/positions/8070656?gh_jid=8070656,12,Heuristic overlap: 2/20 listed skills and 1/6 locations appeared in the posting.,greenhouse,2026-07-22T23:53:08+00:00,2026-09-07T17:07:01Z
ae62e727dfd2cfb4388848986a02f84c,Airbnb,HR Generalist / HR Business Partner,United States,https://careers.airbnb.com/positions/8084251?gh_jid=8084251,8,Heuristic overlap: 1/20 listed skills and 1/6 locations appeared in the posting.,greenhouse,2026-07-24T20:55:28+00:00,2026-09-07T17:07:01Z
90e2c0df9180239bd0652bed9ee1a69f,Airbnb,"Lead, Advanced Analytics, Community Support",United States,https://careers.airbnb.com/positions/8125981?gh_jid=8125981,12,Heuristic overlap: 2/20 listed skills and 1/6 locations appeared in the posting.,greenhouse,2026-08-13T21:23:22+00:00,2026-09-07T17:07:01Z
e12c3b66d3d88645a1dd3a5094f8c391,Airbnb,Lead Localization Operations Program Manager,United States ,https://careers.airbnb.com/positions/8120458?gh_jid=8120458,12,Heuristic overlap: 2/20 listed skills and 1/6 locations appeared in the posting.,greenhouse,2026-08-11T17:50:34+00:00,2026-09-07T17:07:01Z
107272b9d2ca71132e409c0c9da97188,Airbnb,"Localization Manager, Italian","Milan, Italy",https://careers.airbnb.com/positions/8165843?gh_jid=8165843,7,Heuristic overlap: 2/20 listed skills and 0/6 locations appeared in the posting.,greenhouse,2026-09-01T10:05:15+00:00,2026-09-07T17:07:01Z
2aee6e29f7041ac337b0b9d8e1565778,Airbnb,"Manager, Premium Support",Canada,https://careers.airbnb.com/positions/7862109?gh_jid=7862109,12,Heuristic overlap: 2/20 listed skills and 1/6 locations appeared in the posting.,greenhouse,2026-07-17T22:27:10+00:00,2026-09-07T17:07:01Z
dfd95fb48b3b99d27af6dda718f628a4,Airbnb,"Manager, Premium Support (French/English)",Ireland,https://careers.airbnb.com/positions/8071424?gh_jid=8071424,7,Heuristic overlap: 2/20 listed skills and 0/6 locations appeared in the posting.,greenhouse,2026-07-17T15:48:22+00:00,2026-09-07T17:07:01Z
543609ee24111a84eb7564e96a7fb59a,Airbnb,"Manager, Quality, AirCover",Canada,https://careers.airbnb.com/positions/8114339?gh_jid=8114339,8,Heuristic overlap: 1/20 listed skills and 1/6 locations appeared in the posting.,greenhouse,2026-08-31T18:48:17+00:00,2026-09-07T17:07:01Z
29b524e5e1f4e98353489e759b1e05f8,Airbnb,Market Manager,"Sao Paulo, Brazil",https://careers.airbnb.com/positions/8131269?gh_jid=8131269,3,Heuristic overlap: 1/20 listed skills and 0/6 locations appeared in the posting.,greenhouse,2026-08-17T14:50:16+00:00,2026-09-07T17:07:01Z
2d71ae3c7ad550de4e86ecf27e93bff1,Airbnb,Market Manager,"San Diego, United States ",https://careers.airbnb.com/positions/8134685?gh_jid=8134685,8,Heuristic overlap: 1/20 listed skills and 1/6 locations appeared in the posting.,greenhouse,2026-08-17T20:27:52+00:00,2026-09-07T17:07:01Z
d68706056ebbae8cac3f817c2ca1218d,Airbnb,Market Manager,"Gurugram, India",https://careers.airbnb.com/positions/8146630?gh_jid=8146630,8,Heuristic overlap: 1/20 listed skills and 1/6 locations appeared in the posting.,greenhouse,2026-08-21T11:32:58+00:00,2026-09-07T17:07:01Z
a123dbb6fbf4195dcdd40df75d9c4988,Airbnb,Market Manager,Mexico,https://careers.airbnb.com/positions/8131310?gh_jid=8131310,3,Heuristic overlap: 1/20 listed skills and 0/6 locations appeared in the posting.,greenhouse,2026-08-17T14:50:31+00:00,2026-09-07T17:07:01Z
f0c5f6bf82468fbfd98f65305ad7ccf3,Airbnb,Market Manager,"Ohio, United States, Indiana, United States, Kentucky, United States, Illinois, United States",https://careers.airbnb.com/positions/8129503?gh_jid=8129503,3,Heuristic overlap: 1/20 listed skills and 0/6 locations appeared in the posting.,greenhouse,2026-08-14T20:41:42+00:00,2026-09-07T17:07:01Z
34ab4b7280b784f9199aac20fcb10c52,Airbnb,Market Manager,"Ontario, Canada",https://careers.airbnb.com/positions/8129515?gh_jid=8129515,8,Heuristic overlap: 1/20 listed skills and 1/6 locations appeared in the posting.,greenhouse,2026-08-17T14:49:50+00:00,2026-09-07T17:07:01Z
458a72b42ade498a4804eedb7fb5d303,Airbnb,"Market Manager, Australia","Sydney, Australia",https://careers.airbnb.com/positions/8140993?gh_jid=8140993,3,Heuristic overlap: 1/20 listed skills and 0/6 locations appeared in the posting.,greenhouse,2026-08-19T06:04:28+00:00,2026-09-07T17:07:01Z
17a93eba0af414047cd88306492ac9b0,Airbnb,"Payments Partnerships Manager, Host Payouts",United States ,https://careers.airbnb.com/positions/8075714?gh_jid=8075714,8,Heuristic overlap: 1/20 listed skills and 1/6 locations appeared in the posting.,greenhouse,2026-07-21T15:38:47+00:00,2026-09-07T17:07:01Z
4354a65acc7f735994522eab5203769d,Airbnb,"Product Manager, Identity",United States,https://careers.airbnb.com/positions/8055637?gh_jid=8055637,7,Heuristic overlap: 2/20 listed skills and 0/6 locations appeared in the posting.,greenhouse,2026-07-20T16:20:53+00:00,2026-09-07T17:07:01Z
98a20ed6b8b6df452fc641f05ee11670,Airbnb,"Product Manager, People to Meet","San Francisco, CA, Seattle, WA, New York, NY",https://careers.airbnb.com/positions/8112204?gh_jid=8112204,7,Heuristic overlap: 2/20 listed skills and 0/6 locations appeared in the posting.,greenhouse,2026-08-14T23:57:01+00:00,2026-09-07T17:07:01Z
74eabde2338635c7a3e1845434d866d6,Airbnb,"Product Manager, Pricing",United States,https://careers.airbnb.com/positions/8096359?gh_jid=8096359,8,Heuristic overlap: 1/20 listed skills and 1/6 locations appeared in the posting.,greenhouse,2026-08-04T19:45:48+00:00,2026-09-07T17:07:01Z
e1148ee0ca603caf2dfb29ae3381c0bf,Airbnb,"Product Manager, Search","San Francisco, United States",https://careers.airbnb.com/positions/8104444?gh_jid=8104444,7,Heuristic overlap: 2/20 listed skills and 0/6 locations appeared in the posting.,greenhouse,2026-08-05T17:39:47+00:00,2026-09-07T17:07:01Z
6ab62a1747d37c8ddd958e8a32484a41,Airbnb,"Product Manager, Services","San Francisco, CA, Seattle WA, New York, NY",https://careers.airbnb.com/positions/8081925?gh_jid=8081925,7,Heuristic overlap: 2/20 listed skills and 0/6 locations appeared in the posting.,greenhouse,2026-07-23T23:40:17+00:00,2026-09-07T17:07:01Z
86e6f947b3366ae58c165c8e836d732a,Airbnb,"Product Program Manager, Roadmap Planning & Program Management","San Francisco, United States ",https://careers.airbnb.com/positions/8094412?gh_jid=8094412,3,Heuristic overlap: 1/20 listed skills and 0/6 locations appeared in the posting.,greenhouse,2026-07-29T20:19:39+00:00,2026-09-07T17:07:01Z
280d7666ae93e8ca655f7bf913406ffa,Airbnb,"Programs Operations Lead, Growth Levers","San Francisco, California, United States ",https://careers.airbnb.com/positions/8103590?gh_jid=8103590,10,Heuristic overlap: 3/20 listed skills and 0/6 locations appeared in the posting.,greenhouse,2026-08-12T16:01:33+00:00,2026-09-07T17:07:01Z
f235e955564b313e857ea3a215792879,Airbnb,"Regional Operations Manager, Premium Support",Canada,https://careers.airbnb.com/positions/8110189?gh_jid=8110189,12,Heuristic overlap: 2/20 listed skills and 1/6 locations appeared in the posting.,greenhouse,2026-08-07T13:13:44+00:00,2026-09-07T17:07:01Z
15ebf3f9803e5107adc1b7f18b79c3fe,Airbnb,"Responsable des opérations régionales, Support Premium",Canada,https://careers.airbnb.com/positions/8110190?gh_jid=8110190,7,Heuristic overlap: 2/20 listed skills and 0/6 locations appeared in the posting.,greenhouse,2026-08-07T13:13:46+00:00,2026-09-07T17:07:01Z
a387156ba19b2797f7a50e6916961202,Airbnb,Sales Operations Lead,United States ,https://careers.airbnb.com/positions/8155005?gh_jid=8155005,8,Heuristic overlap: 1/20 listed skills and 1/6 locations appeared in the posting.,greenhouse,2026-08-24T22:19:35+00:00,2026-09-07T17:07:01Z
0bedbb64588d6bbccc83684487934a33,Airbnb,"Senior Business Solutions Engineer, BizTech(LegalTech)","Bangalore, India",https://careers.airbnb.com/positions/8053132?gh_jid=8053132,7,Heuristic overlap: 2/20 listed skills and 0/6 locations appeared in the posting.,greenhouse,2026-07-10T09:03:39+00:00,2026-09-07T17:07:01Z
e20c76f4b75cf1bc9eed8d1d6f239047,Airbnb,Senior Community Growth Manager,Brazil,https://careers.airbnb.com/positions/8178467?gh_jid=8178467,3,Heuristic overlap: 1/20 listed skills and 0/6 locations appeared in the posting.,greenhouse,2026-09-03T23:46:48+00:00,2026-09-07T17:07:01Z
f47a74d647858458dd469c9dc76b6217,Airbnb,"Senior Connectivity Partner Manager, Bangkok (SEA/IN)","Bangkok, Thailand",https://careers.airbnb.com/positions/8141377?gh_jid=8141377,3,Heuristic overlap: 1/20 listed skills and 0/6 locations appeared in the posting.,greenhouse,2026-08-19T12:55:06+00:00,2026-09-07T17:07:01Z
5d71bbf3fb70ba778f6bd0f578881cb7,Airbnb,"Senior Counsel, Litigation","California, United States ",https://careers.airbnb.com/positions/8142807?gh_jid=8142807,7,Heuristic overlap: 2/20 listed skills and 0/6 locations appeared in the posting.,greenhouse,2026-08-19T22:11:28+00:00,2026-09-07T17:07:01Z
b87b69c1d25181e3c52c27c0bd3a0ad4,Airbnb,Senior Data Scientist - Payments (Inference),Remote - USA,https://careers.airbnb.com/positions/8123037?gh_jid=8123037,16,Heuristic overlap: 3/20 listed skills and 1/6 locations appeared in the posting.,greenhouse,2026-08-14T17:25:31+00:00,2026-09-07T17:07:01Z
7d4a2f93cc9c29d79f3de75590a0c546,Airbnb,"Senior Data Scientist, Trust (Inference)",Remote - USA,https://careers.airbnb.com/positions/8059216?gh_jid=8059216,16,Heuristic overlap: 3/20 listed skills and 1/6 locations appeared in the posting.,greenhouse,2026-07-15T16:13:40+00:00,2026-09-07T17:07:01Z
2fb3b246108639fa6d02796ac6ab8227,Airbnb,"Senior Engineering Manager, Media Foundation",United States,https://careers.airbnb.com/positions/7968034?gh_jid=7968034,12,Heuristic overlap: 2/20 listed skills and 1/6 locations appeared in the posting.,greenhouse,2026-08-04T18:01:36+00:00,2026-09-07T17:07:01Z
60eda0a1a578680da33ac857c2092bbc,Airbnb,"Senior Host Development Lead, Education","San Francisco, United States ",https://careers.airbnb.com/positions/8142636?gh_jid=8142636,12,Heuristic overlap: 2/20 listed skills and 1/6 locations appeared in the posting.,greenhouse,2026-08-31T16:38:31+00:00,2026-09-07T17:07:01Z
46333bc90c72548a39fdd6dc2d141b74,Airbnb,"Senior Machine Learning Engineer, Query Intelligence",United States,https://careers.airbnb.com/positions/8065789?gh_jid=8065789,16,Heuristic overlap: 3/20 listed skills and 1/6 locations appeared in the posting.,greenhouse,2026-07-14T23:54:51+00:00,2026-09-07T17:07:01Z
87e7864eb7ac14f7b660588128c4e397,Airbnb,"Senior Machine Learning Engineer, Trust","San Francisco, CA",https://careers.airbnb.com/positions/8130355?gh_jid=8130355,8,Heuristic overlap: 1/20 listed skills and 1/6 locations appeared in the posting.,greenhouse,2026-08-14T21:27:57+00:00,2026-09-07T17:07:01Z
b20dfc731634b726bad05109061ec5fb,Airbnb,"Senior Manager, Field Operations","Mexico City, Mexico",https://careers.airbnb.com/positions/8044801?gh_jid=8044801,3,Heuristic overlap: 1/20 listed skills and 0/6 locations appeared in the posting.,greenhouse,2026-07-13T16:04:04+00:00,2026-09-07T17:07:01Z
99e4ecccf816f74db3a08da83c9d2adc,Airbnb,"Senior Manager, Machine Learning Engineering - Communication & Connectivity",Remote - US,https://careers.airbnb.com/positions/8070121?gh_jid=8070121,16,Heuristic overlap: 3/20 listed skills and 1/6 locations appeared in the posting.,greenhouse,2026-07-22T21:32:00+00:00,2026-09-07T17:07:01Z
d2d69676089e45270e9ff692c81a00a0,Airbnb,"Senior Manager, Platform Management (Payments)",United States ,https://careers.airbnb.com/positions/8175521?gh_jid=8175521,12,Heuristic overlap: 2/20 listed skills and 1/6 locations appeared in the posting.,greenhouse,2026-09-03T01:58:21+00:00,2026-09-07T17:07:01Z
bb52c7d5d020b18398cb326c9b22cf0d,Airbnb,"Senior Manager, Quality, Specialty",United States ,https://careers.airbnb.com/positions/8114342?gh_jid=8114342,8,Heuristic overlap: 1/20 listed skills and 1/6 locations appeared in the posting.,greenhouse,2026-08-31T17:58:05+00:00,2026-09-07T17:07:01Z
f94580fae1f4a5530aa451e9f6b75714,Airbnb,"Senior Manager, Scaled Operations, FSI",United States ,https://careers.airbnb.com/positions/8143116?gh_jid=8143116,8,Heuristic overlap: 1/20 listed skills and 1/6 locations appeared in the posting.,greenhouse,2026-08-20T13:43:01+00:00,2026-09-07T17:07:01Z
aede6a2aa244aa90a82a3c76c80debed,Airbnb,"Senior Manager, Supply Enablement",United States ,https://careers.airbnb.com/positions/8125873?gh_jid=8125873,12,Heuristic overlap: 2/20 listed skills and 1/6 locations appeared in the posting.,greenhouse,2026-08-17T21:44:01+00:00,2026-09-07T17:07:01Z
66289467cc330e1c6010a570881e059b,Airbnb,"Senior Manager, Technical Program Management (Search & AI Foundations)",United States,https://careers.airbnb.com/positions/8077683?gh_jid=8077683,12,Heuristic overlap: 2/20 listed skills and 1/6 locations appeared in the posting.,greenhouse,2026-07-21T19:29:19+00:00,2026-09-07T17:07:01Z
fd618d5c3b0c971b7a45660d7803c37a,Airbnb,Senior Market Manager,"Sao Paulo, Brazil",https://careers.airbnb.com/positions/8138055?gh_jid=8138055,3,Heuristic overlap: 1/20 listed skills and 0/6 locations appeared in the posting.,greenhouse,2026-08-17T23:14:18+00:00,2026-09-07T17:07:01Z
4bc25ae1384ba8302c74b1920e384bc0,Airbnb,"Senior Market Manager, Vietnamese Speaking (Bangkok Based) ",Vietnam,https://careers.airbnb.com/positions/8167204?gh_jid=8167204,3,Heuristic overlap: 1/20 listed skills and 0/6 locations appeared in the posting.,greenhouse,2026-08-31T14:49:12+00:00,2026-09-07T17:07:01Z
d971f647a29929b30f309e29d475b6ba,Airbnb,"Senior Market Manager, Vietnamese Speaking (Bangkok Based) ","Bangkok, Thailand",https://careers.airbnb.com/positions/8141266?gh_jid=8141266,3,Heuristic overlap: 1/20 listed skills and 0/6 locations appeared in the posting.,greenhouse,2026-08-19T12:55:34+00:00,2026-09-07T17:07:01Z
56262d852def57679f8a0dc5cb1f5c55,Airbnb,"Senior Platform Manager, Data Products, Finance Accounting",United States,https://careers.airbnb.com/positions/8070705?gh_jid=8070705,16,Heuristic overlap: 3/20 listed skills and 1/6 locations appeared in the posting.,greenhouse,2026-07-20T16:54:52+00:00,2026-09-07T17:07:01Z
dd5f1d4703ddc5be0649298b259b9640,Airbnb,"Senior Platform Manager, Payment Platform Accounts",United States ,https://careers.airbnb.com/positions/8082863?gh_jid=8082863,8,Heuristic overlap: 1/20 listed skills and 1/6 locations appeared in the posting.,greenhouse,2026-07-24T15:52:41+00:00,2026-09-07T17:07:01Z
7304f1a0a8361e998b1e87456b2b11cd,Airbnb,"Senior Product Program Manager, Roadmap Planning & Program Management ","San Francisco, United States ",https://careers.airbnb.com/positions/8094462?gh_jid=8094462,3,Heuristic overlap: 1/20 listed skills and 0/6 locations appeared in the posting.,greenhouse,2026-07-29T20:22:14+00:00,2026-09-07T17:07:01Z
bb39d0f41982f0a98fa005fa3d942599,Airbnb,Senior Programs & Business Operations Lead,United States ,https://careers.airbnb.com/positions/8163221?gh_jid=8163221,5,Heuristic overlap: 0/20 listed skills and 1/6 locations appeared in the posting.,greenhouse,2026-08-28T00:35:55+00:00,2026-09-07T17:07:01Z
c10dce6af1923505aebb0ba15f9a99d4,Airbnb,"Senior Social Content Operations Manager, China",China,https://careers.airbnb.com/positions/8078406?gh_jid=8078406,5,Heuristic overlap: 0/20 listed skills and 1/6 locations appeared in the posting.,greenhouse,2026-07-22T09:22:48+00:00,2026-09-07T17:07:01Z
1386b44f8ecb7f9006509ce2addaabef,Airbnb,"Senior Software Engineer(AI/ML), Trust","Bangalore, India",https://careers.airbnb.com/positions/8154477?gh_jid=8154477,3,Heuristic overlap: 1/20 listed skills and 0/6 locations appeared in the posting.,greenhouse,2026-08-25T09:58:30+00:00,2026-09-07T17:07:01Z
53dc8f8c4c1dae69672fa72a7a118976,Airbnb,"Senior Software Engineer, Payments Platform ","Remote, USA",https://careers.airbnb.com/positions/8138002?gh_jid=8138002,16,Heuristic overlap: 3/20 listed skills and 1/6 locations appeared in the posting.,greenhouse,2026-08-19T21:13:04+00:00,2026-09-07T17:07:01Z
4ccb028a2d6f681873da9e7d48664d56,Airbnb,"Senior Specialist, Premium Support",Canada,https://careers.airbnb.com/positions/8107160?gh_jid=8107160,8,Heuristic overlap: 1/20 listed skills and 1/6 locations appeared in the posting.,greenhouse,2026-08-05T15:03:52+00:00,2026-09-07T17:07:01Z
9f7dff84d35372a4479c4db6d0fee7a1,Airbnb,"Senior Specialist, Premium Support (English/Spanish)","Nevada, United States ",https://careers.airbnb.com/positions/8132178?gh_jid=8132178,12,Heuristic overlap: 2/20 listed skills and 1/6 locations appeared in the posting.,greenhouse,2026-08-18T13:41:11+00:00,2026-09-07T17:07:01Z
f4d5981c6c64f718908b38c7b062dc98,Airbnb,"Senior Specialist, Premium Support (Portuguese/English)",Canada,https://careers.airbnb.com/positions/8091849?gh_jid=8091849,8,Heuristic overlap: 1/20 listed skills and 1/6 locations appeared in the posting.,greenhouse,2026-08-04T21:34:03+00:00,2026-09-07T17:07:01Z
c559798e05025ca466a9a8d74cd4a15c,Airbnb,"Senior Staff Software Engineer, Marketing Technology","Remote, USA",https://careers.airbnb.com/positions/8095365?gh_jid=8095365,12,Heuristic overlap: 2/20 listed skills and 1/6 locations appeared in the posting.,greenhouse,2026-07-29T22:14:52+00:00,2026-09-07T17:07:01Z
5e0786dce477fb4c7e848a3601666984,Airbnb,Spécialiste au Support Premium,Canada,https://careers.airbnb.com/positions/8080767?gh_jid=8080767,7,Heuristic overlap: 2/20 listed skills and 0/6 locations appeared in the posting.,greenhouse,2026-07-28T15:33:36+00:00,2026-09-07T17:07:01Z
f86269053efc1794ea2815c0269f062c,Airbnb,"Spécialiste principal(e), Soutien Premium",Canada,https://careers.airbnb.com/positions/8107161?gh_jid=8107161,3,Heuristic overlap: 1/20 listed skills and 0/6 locations appeared in the posting.,greenhouse,2026-08-05T15:03:54+00:00,2026-09-07T17:07:01Z
89f34c756539d6d6d6aa499a13d65b27,Airbnb,"Specialist, Premium Support",Canada,https://careers.airbnb.com/positions/8080766?gh_jid=8080766,3,Heuristic overlap: 1/20 listed skills and 0/6 locations appeared in the posting.,greenhouse,2026-07-28T15:33:37+00:00,2026-09-07T17:07:01Z
4d39fdf5e29b942debf9fc614213b02b,Airbnb,Staff Backend Engineer - Ads Platform,Remote - USA,https://careers.airbnb.com/positions/8074897?gh_jid=8074897,12,Heuristic overlap: 2/20 listed skills and 1/6 locations appeared in the posting.,greenhouse,2026-07-22T19:52:40+00:00,2026-09-07T17:07:01Z
d3ef4a40843a22cd5aa4e2cc477c937d,Airbnb,"Staff Backend Engineer, Host Pricing & Availability",Remote - USA,https://careers.airbnb.com/positions/8078019?gh_jid=8078019,8,Heuristic overlap: 1/20 listed skills and 1/6 locations appeared in the posting.,greenhouse,2026-07-28T16:33:45+00:00,2026-09-07T17:07:01Z
46dae261622ecf99e90efa7679aa6380,Airbnb,"Staff Experience Designer, International",Singapore,https://careers.airbnb.com/positions/8121074?gh_jid=8121074,10,Heuristic overlap: 3/20 listed skills and 0/6 locations appeared in the posting.,greenhouse,2026-08-11T08:20:47+00:00,2026-09-07T17:07:01Z
bf7ef7450d89d6d0a651071c7a930a5a,Airbnb,"Staff Machine Learning Engineer, Traffic Intelligence",United States,https://careers.airbnb.com/positions/8129371?gh_jid=8129371,12,Heuristic overlap: 2/20 listed skills and 1/6 locations appeared in the posting.,greenhouse,2026-08-13T23:22:22+00:00,2026-09-07T17:07:01Z
c91517253eb8393fcc35ac96d3527e5d,Airbnb,"Staff Platform Manager, Conversational Products",United States ,https://careers.airbnb.com/positions/8136554?gh_jid=8136554,12,Heuristic overlap: 2/20 listed skills and 1/6 locations appeared in the posting.,greenhouse,2026-08-19T21:50:25+00:00,2026-09-07T17:07:01Z
13e99ef83ce8a8baa5273e96a27f5fd5,Airbnb,Staff Platform Manager - GTM & Ops Tooling,United States ,https://careers.airbnb.com/positions/8163100?gh_jid=8163100,12,Heuristic overlap: 2/20 listed skills and 1/6 locations appeared in the posting.,greenhouse,2026-09-01T22:44:32+00:00,2026-09-07T17:07:01Z
0c5fe0ac3b00a2155c5a6fc56750bdc2,Airbnb,"Staff Platform Manager, Loyalty Platform Lead (Product Management)","Bangalore, India",https://careers.airbnb.com/positions/8091831?gh_jid=8091831,7,Heuristic overlap: 2/20 listed skills and 0/6 locations appeared in the posting.,greenhouse,2026-08-03T13:26:27+00:00,2026-09-07T17:07:01Z
e87083a87fcaf1505b0052dec725d15d,Airbnb,"Staff Platform Manager, Payments Regional Growth",Brazil,https://careers.airbnb.com/positions/8120611?gh_jid=8120611,0,Heuristic overlap: 0/20 listed skills and 0/6 locations appeared in the posting.,greenhouse,2026-08-11T16:34:28+00:00,2026-09-07T17:07:01Z
e2d57431bfb18a5553ab0c78828d3240,Airbnb,"Staff Platform Manager, Payments Regional Growth",Mexico,https://careers.airbnb.com/positions/8120721?gh_jid=8120721,0,Heuristic overlap: 0/20 listed skills and 0/6 locations appeared in the posting.,greenhouse,2026-08-11T16:34:29+00:00,2026-09-07T17:07:01Z
bb9ad76e7e4bdab1c70b8b2a5615849f,Airbnb,"Staff Software Engineer, Passport & Commerce (Backend)",United States,https://careers.airbnb.com/positions/8130817?gh_jid=8130817,16,Heuristic overlap: 3/20 listed skills and 1/6 locations appeared in the posting.,greenhouse,2026-08-14T20:03:51+00:00,2026-09-07T17:07:01Z
9335dab8f7bbcf56d8e0ceb87a306afb,Airbnb,"Staff Software Engineer, Payments Compliance",Remote - US,https://careers.airbnb.com/positions/8130787?gh_jid=8130787,30,Heuristic overlap: 7/20 listed skills and 1/6 locations appeared in the posting.,greenhouse,2026-08-18T17:29:51+00:00,2026-09-07T17:07:01Z
dd1ac0c89525306b3025839678e8d84e,Airbnb,"Staff Software Engineer, Service Tools",USA,https://careers.airbnb.com/positions/8154739?gh_jid=8154739,8,Heuristic overlap: 1/20 listed skills and 1/6 locations appeared in the posting.,greenhouse,2026-08-25T03:36:42+00:00,2026-09-07T17:07:01Z
cf23eab7120880caa157a03aa8a520a1,Airbnb,"Staff UX Researcher, Payments Growth (Mixed Methods)",United States,https://careers.airbnb.com/positions/8113284?gh_jid=8113284,0,Heuristic overlap: 0/20 listed skills and 0/6 locations appeared in the posting.,greenhouse,2026-08-10T22:55:52+00:00,2026-09-07T17:07:01Z
ba056b26b362772ff6964a7fa15d2e98,Airbnb,Staff UX Writer (Host),United States,https://careers.airbnb.com/positions/8171646?gh_jid=8171646,5,Heuristic overlap: 0/20 listed skills and 1/6 locations appeared in the posting.,greenhouse,2026-09-02T12:43:14+00:00,2026-09-07T17:07:01Z
ceb496316aba15eb3cdbb7fac1791bc4,Airbnb,"Superviseur (-e), Soutien Premium Bilingue (français/anglais)",Canada,https://careers.airbnb.com/positions/8080626?gh_jid=8080626,10,Heuristic overlap: 3/20 listed skills and 0/6 locations appeared in the posting.,greenhouse,2026-07-28T15:34:02+00:00,2026-09-07T17:07:01Z
b0bcf8d9a0f0e3aa0fe38de19adcbe81,Airbnb,"Supervisor, Community Support","Gurugram, India",https://careers.airbnb.com/positions/8090493?gh_jid=8090493,7,Heuristic overlap: 2/20 listed skills and 0/6 locations appeared in the posting.,greenhouse,2026-08-04T06:00:55+00:00,2026-09-07T17:07:01Z
00e9abe251a1be1589285c5ebdf197d0,Airbnb,"Supervisor, Premium Support (French/English)",Canada,https://careers.airbnb.com/positions/8080625?gh_jid=8080625,7,Heuristic overlap: 2/20 listed skills and 0/6 locations appeared in the posting.,greenhouse,2026-07-28T15:34:02+00:00,2026-09-07T17:07:01Z
cd96628751ff0868d8f17caeb8da486a,Airbnb,"Tech Lead Manager, Oracle ERP","Bangalore, India",https://careers.airbnb.com/positions/8102684?gh_jid=8102684,10,Heuristic overlap: 3/20 listed skills and 0/6 locations appeared in the posting.,greenhouse,2026-08-03T15:56:35+00:00,2026-09-07T17:07:01Z
971aef6bd7da09cc905e948200f6b4f5,Airbnb,"Vendor Manager, Operational Vendor Support (Insurance)",United States ,https://careers.airbnb.com/positions/8120259?gh_jid=8120259,8,Heuristic overlap: 1/20 listed skills and 1/6 locations appeared in the posting.,greenhouse,2026-08-11T16:52:15+00:00,2026-09-07T17:07:01Z
d791b9df7e4b0112a5e7b5c5ea567a09,Airbnb,Workplace Operations Program Manager,"San Francisco, United States",https://careers.airbnb.com/positions/8079378?gh_jid=8079378,7,Heuristic overlap: 2/20 listed skills and 0/6 locations appeared in the posting.,greenhouse,2026-07-22T14:09:04+00:00,2026-09-07T17:07:01Z
6fe45af2812045816b5ab5475121763f,Dropbox,Account Executive,Remote - US: Select locations,https://jobs.dropbox.com/listing/8159652?gh_jid=8159652,5,Heuristic overlap: 0/20 listed skills and 1/6 locations appeared in the posting.,greenhouse,2026-09-01T13:20:17+00:00,2026-09-07T17:07:01Z
de07c1301948b753604470a66ab74671,Dropbox,"Business Development Manager, Strategic Partnerships",Remote - US: Select locations,https://jobs.dropbox.com/listing/8048847?gh_jid=8048847,8,Heuristic overlap: 1/20 listed skills and 1/6 locations appeared in the posting.,greenhouse,2026-07-22T17:53:11+00:00,2026-09-07T17:07:01Z
291ae0164199b470770ee773c2e67d30,Dropbox,"Business Development Manager, Strategic Partnerships",Remote - Canada: Select locations,https://jobs.dropbox.com/listing/8048848?gh_jid=8048848,8,Heuristic overlap: 1/20 listed skills and 1/6 locations appeared in the posting.,greenhouse,2026-07-22T17:53:12+00:00,2026-09-07T17:07:01Z
b9c7c1b2380793af1c055829d46f3bdd,Dropbox,Business Development Representative - Japan (Remote),Remote - Japan,https://jobs.dropbox.com/listing/8130079?gh_jid=8130079,8,Heuristic overlap: 1/20 listed skills and 1/6 locations appeared in the posting.,greenhouse,2026-09-01T14:23:03+00:00,2026-09-07T17:07:01Z
ddd62a27422639ba64032e4cbef5368e,Dropbox,"Data Analytics Partner, People Analytics",Remote - Canada: Select locations,https://jobs.dropbox.com/listing/8126575?gh_jid=8126575,8,Heuristic overlap: 1/20 listed skills and 1/6 locations appeared in the posting.,greenhouse,2026-08-18T15:47:46+00:00,2026-09-07T17:07:01Z
b4241aaab96ca8ed15c0dac115b96411,Dropbox,"Data Analytics Partner, People Analytics",Remote - US: Select locations,https://jobs.dropbox.com/listing/8126572?gh_jid=8126572,8,Heuristic overlap: 1/20 listed skills and 1/6 locations appeared in the posting.,greenhouse,2026-08-18T15:47:44+00:00,2026-09-07T17:07:01Z
d2a1feab35f9157ec91fc1d767bd9f96,Dropbox,Director of Media Strategy & Activation (Paid Media),Remote - US: Select locations,https://jobs.dropbox.com/listing/8096461?gh_jid=8096461,16,Heuristic overlap: 3/20 listed skills and 1/6 locations appeared in the posting.,greenhouse,2026-08-10T19:53:49+00:00,2026-09-07T17:07:01Z
349ac1ebd5a4d3b4580315087e8be4b1,Dropbox,"Director, Sales Compensation",Remote - US: All locations,https://jobs.dropbox.com/listing/8121667?gh_jid=8121667,12,Heuristic overlap: 2/20 listed skills and 1/6 locations appeared in the posting.,greenhouse,2026-08-11T15:52:07+00:00,2026-09-07T17:07:01Z
3ba26653df492c2910946b04dbfa627e,Dropbox,"Director, Sales Compensation",Remote - Canada: Select locations,https://jobs.dropbox.com/listing/8121672?gh_jid=8121672,12,Heuristic overlap: 2/20 listed skills and 1/6 locations appeared in the posting.,greenhouse,2026-08-11T15:52:10+00:00,2026-09-07T17:07:01Z
189df1c10bf3d4fba5661c87c00ee9fd,Dropbox,Enterprise Context Architect,Remote - Canada: Select locations,https://jobs.dropbox.com/listing/8036650?gh_jid=8036650,5,Heuristic overlap: 0/20 listed skills and 1/6 locations appeared in the posting.,greenhouse,2026-08-03T15:24:36+00:00,2026-09-07T17:07:01Z
1ee7fdc40cc8f8e33e8c97ef45451e11,Dropbox,Enterprise Context Architect,Remote - US: Select locations,https://jobs.dropbox.com/listing/8036649?gh_jid=8036649,5,Heuristic overlap: 0/20 listed skills and 1/6 locations appeared in the posting.,greenhouse,2026-08-03T15:24:35+00:00,2026-09-07T17:07:01Z
7d06e3ee54f43b16aeed7c71350cda7e,Dropbox,"Infrastructure Software Engineer, Metadata Core",Remote - Poland,https://jobs.dropbox.com/listing/7958409?gh_jid=7958409,26,Heuristic overlap: 6/20 listed skills and 1/6 locations appeared in the posting.,greenhouse,2026-08-05T10:31:33+00:00,2026-09-07T17:07:01Z
9c98abfb477c91cf6a1fabe12b9df84f,Dropbox,"Principal, Market & Competitive Intelligence Manager",Remote - Canada: Select locations,https://jobs.dropbox.com/listing/7862213?gh_jid=7862213,16,Heuristic overlap: 3/20 listed skills and 1/6 locations appeared in the posting.,greenhouse,2026-08-17T17:49:57+00:00,2026-09-07T17:07:01Z
6c0ae2b570727744fefa7dd4161924c5,Dropbox,"Principal, Market & Competitive Intelligence Manager",Remote - US: Select locations,https://jobs.dropbox.com/listing/7862212?gh_jid=7862212,16,Heuristic overlap: 3/20 listed skills and 1/6 locations appeared in the posting.,greenhouse,2026-08-17T17:49:58+00:00,2026-09-07T17:07:01Z
65df2879fe92b4bc95b3249769efc5d2,Dropbox,"Program Manager, Customers",Remote - Canada: Select locations,https://jobs.dropbox.com/listing/8177610?gh_jid=8177610,8,Heuristic overlap: 1/20 listed skills and 1/6 locations appeared in the posting.,greenhouse,2026-09-04T13:34:24+00:00,2026-09-07T17:07:01Z
b8563a2f541ffcf09c4557b188f2e98e,Dropbox,"Program Manager, Customers",Remote - US: Select locations,https://jobs.dropbox.com/listing/8177609?gh_jid=8177609,8,Heuristic overlap: 1/20 listed skills and 1/6 locations appeared in the posting.,greenhouse,2026-09-04T13:34:22+00:00,2026-09-07T17:07:01Z
5456081d96aebe95e8424f82bb423fc9,Dropbox,"Program Manager, Workforce Planning",Remote - Canada: Select locations,https://jobs.dropbox.com/listing/8092225?gh_jid=8092225,12,Heuristic overlap: 2/20 listed skills and 1/6 locations appeared in the posting.,greenhouse,2026-07-31T15:14:44+00:00,2026-09-07T17:07:01Z
8fde8d98c2050d6faa7fc6fa22792e4c,Dropbox,"Program Manager, Workforce Planning",Remote - US: Select locations,https://jobs.dropbox.com/listing/8092224?gh_jid=8092224,12,Heuristic overlap: 2/20 listed skills and 1/6 locations appeared in the posting.,greenhouse,2026-07-31T15:14:45+00:00,2026-09-07T17:07:01Z
8ed974ed6e2ff850437e52c711fdeda2,Dropbox,Regional Sales Operations Manager - EMEA (Remote),Remote - Ireland; Remote - United Kingdom,https://jobs.dropbox.com/listing/8075216?gh_jid=8075216,8,Heuristic overlap: 1/20 listed skills and 1/6 locations appeared in the posting.,greenhouse,2026-07-27T11:07:44+00:00,2026-09-07T17:07:01Z
d43a964becf699286ae599aa4c40a460,Dropbox,Regional Sales Strategy & Operations Manager - APJ (Remote),Remote - Japan,https://jobs.dropbox.com/listing/8075225?gh_jid=8075225,8,Heuristic overlap: 1/20 listed skills and 1/6 locations appeared in the posting.,greenhouse,2026-07-21T15:23:52+00:00,2026-09-07T17:07:01Z
f990199ee1dcccdf9299c6e68f0adeb3,Dropbox,Renewals Strategy Principal Program Manager,Remote - US: Select locations,https://jobs.dropbox.com/listing/8094537?gh_jid=8094537,12,Heuristic overlap: 2/20 listed skills and 1/6 locations appeared in the posting.,greenhouse,2026-08-20T22:30:37+00:00,2026-09-07T17:07:01Z
b179e374fbd888068753c6eed0105507,Dropbox,Senior Account Based Marketing Manager,Remote - Canada: Select locations,https://jobs.dropbox.com/listing/8096471?gh_jid=8096471,12,Heuristic overlap: 2/20 listed skills and 1/6 locations appeared in the posting.,greenhouse,2026-08-20T13:25:33+00:00,2026-09-07T17:07:01Z
6859ec1cdd94edd8397a871a1a697a6b,Dropbox,Senior Account Based Marketing Manager ,Remote - US: Select locations,https://jobs.dropbox.com/listing/8096470?gh_jid=8096470,12,Heuristic overlap: 2/20 listed skills and 1/6 locations appeared in the posting.,greenhouse,2026-08-20T13:25:31+00:00,2026-09-07T17:07:01Z
042915adff498a9727601b06eebef0b4,Dropbox,Senior Account Executive,Remote - US: Select locations,https://jobs.dropbox.com/listing/8159724?gh_jid=8159724,5,Heuristic overlap: 0/20 listed skills and 1/6 locations appeared in the posting.,greenhouse,2026-09-01T10:18:35+00:00,2026-09-07T17:07:01Z
b56c83fb19297f7c82071f36991ce0b0,Dropbox,Senior Account Executive - LATAM,Remote - US: Select locations,https://jobs.dropbox.com/listing/8159659?gh_jid=8159659,8,Heuristic overlap: 1/20 listed skills and 1/6 locations appeared in the posting.,greenhouse,2026-08-28T14:55:14+00:00,2026-09-07T17:07:01Z
5d5bf52e8b0d97460b21bab8eeb80f69,Dropbox,"Senior Director, Global Tax Reporting",Remote - US: All locations,https://jobs.dropbox.com/listing/8094857?gh_jid=8094857,16,Heuristic overlap: 3/20 listed skills and 1/6 locations appeared in the posting.,greenhouse,2026-08-26T15:36:06+00:00,2026-09-07T17:07:01Z
88367eeefe1fade83e430130bbe42020,Dropbox,Senior Growth Account Executive ,Remote - Ireland; Remote - United Kingdom,https://jobs.dropbox.com/listing/8051403?gh_jid=8051403,8,Heuristic overlap: 1/20 listed skills and 1/6 locations appeared in the posting.,greenhouse,2026-07-16T13:44:42+00:00,2026-09-07T17:07:01Z
934188a78ea5ee5dc1a416a30042ff07,Dropbox,"Senior Manager, Data Engineering",Remote - Canada: Select locations,https://jobs.dropbox.com/listing/8090065?gh_jid=8090065,19,Heuristic overlap: 4/20 listed skills and 1/6 locations appeared in the posting.,greenhouse,2026-08-04T17:49:51+00:00,2026-09-07T17:07:01Z
873a86ed1888a413e268804172143479,Dropbox,"Senior Manager, Data Engineering",Remote - US: Select locations,https://jobs.dropbox.com/listing/8090062?gh_jid=8090062,12,Heuristic overlap: 2/20 listed skills and 1/6 locations appeared in the posting.,greenhouse,2026-07-29T21:04:04+00:00,2026-09-07T17:07:01Z
7cb5c2de6aae5f89a9362ff6bc6bc180,Dropbox,"Senior Partner Marketing Manager, AI & ISV Ecosystem",Remote - Canada: Select locations,https://jobs.dropbox.com/listing/8109600?gh_jid=8109600,12,Heuristic overlap: 2/20 listed skills and 1/6 locations appeared in the posting.,greenhouse,2026-08-31T14:03:57+00:00,2026-09-07T17:07:01Z
820aceef853a20e86c76b40026355626,Dropbox,"Senior Partner Marketing Manager, AI & ISV Ecosystem",Remote - US: Select locations,https://jobs.dropbox.com/listing/8109599?gh_jid=8109599,12,Heuristic overlap: 2/20 listed skills and 1/6 locations appeared in the posting.,greenhouse,2026-08-31T14:03:55+00:00,2026-09-07T17:07:01Z
ad552acb4504922a67d3ea4edc84734f,Dropbox,Software Engineering Intern (Summer 2027),Remote - US: All locations,https://jobs.dropbox.com/listing/8106224?gh_jid=8106224,12,Heuristic overlap: 2/20 listed skills and 1/6 locations appeared in the posting.,greenhouse,2026-09-07T15:06:46+00:00,2026-09-07T17:07:01Z
756aaf9091e232005e27d3b287021bc9,Dropbox,Staff Product Designer,Remote - US: Select locations,https://jobs.dropbox.com/listing/8092712?gh_jid=8092712,12,Heuristic overlap: 2/20 listed skills and 1/6 locations appeared in the posting.,greenhouse,2026-08-03T19:08:27+00:00,2026-09-07T17:07:01Z
287a02897301665f991052651ae5a3a0,Dropbox,Staff Product Designer,Remote - Canada: Select locations,https://jobs.dropbox.com/listing/8092715?gh_jid=8092715,12,Heuristic overlap: 2/20 listed skills and 1/6 locations appeared in the posting.,greenhouse,2026-08-03T19:08:29+00:00,2026-09-07T17:07:01Z
fece3178aeb092b21d4bc48988651a52,Databricks,"Account Executive, Commercial - Hunter","Tokyo, Japan",https://databricks.com/company/careers/open-positions/job?gh_jid=8758263002,0,Heuristic overlap: 0/20 listed skills and 0/6 locations appeared in the posting.,greenhouse,2026-08-27T23:45:30+00:00,2026-09-07T17:07:01Z
935fb370c7022cf20aa8011f6d10352d,Databricks,AI Engineer - FDE (Forward Deployed Engineer),"Munich, Germany",https://databricks.com/company/careers/open-positions/job?gh_jid=8749859002,5,Heuristic overlap: 0/20 listed skills and 1/6 locations appeared in the posting.,greenhouse,2026-08-26T08:18:22+00:00,2026-09-07T17:07:01Z
7c4aae5d2582cbce624c21f29882c91f,Databricks,AI Engineer - FDE (Forward Deployed Engineer),"Amsterdam, Netherlands",https://databricks.com/company/careers/open-positions/job?gh_jid=8747605002,5,Heuristic overlap: 0/20 listed skills and 1/6 locations appeared in the posting.,greenhouse,2026-08-26T08:18:20+00:00,2026-09-07T17:07:01Z
5262cd5ffe509e59bb9dcc0df7cd9f03,Databricks,AI Engineer - FDE (Forward Deployed Engineer) - U.S. Federal Sector,"Maryland; Virginia; Washington, D.C.",https://databricks.com/company/careers/open-positions/job?gh_jid=8760167002,5,Heuristic overlap: 0/20 listed skills and 1/6 locations appeared in the posting.,greenhouse,2026-08-28T14:56:31+00:00,2026-09-07T17:07:01Z
cc6bf8133e96763410b26b83801f3c6c,Databricks,AI Engineer — GTM Analytics,United States,https://databricks.com/company/careers/open-positions/job?gh_jid=8638847002,18,Heuristic overlap: 5/20 listed skills and 0/6 locations appeared in the posting.,greenhouse,2026-07-30T17:59:18+00:00,2026-09-07T17:07:01Z
a8f3b071cbc73f2b9f3487f26435966b,Databricks,"Alliance RVP, Boston Consulting Group (BCG)","Atlanta, Georgia; Boston, Massachusetts; Chicago, Illinois; Dallas, Texas; New York City, New York; San Francisco, California; Seattle, Washington",https://databricks.com/company/careers/open-positions/job?gh_jid=8632401002,8,Heuristic overlap: 1/20 listed skills and 1/6 locations appeared in the posting.,greenhouse,2026-07-15T21:53:21+00:00,2026-09-07T17:07:01Z
2f45c9512fec237e9d244de9609978b8,Databricks,"Alliance RVP, McKinsey","Atlanta, Georgia; Boston, Massachusetts; Chicago, Illinois; Dallas, Texas; New York City, New York; San Francisco, California; Seattle, Washington",https://databricks.com/company/careers/open-positions/job?gh_jid=8632403002,8,Heuristic overlap: 1/20 listed skills and 1/6 locations appeared in the posting.,greenhouse,2026-07-15T22:02:31+00:00,2026-09-07T17:07:01Z
1755fb5af26e7237811c1f04dfc2f973,Databricks,AMER Energy Industry Go-To-Market (GTM) Leader,United States,https://databricks.com/company/careers/open-positions/job?gh_jid=8675320002,7,Heuristic overlap: 2/20 listed skills and 0/6 locations appeared in the posting.,greenhouse,2026-08-04T16:59:17+00:00,2026-09-07T17:07:01Z
961762448e3024b20a185419e3804b59,Databricks,Credit and Collections Manager,"Bengaluru, India",https://databricks.com/company/careers/open-positions/job?gh_jid=8756138002,12,Heuristic overlap: 2/20 listed skills and 1/6 locations appeared in the posting.,greenhouse,2026-08-31T18:35:16+00:00,2026-09-07T17:07:01Z
ed60ad622e24591ba60b67f85263154c,Databricks,Delivery Solutions Architect,"Melbourne, Australia; Queensland, Australia",https://databricks.com/company/careers/open-positions/job?gh_jid=8735820002,3,Heuristic overlap: 1/20 listed skills and 0/6 locations appeared in the posting.,greenhouse,2026-08-31T01:45:15+00:00,2026-09-07T17:07:01Z
ec0cdcc9249e57c47cf01d7a000da47e,Databricks,"	Delivery Solutions Architect - Communications, Media, Entertainment & Games",United States,https://databricks.com/company/careers/open-positions/job?gh_jid=8735569002,7,Heuristic overlap: 2/20 listed skills and 0/6 locations appeared in the posting.,greenhouse,2026-08-21T02:29:17+00:00,2026-09-07T17:07:01Z
36f304eaa251de215bc4aada9d4ca30a,Databricks,Delivery Solutions Architect - Healthcare & Life Sciences,United States,https://databricks.com/company/careers/open-positions/job?gh_jid=8597642002,3,Heuristic overlap: 1/20 listed skills and 0/6 locations appeared in the posting.,greenhouse,2026-08-10T23:59:34+00:00,2026-09-07T17:07:01Z
e9e47329b951f2355a84fb7a1093aafd,Databricks,Delivery Solutions Architect - Oil & Gas,Remote - Texas,https://databricks.com/company/careers/open-positions/job?gh_jid=8687483002,8,Heuristic overlap: 1/20 listed skills and 1/6 locations appeared in the posting.,greenhouse,2026-08-06T17:24:09+00:00,2026-09-07T17:07:01Z
1072be5bb20618e6b1e9cacddc02db54,Databricks,Delivery Solutions Architect - Retail,"Denver, Colorado; West Coast - United States",https://databricks.com/company/careers/open-positions/job?gh_jid=8511491002,3,Heuristic overlap: 1/20 listed skills and 0/6 locations appeared in the posting.,greenhouse,2026-08-13T18:24:22+00:00,2026-09-07T17:07:01Z
9e4375b503efa1f86536eea4988fb71f,Databricks,Delivery Solutions Architect - Startups & Emerging Enterprise,Remote - California; Remote - Colorado; Remote - Illinois; Remote - Massachusetts; Remote - New York; Remote - Oregon; Remote - Texas; Remote - Washington,https://databricks.com/company/careers/open-positions/job?gh_jid=8549248002,8,Heuristic overlap: 1/20 listed skills and 1/6 locations appeared in the posting.,greenhouse,2026-07-15T15:53:36+00:00,2026-09-07T17:07:01Z
418f050915c6ac8800aa2ce3cf20ef71,Databricks,Deployment Strategist,India,https://databricks.com/company/careers/open-positions/job?gh_jid=8630011002,3,Heuristic overlap: 1/20 listed skills and 0/6 locations appeared in the posting.,greenhouse,2026-07-28T13:12:25+00:00,2026-09-07T17:07:01Z
f92bccf87fbecb09da28d702ba6f7305,Databricks,Deployment Strategist,Remote - India,https://databricks.com/company/careers/open-positions/job?gh_jid=8637736002,8,Heuristic overlap: 1/20 listed skills and 1/6 locations appeared in the posting.,greenhouse,2026-07-30T08:51:02+00:00,2026-09-07T17:07:01Z
46380137f94e7876259ebc9dbc4ebde0,Databricks,"Director, Alliance",Germany,https://databricks.com/company/careers/open-positions/job?gh_jid=8688832002,12,Heuristic overlap: 2/20 listed skills and 1/6 locations appeared in the posting.,greenhouse,2026-08-24T12:47:15+00:00,2026-09-07T17:07:01Z
71c5826365e6bfbf4435064e4dcc2aea,Databricks,"Director, Americas Field Marketing at Databricks",United States,https://databricks.com/company/careers/open-positions/job?gh_jid=8636157002,10,Heuristic overlap: 3/20 listed skills and 0/6 locations appeared in the posting.,greenhouse,2026-07-16T18:37:25+00:00,2026-09-07T17:07:01Z
7e6b160f55119dbf5941d3f1e5d5d759,Databricks,"Director, Enterprise ",Singapore,https://databricks.com/company/careers/open-positions/job?gh_jid=8603672002,3,Heuristic overlap: 1/20 listed skills and 0/6 locations appeared in the posting.,greenhouse,2026-08-24T06:04:27+00:00,2026-09-07T17:07:01Z
b477ab350e32d55630b1e5006c80c779,Databricks,"Director, Enterprise - Growth","London, United Kingdom",https://databricks.com/company/careers/open-positions/job?gh_jid=8656357002,7,Heuristic overlap: 2/20 listed skills and 0/6 locations appeared in the posting.,greenhouse,2026-07-30T16:08:45+00:00,2026-09-07T17:07:01Z
3085ea63302e21f7c4cbc0c93e8b7c70,Databricks,"Director, Enterprise Sales","Amsterdam, Netherlands",https://databricks.com/company/careers/open-positions/job?gh_jid=8720906002,7,Heuristic overlap: 2/20 listed skills and 0/6 locations appeared in the posting.,greenhouse,2026-08-20T17:27:31+00:00,2026-09-07T17:07:01Z
7d12df1776482af496cd5296ccaa0e63,Databricks,"Director, Field Engineering (CPG & Retail)",United States,https://databricks.com/company/careers/open-positions/job?gh_jid=8693320002,7,Heuristic overlap: 2/20 listed skills and 0/6 locations appeared in the posting.,greenhouse,2026-08-11T02:18:48+00:00,2026-09-07T17:07:01Z
b80aad2681b2db6bf6d9f71bd1f55d96,Databricks,"Director, Field Engineering - Financial Services ","Georgia; Illinois; New York; Texas; Washington, D.C.",https://databricks.com/company/careers/open-positions/job?gh_jid=8628960002,3,Heuristic overlap: 1/20 listed skills and 0/6 locations appeared in the posting.,greenhouse,2026-07-13T13:17:27+00:00,2026-09-07T17:07:01Z
8609ae5167b463810bba138571c2ee45,Databricks,"Director, Global Delivery Excellence",United States,https://databricks.com/company/careers/open-positions/job?gh_jid=8644002002,7,Heuristic overlap: 2/20 listed skills and 0/6 locations appeared in the posting.,greenhouse,2026-07-28T15:25:52+00:00,2026-09-07T17:07:01Z
00e2604c53eb1b55c7afebf2fca51339,Databricks,"Director, Marketing Strategy and AI Transformation",United States,https://databricks.com/company/careers/open-positions/job?gh_jid=8735590002,8,Heuristic overlap: 1/20 listed skills and 1/6 locations appeared in the posting.,greenhouse,2026-08-28T16:38:10+00:00,2026-09-07T17:07:01Z
0beda5c63c1fa166920008e4713e3c34,Databricks,"Director, Paid Media",United States,https://databricks.com/company/careers/open-positions/job?gh_jid=8638631002,3,Heuristic overlap: 1/20 listed skills and 0/6 locations appeared in the posting.,greenhouse,2026-07-21T16:23:57+00:00,2026-09-07T17:07:01Z
88ea16e730d63609dd76502c132ad7ee,Databricks,"Director, People M&A","San Francisco, California",https://databricks.com/company/careers/open-positions/job?gh_jid=8637368002,3,Heuristic overlap: 1/20 listed skills and 0/6 locations appeared in the posting.,greenhouse,2026-07-21T00:47:56+00:00,2026-09-07T17:07:01Z
db5c465f75ab4ca6a0c7158e0ccb4bb0,Databricks,"Director, Web Marketing",United States,https://databricks.com/company/careers/open-positions/job?gh_jid=8638642002,7,Heuristic overlap: 2/20 listed skills and 0/6 locations appeared in the posting.,greenhouse,2026-08-06T18:41:43+00:00,2026-09-07T17:07:01Z
500e3a0647a26aab2116e9971b8c72f6,Databricks,EMEA Sr. Marketing Campaigns Manager - Executive Audiences,"London, United Kingdom",https://databricks.com/company/careers/open-positions/job?gh_jid=8702738002,10,Heuristic overlap: 3/20 listed skills and 0/6 locations appeared in the posting.,greenhouse,2026-08-17T08:53:35+00:00,2026-09-07T17:07:01Z
cb12f6029e8598e51b7f6262ef326874,Databricks,Emerging Enterprise Core Account Executive,"Paris, France",https://databricks.com/company/careers/open-positions/job?gh_jid=8727545002,3,Heuristic overlap: 1/20 listed skills and 0/6 locations appeared in the posting.,greenhouse,2026-08-19T13:48:40+00:00,2026-09-07T17:07:01Z
66e919bc58462602372693f88f61c8a5,Databricks,"Engineering Manager, CustomerLake Profile Agents","New York City, New York",https://databricks.com/company/careers/open-positions/job?gh_jid=8709386002,0,Heuristic overlap: 0/20 listed skills and 0/6 locations appeared in the posting.,greenhouse,2026-08-13T22:11:15+00:00,2026-09-07T17:07:01Z
b11185e129a5623ac3e2d0667bb4d24c,Databricks,Enterprise Account Executive - CMEG ,"Boston, Massachusetts",https://databricks.com/company/careers/open-positions/job?gh_jid=8695183002,5,Heuristic overlap: 0/20 listed skills and 1/6 locations appeared in the posting.,greenhouse,2026-08-12T21:00:56+00:00,2026-09-07T17:07:01Z
2cf936a912e966b607c731038c5b9efb,Databricks,Enterprise Account Executive - Gaming ,Nevada,https://databricks.com/company/careers/open-positions/job?gh_jid=8588516002,5,Heuristic overlap: 0/20 listed skills and 1/6 locations appeared in the posting.,greenhouse,2026-08-24T13:33:54+00:00,2026-09-07T17:07:01Z
0a3f8916efa17fb8a24adbfcbdd7b42d,Databricks,"Enterprise Account Executive, Healthcare",Remote - Massachusetts; Remote - New York; Tennessee,https://databricks.com/company/careers/open-positions/job?gh_jid=8686323002,5,Heuristic overlap: 0/20 listed skills and 1/6 locations appeared in the posting.,greenhouse,2026-08-06T13:42:07+00:00,2026-09-07T17:07:01Z
3d89ccc1b8642d7842c4d5b6525c76d2,Databricks,"Enterprise Account Executive, Nordics","Stockholm, Sweden",https://databricks.com/company/careers/open-positions/job?gh_jid=8736885002,0,Heuristic overlap: 0/20 listed skills and 0/6 locations appeared in the posting.,greenhouse,2026-08-28T16:06:15+00:00,2026-09-07T17:07:01Z
75a886bb228aef32464e9202a641c38a,Databricks,Enterprise Account Executive - QSR,Remote - North Carolina,https://databricks.com/company/careers/open-positions/job?gh_jid=8641388002,5,Heuristic overlap: 0/20 listed skills and 1/6 locations appeared in the posting.,greenhouse,2026-08-26T21:29:09+00:00,2026-09-07T17:07:01Z
6bb83129469d48d89d51e0ec365232ea,Databricks,Enterprise Account Executive - Retail ,Remote - Texas,https://databricks.com/company/careers/open-positions/job?gh_jid=8582321002,5,Heuristic overlap: 0/20 listed skills and 1/6 locations appeared in the posting.,greenhouse,2026-08-31T19:52:44+00:00,2026-09-07T17:07:01Z
66b70c462e993a3a423b1cab1a4fdc28,Databricks,Enterprise Account Executive - Retail ,"London, United Kingdom",https://databricks.com/company/careers/open-positions/job?gh_jid=8622319002,0,Heuristic overlap: 0/20 listed skills and 0/6 locations appeared in the posting.,greenhouse,2026-07-14T10:11:55+00:00,2026-09-07T17:07:01Z
db9b5e17fa4e13df5fc0784a9d54f3eb,Databricks,"Enterprise Account Executive, State and Local","Maryland; Philadelphia, Pennsylvania",https://databricks.com/company/careers/open-positions/job?gh_jid=8631661002,0,Heuristic overlap: 0/20 listed skills and 0/6 locations appeared in the posting.,greenhouse,2026-08-25T12:46:38+00:00,2026-09-07T17:07:01Z
e1cbd694f446f76106f8ef4f0706a8c4,Databricks,Enterprise Account Executive – Utilities,"London, United Kingdom",https://databricks.com/company/careers/open-positions/job?gh_jid=8737171002,0,Heuristic overlap: 0/20 listed skills and 0/6 locations appeared in the posting.,greenhouse,2026-08-26T16:00:18+00:00,2026-09-07T17:07:01Z
f68d107fb6613e5b6b2d360f26680fb2,Databricks,Enterprise Geo Hunter Account Executive - Financial Services,Northeast - United States,https://databricks.com/company/careers/open-positions/job?gh_jid=8770533002,0,Heuristic overlap: 0/20 listed skills and 0/6 locations appeared in the posting.,greenhouse,2026-09-04T05:32:56+00:00,2026-09-07T17:07:01Z
eec3444e87d41aa91d4dc8ad3a8ae6d9,Databricks,"Enterprise Hunter Account Executive, Benelux ","Amsterdam, Netherlands",https://databricks.com/company/careers/open-positions/job?gh_jid=8642499002,0,Heuristic overlap: 0/20 listed skills and 0/6 locations appeared in the posting.,greenhouse,2026-07-29T08:46:59+00:00,2026-09-07T17:07:01Z
a39fbc538acf0242cca8d25d2fb80a89,Databricks,"Event Marketing Manager, 3P & Partner",United States,https://databricks.com/company/careers/open-positions/job?gh_jid=8638637002,7,Heuristic overlap: 2/20 listed skills and 0/6 locations appeared in the posting.,greenhouse,2026-07-21T17:10:10+00:00,2026-09-07T17:07:01Z
23ef6ae44f132d7bed606bcc982e4e01,Databricks,Evergreen - FDE Brazil,Brazil,https://databricks.com/company/careers/open-positions/job?gh_jid=8638732002,7,Heuristic overlap: 2/20 listed skills and 0/6 locations appeared in the posting.,greenhouse,2026-07-17T16:28:37+00:00,2026-09-07T17:07:01Z
aca73ade90441f672439197271172066,Databricks,Executive Assistant,"Belgrade, Serbia",https://databricks.com/company/careers/open-positions/job?gh_jid=8701067002,3,Heuristic overlap: 1/20 listed skills and 0/6 locations appeared in the posting.,greenhouse,2026-08-24T08:50:11+00:00,2026-09-07T17:07:01Z
cd5a0515973fd1bb415b94cb6e62ba99,Databricks,"Executive Assistant, R&D","Belgrade, Serbia",https://databricks.com/company/careers/open-positions/job?gh_jid=8743120002,7,Heuristic overlap: 2/20 listed skills and 0/6 locations appeared in the posting.,greenhouse,2026-09-04T11:36:59+00:00,2026-09-07T17:07:01Z
0fd9f960c2ea2e3ab1f10ec8470f8eaa,Databricks,Field CTO - Public Sector,"Maryland; Virginia; Washington, D.C.",https://databricks.com/company/careers/open-positions/job?gh_jid=8583083002,3,Heuristic overlap: 1/20 listed skills and 0/6 locations appeared in the posting.,greenhouse,2026-07-14T15:00:45+00:00,2026-09-07T17:07:01Z
dac31db1f9333b2f5144bf257e52633b,Databricks,Field Engineering Enablement Leader,United States,https://databricks.com/company/careers/open-positions/job?gh_jid=8701065002,7,Heuristic overlap: 2/20 listed skills and 0/6 locations appeared in the posting.,greenhouse,2026-08-18T20:51:35+00:00,2026-09-07T17:07:01Z
3b3040d5af7cf9782de0518c517875ae,Databricks,"Field Engineering Manager, Specialist Solutions Architects - Nordics",Sweden,https://databricks.com/company/careers/open-positions/job?gh_jid=8677627002,3,Heuristic overlap: 1/20 listed skills and 0/6 locations appeared in the posting.,greenhouse,2026-08-07T15:43:37+00:00,2026-09-07T17:07:01Z
bb1e0e774439232b585794b8f36e1cfa,Databricks,"Field Marketing Manager, Mexico",Mexico City,https://databricks.com/company/careers/open-positions/job?gh_jid=8641466002,10,Heuristic overlap: 3/20 listed skills and 0/6 locations appeared in the posting.,greenhouse,2026-08-03T19:23:46+00:00,2026-09-07T17:07:01Z
b6e8a0f7be87c8f108d45f66458f4539,Databricks,Forward Deployed Engineer,"Berlin, Germany; Munich, Germany",https://databricks.com/company/careers/open-positions/job?gh_jid=8648494002,7,Heuristic overlap: 2/20 listed skills and 0/6 locations appeared in the posting.,greenhouse,2026-08-24T08:39:05+00:00,2026-09-07T17:07:01Z
8bea6ab2e55a66c686dcee6419a02491,Databricks,Forward Deployed Engineer (FDE) - Public Sector,United States,https://databricks.com/company/careers/open-positions/job?gh_jid=8611108002,7,Heuristic overlap: 2/20 listed skills and 0/6 locations appeared in the posting.,greenhouse,2026-07-23T20:18:50+00:00,2026-09-07T17:07:01Z
5da58fbde011871b30a1b974272640d3,Databricks,Forward Deployed Engineering - Senior Architect,"London, United Kingdom",https://databricks.com/company/careers/open-positions/job?gh_jid=8656202002,7,Heuristic overlap: 2/20 listed skills and 0/6 locations appeared in the posting.,greenhouse,2026-07-30T08:34:11+00:00,2026-09-07T17:07:01Z
7f7c5aa16ba29c0c4fe78f430fa073c5,Databricks,Full Stack Developer (AI Agents),"Bengaluru, India",https://databricks.com/company/careers/open-positions/job?gh_jid=8632126002,16,Heuristic overlap: 3/20 listed skills and 1/6 locations appeared in the posting.,greenhouse,2026-07-30T06:43:08+00:00,2026-09-07T17:07:01Z
cda1993f8dfca2c0bc170978bf9855d9,Databricks,"Geo Core Account Executive, Central America & Caribbean","Florida, United States",https://databricks.com/company/careers/open-positions/job?gh_jid=8707779002,0,Heuristic overlap: 0/20 listed skills and 0/6 locations appeared in the posting.,greenhouse,2026-08-13T19:06:04+00:00,2026-09-07T17:07:01Z
0a44badbe75869f110fc9306445d5d59,Databricks,Global Cash & Treasury Operations Manager,"Mountain View, California; San Francisco, California",https://databricks.com/company/careers/open-positions/job?gh_jid=8679976002,3,Heuristic overlap: 1/20 listed skills and 0/6 locations appeared in the posting.,greenhouse,2026-08-27T20:05:12+00:00,2026-09-07T17:07:01Z
7c2cca8d434832fce5e48da86434d057,Databricks,"Global Senior Workplace Manager, Food and Beverage","San Francisco, California",https://databricks.com/company/careers/open-positions/job?gh_jid=8603394002,7,Heuristic overlap: 2/20 listed skills and 0/6 locations appeared in the posting.,greenhouse,2026-09-03T22:33:18+00:00,2026-09-07T17:07:01Z
aed700d8491cc53d0ac87f9cba979166,Databricks,"Global Workplace Services Manager, Events & Experiences","San Francisco, California",https://databricks.com/company/careers/open-positions/job?gh_jid=8603392002,7,Heuristic overlap: 2/20 listed skills and 0/6 locations appeared in the posting.,greenhouse,2026-09-03T16:58:14+00:00,2026-09-07T17:07:01Z
0b2734b2a9ee3a67eba80495854088f0,Databricks,Infrastructure & Platform Senior Specialist Solutions Engineer,"London, United Kingdom",https://databricks.com/company/careers/open-positions/job?gh_jid=8657553002,10,Heuristic overlap: 3/20 listed skills and 0/6 locations appeared in the posting.,greenhouse,2026-09-03T14:44:42+00:00,2026-09-07T17:07:01Z
643f8d2be684eb9e923ad4fb19e93070,Databricks,Infrastructure & Platform Specialist Solutions Architect (SSA) ,"London, United Kingdom",https://databricks.com/company/careers/open-positions/job?gh_jid=8642617002,10,Heuristic overlap: 3/20 listed skills and 0/6 locations appeared in the posting.,greenhouse,2026-07-24T17:00:13+00:00,2026-09-07T17:07:01Z
bc1ebdd453a3bb3209153d194d054e14,Databricks,International Accounts Payable Manager,"Bengaluru, India",https://databricks.com/company/careers/open-positions/job?gh_jid=8717004002,8,Heuristic overlap: 1/20 listed skills and 1/6 locations appeared in the posting.,greenhouse,2026-08-31T19:00:04+00:00,2026-09-07T17:07:01Z
716368c3191fae048677287679e78cbf,Databricks,Lakebase Associate Director- Financial Services,United States,https://databricks.com/company/careers/open-positions/job?gh_jid=8571578002,10,Heuristic overlap: 3/20 listed skills and 0/6 locations appeared in the posting.,greenhouse,2026-08-24T13:11:32+00:00,2026-09-07T17:07:01Z
208fbb8fd06d206356552bff9d83bac2,Databricks,Lakebase Associate Director Specialist-MFG,United States,https://databricks.com/company/careers/open-positions/job?gh_jid=8569498002,10,Heuristic overlap: 3/20 listed skills and 0/6 locations appeared in the posting.,greenhouse,2026-07-31T19:50:36+00:00,2026-09-07T17:07:01Z
51ec0c0b980a9fbf0ab74c15826460e9,Databricks,"Lakebase Sales Specialist, Associate Director (Switzerland, Austria, Eastern Europe)","Zürich, Switzerland",https://databricks.com/company/careers/open-positions/job?gh_jid=8569514002,10,Heuristic overlap: 3/20 listed skills and 0/6 locations appeared in the posting.,greenhouse,2026-08-18T09:58:03+00:00,2026-09-07T17:07:01Z
d9bc36bb16ebc55a8dc1b5ba01351ff8,Databricks,"Lead Engagement Manager, FDE - CMEG","Dallas, Texas; New Jersey; New York",https://databricks.com/company/careers/open-positions/job?gh_jid=8654148002,7,Heuristic overlap: 2/20 listed skills and 0/6 locations appeared in the posting.,greenhouse,2026-08-04T20:16:10+00:00,2026-09-07T17:07:01Z
7d1977d3988ce11cdc4738c500513cea,Databricks,"Lead GTM Enablement & Scale Architect, Product Enablement",United States,https://databricks.com/company/careers/open-positions/job?gh_jid=8644006002,7,Heuristic overlap: 2/20 listed skills and 0/6 locations appeared in the posting.,greenhouse,2026-08-03T15:42:14+00:00,2026-09-07T17:07:01Z
cfc3f177fb448ca88cca656df87d85ce,Databricks,"Manager, Delivery Solutions Architects - Emerging Enterprise",Remote - California; Remote - Colorado; Remote - Illinois; Remote - Massachusetts; Remote - New York; Remote - Oregon; Remote - Pennsylvania; Remote - Texas; Remote - Washington,https://databricks.com/company/careers/open-positions/job?gh_jid=8642263002,12,Heuristic overlap: 2/20 listed skills and 1/6 locations appeared in the posting.,greenhouse,2026-07-30T19:17:41+00:00,2026-09-07T17:07:01Z
d171865ce1a1253682f4046f77089eb1,Databricks,"Manager, Delivery Solutions Architects - Public Sector",Maryland; Remote - Virginia; Remote - Washington D.C.,https://databricks.com/company/careers/open-positions/job?gh_jid=8739519002,5,Heuristic overlap: 0/20 listed skills and 1/6 locations appeared in the posting.,greenhouse,2026-08-26T19:49:58+00:00,2026-09-07T17:07:01Z
14053d8a51a3ecfb1aac4658a594ab61,Databricks,"Manager, Developer Relations - Open Source","San Francisco, California",https://databricks.com/company/careers/open-positions/job?gh_jid=8716189002,7,Heuristic overlap: 2/20 listed skills and 0/6 locations appeared in the posting.,greenhouse,2026-08-14T20:22:43+00:00,2026-09-07T17:07:01Z
bd69bd1a75bc011890d04ddaf76bb766,Databricks,"Manager, Developer Relations - Open Source","Seattle, Washington",https://databricks.com/company/careers/open-positions/job?gh_jid=8716713002,7,Heuristic overlap: 2/20 listed skills and 0/6 locations appeared in the posting.,greenhouse,2026-08-14T20:22:44+00:00,2026-09-07T17:07:01Z
442bc585b4568841ff57f6e350dd606a,Databricks,"Manager, Field Engineering","Sao Paulo, Brazil",https://databricks.com/company/careers/open-positions/job?gh_jid=8589185002,3,Heuristic overlap: 1/20 listed skills and 0/6 locations appeared in the posting.,greenhouse,2026-09-03T05:12:17+00:00,2026-09-07T17:07:01Z
8aab5f361c3ac1cb418bf29977350a13,Databricks,"Manager, Forward Deployed Engineering","Tokyo, Japan",https://databricks.com/company/careers/open-positions/job?gh_jid=8535419002,10,Heuristic overlap: 3/20 listed skills and 0/6 locations appeared in the posting.,greenhouse,2026-07-28T02:40:05+00:00,2026-09-07T17:07:01Z
5dd27c5bbc631ac382b7d185741640ad,Databricks,"Manager, Forward Deployed Engineering",Singapore,https://databricks.com/company/careers/open-positions/job?gh_jid=8629997002,3,Heuristic overlap: 1/20 listed skills and 0/6 locations appeared in the posting.,greenhouse,2026-07-15T03:18:53+00:00,2026-09-07T17:07:01Z
788eb473ed45c870f33cb9e997ce479f,Databricks,"Manager, Technical Solutions Spark","Bengaluru, India",https://databricks.com/company/careers/open-positions/job?gh_jid=8619213002,8,Heuristic overlap: 1/20 listed skills and 1/6 locations appeared in the posting.,greenhouse,2026-09-02T03:37:03+00:00,2026-09-07T17:07:01Z
769210656c89d5df9c4d8e48535301d8,Databricks,Named Core Account Executive,"Calgary, Canada; Vancouver, Canada",https://databricks.com/company/careers/open-positions/job?gh_jid=8652588002,0,Heuristic overlap: 0/20 listed skills and 0/6 locations appeared in the posting.,greenhouse,2026-08-27T03:13:43+00:00,2026-09-07T17:07:01Z
a4b342cb698dcae3e9c90a9d8a33dcbb,Databricks,Named Core Account Executive ,"Calgary, Canada; Vancouver, Canada",https://databricks.com/company/careers/open-positions/job?gh_jid=8693555002,0,Heuristic overlap: 0/20 listed skills and 0/6 locations appeared in the posting.,greenhouse,2026-08-14T19:38:46+00:00,2026-09-07T17:07:01Z
898e24c241e3e9ca964c829512bae190,Databricks,Named Core Account Executive-Manufacturing ,"Boston, Massachusetts; Kentucky; United States",https://databricks.com/company/careers/open-positions/job?gh_jid=8770524002,5,Heuristic overlap: 0/20 listed skills and 1/6 locations appeared in the posting.,greenhouse,2026-09-01T20:24:21+00:00,2026-09-07T17:07:01Z
1094e52cf76944ca56a226436aba97c6,Databricks,Named Core Account Executive (Public Sector),Singapore,https://databricks.com/company/careers/open-positions/job?gh_jid=8537058002,0,Heuristic overlap: 0/20 listed skills and 0/6 locations appeared in the posting.,greenhouse,2026-08-04T07:33:17+00:00,2026-09-07T17:07:01Z
75c5018118a6116a530ee31203d42dcc,Databricks,Named Core Account Executive - Retail,"Munich, Germany",https://databricks.com/company/careers/open-positions/job?gh_jid=8700402002,0,Heuristic overlap: 0/20 listed skills and 0/6 locations appeared in the posting.,greenhouse,2026-09-07T10:35:46+00:00,2026-09-07T17:07:01Z
5e8460c1a05476bfbf1f789f509ab6f7,Databricks,Named Enterprise Account Executive,"Stockholm, Sweden",https://databricks.com/company/careers/open-positions/job?gh_jid=8536436002,0,Heuristic overlap: 0/20 listed skills and 0/6 locations appeared in the posting.,greenhouse,2026-08-18T15:05:18+00:00,2026-09-07T17:07:01Z
deec6cc7cc7d3c38b69d653ff7c2dc7d,Databricks,"Named Enterprise Account Executive, Financial Services","Milan, Italy",https://databricks.com/company/careers/open-positions/job?gh_jid=8660983002,0,Heuristic overlap: 0/20 listed skills and 0/6 locations appeared in the posting.,greenhouse,2026-08-04T13:51:04+00:00,2026-09-07T17:07:01Z
d18c708838942da873599519fa9ba8fe,Databricks,P2P Data & Automation Analyst,"San Francisco, California",https://databricks.com/company/careers/open-positions/job?gh_jid=8633071002,7,Heuristic overlap: 2/20 listed skills and 0/6 locations appeared in the posting.,greenhouse,2026-08-03T19:42:27+00:00,2026-09-07T17:07:01Z
5d19efaa9cf1f65c45358498232c126c,Databricks,Partner Enablement Operations Manager,"Bengaluru, India; Mumbai, India",https://databricks.com/company/careers/open-positions/job?gh_jid=8644000002,12,Heuristic overlap: 2/20 listed skills and 1/6 locations appeared in the posting.,greenhouse,2026-08-04T14:43:57+00:00,2026-09-07T17:07:01Z
e81b59d9c17f75231ce9848ac9130ffb,Databricks,"Partner Engineer: Partner Intelligence, AI & Apps","San Francisco, California",https://databricks.com/company/careers/open-positions/job?gh_jid=8643542002,3,Heuristic overlap: 1/20 listed skills and 0/6 locations appeared in the posting.,greenhouse,2026-07-22T23:17:24+00:00,2026-09-07T17:07:01Z
c1ee7e8c21251e2e1f3cfd3297acda2c,Databricks,"Partner Sales Director, Manufacturing & Energy",United States,https://databricks.com/company/careers/open-positions/job?gh_jid=8639997002,3,Heuristic overlap: 1/20 listed skills and 0/6 locations appeared in the posting.,greenhouse,2026-07-28T23:13:03+00:00,2026-09-07T17:07:01Z
c5e0ef20366962ae5e8fdb5f457be936,Databricks,Partner Sales & Pre-sales Enablement Lead,United States,https://databricks.com/company/careers/open-positions/job?gh_jid=8643998002,7,Heuristic overlap: 2/20 listed skills and 0/6 locations appeared in the posting.,greenhouse,2026-07-27T14:27:54+00:00,2026-09-07T17:07:01Z
36ab046b512e7a6adebc6a7fab1b57a8,Databricks, Partner Solutions Architect ,"Tokyo, Japan",https://databricks.com/company/careers/open-positions/job?gh_jid=8785221002,3,Heuristic overlap: 1/20 listed skills and 0/6 locations appeared in the posting.,greenhouse,2026-09-07T11:10:07+00:00,2026-09-07T17:07:01Z
cdadfaefbd61013bd094a3bf983feff4,Databricks,Payroll Tax Manager,"Mountain View, California; San Francisco, California",https://databricks.com/company/careers/open-positions/job?gh_jid=8604587002,7,Heuristic overlap: 2/20 listed skills and 0/6 locations appeared in the posting.,greenhouse,2026-07-31T01:05:41+00:00,2026-09-07T17:07:01Z
4edb8fece4a28109065efd38b81db9bb,Databricks,Pre-sales Engineering Manager (Retail & CPG),"London, United Kingdom",https://databricks.com/company/careers/open-positions/job?gh_jid=8686919002,3,Heuristic overlap: 1/20 listed skills and 0/6 locations appeared in the posting.,greenhouse,2026-08-12T15:05:51+00:00,2026-09-07T17:07:01Z
cbfc7e4e85b69aaac636e003b18c1d8b,Databricks,"Principal Event Marketing Manager, Data + AI World Tour",United States,https://databricks.com/company/careers/open-positions/job?gh_jid=8638646002,7,Heuristic overlap: 2/20 listed skills and 0/6 locations appeared in the posting.,greenhouse,2026-08-03T16:09:54+00:00,2026-09-07T17:07:01Z
c33c979f874511153c51a8bea0a7999a,Databricks,"Procurement Operations Leader, Buy Desk ","San Francisco, California",https://databricks.com/company/careers/open-positions/job?gh_jid=8304676002,3,Heuristic overlap: 1/20 listed skills and 0/6 locations appeared in the posting.,greenhouse,2026-07-30T21:20:11+00:00,2026-09-07T17:07:01Z
bb8c97a3f61f41aee7040fc8052861f5,Databricks,Product Operations Manager,Costa Rica,https://databricks.com/company/careers/open-positions/job?gh_jid=8720202002,10,Heuristic overlap: 3/20 listed skills and 0/6 locations appeared in the posting.,greenhouse,2026-08-24T20:53:04+00:00,2026-09-07T17:07:01Z
fbab33347cfa71c2c07cdf2fd373c49f,Databricks,Product Specialist - Gen AI  (Sr. Specialist Solutions Architect) ,"Amsterdam, Netherlands",https://databricks.com/company/careers/open-positions/job?gh_jid=8750467002,10,Heuristic overlap: 3/20 listed skills and 0/6 locations appeared in the posting.,greenhouse,2026-08-26T13:28:27+00:00,2026-09-07T17:07:01Z
cf9b1642a918d4f3df4fdf83ec508cec,Databricks,Product Specialist - Gen AI  (Sr. Specialist Solutions Architect) ,"Paris, France",https://databricks.com/company/careers/open-positions/job?gh_jid=8746260002,10,Heuristic overlap: 3/20 listed skills and 0/6 locations appeared in the posting.,greenhouse,2026-08-26T13:24:00+00:00,2026-09-07T17:07:01Z
8f78f9dd732960908b7ed4f2f6829ef3,Databricks,Recruiter (Contract),Singapore,https://databricks.com/company/careers/open-positions/job?gh_jid=8729618002,3,Heuristic overlap: 1/20 listed skills and 0/6 locations appeared in the posting.,greenhouse,2026-08-19T12:42:50+00:00,2026-09-07T17:07:01Z
e5ea5fa0c565b0a30157265299d60164,Databricks,"Recruiter, GTM & Field Engineering","London, United Kingdom",https://databricks.com/company/careers/open-positions/job?gh_jid=8771700002,3,Heuristic overlap: 1/20 listed skills and 0/6 locations appeared in the posting.,greenhouse,2026-09-04T16:50:44+00:00,2026-09-07T17:07:01Z
9eb1516e25a3c2a85b50635990a0fc10,Databricks,"Sales Leader, Hunter VC-Backed Startups","San Francisco, California",https://databricks.com/company/careers/open-positions/job?gh_jid=8614178002,7,Heuristic overlap: 2/20 listed skills and 0/6 locations appeared in the posting.,greenhouse,2026-08-27T17:24:21+00:00,2026-09-07T17:07:01Z
8d21a7682ae15e85978f518e3672bcc7,Databricks,"Sales Leader, VC-Backed Startups","San Francisco, California",https://databricks.com/company/careers/open-positions/job?gh_jid=8738676002,7,Heuristic overlap: 2/20 listed skills and 0/6 locations appeared in the posting.,greenhouse,2026-08-27T15:19:34+00:00,2026-09-07T17:07:01Z
189854d1613f846dc4c2f09d737a5fc4,Databricks,"SAP Consolidations Manager, International Accounting","Bengaluru, India",https://databricks.com/company/careers/open-positions/job?gh_jid=8688875002,13,Heuristic overlap: 1/20 listed skills and 2/6 locations appeared in the posting.,greenhouse,2026-08-29T18:25:05+00:00,2026-09-07T17:07:01Z
2e57082a88bcd7075e4ea1d6aa696889,Databricks,SAP Functional SME,"Bengaluru, India",https://databricks.com/company/careers/open-positions/job?gh_jid=8688851002,8,Heuristic overlap: 1/20 listed skills and 1/6 locations appeared in the posting.,greenhouse,2026-08-25T19:42:19+00:00,2026-09-07T17:07:01Z
88a468781cb53da3d8dd4254ed37d4c7,Databricks,SAP Functional SME,"Mountain View, California",https://databricks.com/company/careers/open-positions/job?gh_jid=8679970002,3,Heuristic overlap: 1/20 listed skills and 0/6 locations appeared in the posting.,greenhouse,2026-08-10T02:33:09+00:00,2026-09-07T17:07:01Z
69734e7bb116790f9f81854f02360371,Databricks,SAP Technical Lead,"Mountain View, California",https://databricks.com/company/careers/open-positions/job?gh_jid=8679972002,7,Heuristic overlap: 2/20 listed skills and 0/6 locations appeared in the posting.,greenhouse,2026-09-01T20:02:26+00:00,2026-09-07T17:07:01Z
82a78b1b8ffa2590ba42c6788ccc2aad,Databricks,Scale Sales Enablement Lead,United States,https://databricks.com/company/careers/open-positions/job?gh_jid=8548500002,7,Heuristic overlap: 2/20 listed skills and 0/6 locations appeared in the posting.,greenhouse,2026-08-18T12:16:58+00:00,2026-09-07T17:07:01Z
6a7e4f43c6ec1813259c9e5c13802afa,Databricks,Senior AI Engineer - FDE (Forward Deployed Engineer),"Tokyo, Japan",https://databricks.com/company/careers/open-positions/job?gh_jid=8569392002,0,Heuristic overlap: 0/20 listed skills and 0/6 locations appeared in the posting.,greenhouse,2026-08-03T12:53:32+00:00,2026-09-07T17:07:01Z
1925991dcbbb9b48e5d8f4cbf2c9b6ed,Databricks,Senior Applied ML Engineer - ML4Sys ,"San Francisco, California",https://databricks.com/company/careers/open-positions/job?gh_jid=8656900002,3,Heuristic overlap: 1/20 listed skills and 0/6 locations appeared in the posting.,greenhouse,2026-08-03T16:11:51+00:00,2026-09-07T17:07:01Z
49ef33277f1849adbb4d82a728017b2a,Databricks,Senior Designated Support Engineer,"Sydney, Australia",https://databricks.com/company/careers/open-positions/job?gh_jid=8740680002,14,Heuristic overlap: 4/20 listed skills and 0/6 locations appeared in the posting.,greenhouse,2026-08-22T16:47:59+00:00,2026-09-07T17:07:01Z
1f19247bf4e4d57e116b4aaeecfe031d,Databricks,"Senior Director, Alliance",EMEA,https://databricks.com/company/careers/open-positions/job?gh_jid=8688840002,7,Heuristic overlap: 2/20 listed skills and 0/6 locations appeared in the posting.,greenhouse,2026-08-26T10:32:26+00:00,2026-09-07T17:07:01Z
4b06b0e5b2beda86ce4e0aba531b2742,Databricks,Senior Engineering Manager for Self-Serve (Learning),"Mountain View, California",https://databricks.com/company/careers/open-positions/job?gh_jid=7987657002,3,Heuristic overlap: 1/20 listed skills and 0/6 locations appeared in the posting.,greenhouse,2026-08-21T23:19:12+00:00,2026-09-07T17:07:01Z
493686b276577da8f56663d087289f82,Databricks,Senior Forward Deployed Engineer,"Bengaluru, India",https://databricks.com/company/careers/open-positions/job?gh_jid=8629999002,12,Heuristic overlap: 2/20 listed skills and 1/6 locations appeared in the posting.,greenhouse,2026-08-21T09:50:35+00:00,2026-09-07T17:07:01Z
6a522e0cad5501eda213db7fc254bd25,Databricks,"Senior Fullstack Software Engineer - Enterprise Configuration & Administration, CustomerLake","New York City, New York",https://databricks.com/company/careers/open-positions/job?gh_jid=8715639002,10,Heuristic overlap: 3/20 listed skills and 0/6 locations appeared in the posting.,greenhouse,2026-08-14T15:45:21+00:00,2026-09-07T17:07:01Z
21b915c6de2474bc49cb61369e008fa3,Databricks,Senior Go-To-Market (GTM) Analytics Engineer (AI & Pipelines),"Belgrade, Serbia",https://databricks.com/company/careers/open-positions/job?gh_jid=8638849002,7,Heuristic overlap: 2/20 listed skills and 0/6 locations appeared in the posting.,greenhouse,2026-08-03T15:18:49+00:00,2026-09-07T17:07:01Z
2d052d4d87f313b045217adcea16b7c9,Databricks,Senior SAP Developer,"Bengaluru, India",https://databricks.com/company/careers/open-positions/job?gh_jid=8679980002,8,Heuristic overlap: 1/20 listed skills and 1/6 locations appeared in the posting.,greenhouse,2026-08-10T02:29:46+00:00,2026-09-07T17:07:01Z
4ab7c9dfc3b0794221ec69c6c5b9d4dd,Databricks,"Senior Software Engineer, AI Native Web Platform","Mountain View, California",https://databricks.com/company/careers/open-positions/job?gh_jid=8635216002,0,Heuristic overlap: 0/20 listed skills and 0/6 locations appeared in the posting.,greenhouse,2026-07-15T20:33:01+00:00,2026-09-07T17:07:01Z
111597aec028f1e9fa366f7d07bfcf3c,Databricks,Senior Solutions Architect,"Mumbai, India",https://databricks.com/company/careers/open-positions/job?gh_jid=8620637002,7,Heuristic overlap: 2/20 listed skills and 0/6 locations appeared in the posting.,greenhouse,2026-08-12T05:04:57+00:00,2026-09-07T17:07:01Z
2b338e607d483137a8c1eabf49563ffa,Databricks,Senior Solutions Architect,Central - United States; Northeast - United States; Southeast - United States,https://databricks.com/company/careers/open-positions/job?gh_jid=8567957002,7,Heuristic overlap: 2/20 listed skills and 0/6 locations appeared in the posting.,greenhouse,2026-07-28T16:17:11+00:00,2026-09-07T17:07:01Z
cb97c7ac3f09fb48ce08cde6ac1f642a,Databricks,Senior Solutions Architect,"Bengaluru, India",https://databricks.com/company/careers/open-positions/job?gh_jid=8661245002,12,Heuristic overlap: 2/20 listed skills and 1/6 locations appeared in the posting.,greenhouse,2026-08-11T02:53:05+00:00,2026-09-07T17:07:01Z
cb97c7ac3f09fb48ce08cde6ac1f642a,Databricks,Senior Solutions Architect,"Bengaluru, India",https://databricks.com/company/careers/open-positions/job?gh_jid=8652984002,12,Heuristic overlap: 2/20 listed skills and 1/6 locations appeared in the posting.,greenhouse,2026-08-29T06:49:24+00:00,2026-09-07T17:07:01Z
ad6db4d4c6fcf3eccaca844698030622,Databricks,Senior Solutions Architect (EDW Enterprise Data Warehouse Migrations),"London, United Kingdom",https://databricks.com/company/careers/open-positions/job?gh_jid=8704938002,10,Heuristic overlap: 3/20 listed skills and 0/6 locations appeared in the posting.,greenhouse,2026-08-17T07:46:40+00:00,2026-09-07T17:07:01Z
8933e25999f2d2a2eb076b87f2f3c5bb,Databricks,Senior Solutions Architect (EDW Enterprise Data Warehouse Migrations),"Milan, Italy",https://databricks.com/company/careers/open-positions/job?gh_jid=8720254002,10,Heuristic overlap: 3/20 listed skills and 0/6 locations appeared in the posting.,greenhouse,2026-08-17T07:55:20+00:00,2026-09-07T17:07:01Z
584bc94e799e8f8ec9b1030928ea8827,Databricks,Senior Solutions Architect (EDW Enterprise Data Warehouse Migrations),"Paris, France",https://databricks.com/company/careers/open-positions/job?gh_jid=8720251002,10,Heuristic overlap: 3/20 listed skills and 0/6 locations appeared in the posting.,greenhouse,2026-08-17T07:49:59+00:00,2026-09-07T17:07:01Z
5f7753d2052bc38a82bad20172161700,Databricks,Senior Solutions Architect (EDW Enterprise Data Warehouse Migrations),"Amsterdam, Netherlands",https://databricks.com/company/careers/open-positions/job?gh_jid=8720252002,10,Heuristic overlap: 3/20 listed skills and 0/6 locations appeared in the posting.,greenhouse,2026-08-17T07:49:58+00:00,2026-09-07T17:07:01Z
ec68522dc895e364774c93114d27694b,Databricks,Senior Solutions Architect (EDW Enterprise Data Warehouse Migrations),"Berlin, Germany; Munich, Germany",https://databricks.com/company/careers/open-positions/job?gh_jid=8720253002,10,Heuristic overlap: 3/20 listed skills and 0/6 locations appeared in the posting.,greenhouse,2026-08-17T07:55:20+00:00,2026-09-07T17:07:01Z
c89e6d25333e98610b1933ca9dd53ee0,Databricks,Senior Solutions Engineer,India,https://databricks.com/company/careers/open-positions/job?gh_jid=8747434002,3,Heuristic overlap: 1/20 listed skills and 0/6 locations appeared in the posting.,greenhouse,2026-08-29T07:32:10+00:00,2026-09-07T17:07:01Z
4361e942322eaf42a2ed0116a46264c5,Databricks,Senior Solutions Engineer - Benelux Geo,"Amsterdam, Netherlands",https://databricks.com/company/careers/open-positions/job?gh_jid=8768938002,3,Heuristic overlap: 1/20 listed skills and 0/6 locations appeared in the posting.,greenhouse,2026-09-02T07:39:14+00:00,2026-09-07T17:07:01Z
e8b9d7acf09b1b31ab787d5b618fc8e2,Databricks,"Senior Solutions Engineer (Presales, Technical, Data and AI)","London, United Kingdom",https://databricks.com/company/careers/open-positions/job?gh_jid=8675639002,3,Heuristic overlap: 1/20 listed skills and 0/6 locations appeared in the posting.,greenhouse,2026-08-20T14:47:39+00:00,2026-09-07T17:07:01Z
0ed9c2663d0456331b37e3b9f81f1183,Databricks,Senior Specialist Solutions Architect (AI/ML),"London, United Kingdom",https://databricks.com/company/careers/open-positions/job?gh_jid=8615245002,7,Heuristic overlap: 2/20 listed skills and 0/6 locations appeared in the posting.,greenhouse,2026-07-10T15:46:47+00:00,2026-09-07T17:07:01Z
1cb103299b70ef2df45195ea67a5e11e,Databricks,Senior Specialist Solutions Engineer - Platform Security and Cloud Infrastructure,"Amsterdam, Netherlands",https://databricks.com/company/careers/open-positions/job?gh_jid=8687202002,3,Heuristic overlap: 1/20 listed skills and 0/6 locations appeared in the posting.,greenhouse,2026-08-06T16:20:42+00:00,2026-09-07T17:07:01Z
65c3e63e2114325a2a2dd4bbf6f9da97,Databricks,Software Engineering Intern (2027 Start) - Winter,"Bellevue, Washington; Mountain View, California; San Francisco, California",https://databricks.com/company/careers/open-positions/job?gh_jid=8732364002,7,Heuristic overlap: 2/20 listed skills and 0/6 locations appeared in the posting.,greenhouse,2026-08-20T23:40:25+00:00,2026-09-07T17:07:01Z
716b4d439f56d01e60d71b8d7acda090,Databricks,"Software Engineer, Web Products","Mountain View, California",https://databricks.com/company/careers/open-positions/job?gh_jid=8635225002,0,Heuristic overlap: 0/20 listed skills and 0/6 locations appeared in the posting.,greenhouse,2026-07-15T23:15:33+00:00,2026-09-07T17:07:01Z
cdc3cc69d3e4520d4c7a4d237e34d2af,Databricks,Solutions Architect,Singapore,https://databricks.com/company/careers/open-positions/job?gh_jid=8783421002,7,Heuristic overlap: 2/20 listed skills and 0/6 locations appeared in the posting.,greenhouse,2026-09-04T00:46:57+00:00,2026-09-07T17:07:01Z
bd42bc256489d228e059b68e3788d2cf,Databricks,Solutions Architect,"Pune, India",https://databricks.com/company/careers/open-positions/job?gh_jid=8641892002,16,Heuristic overlap: 3/20 listed skills and 1/6 locations appeared in the posting.,greenhouse,2026-07-23T04:34:18+00:00,2026-09-07T17:07:01Z
c196b7072e85e477fa0b3d9241518ec4,Databricks,Solutions Architect,"San Francisco, California",https://databricks.com/company/careers/open-positions/job?gh_jid=8568031002,12,Heuristic overlap: 2/20 listed skills and 1/6 locations appeared in the posting.,greenhouse,2026-08-26T18:47:55+00:00,2026-09-07T17:07:01Z
cdc3cc69d3e4520d4c7a4d237e34d2af,Databricks,Solutions Architect,Singapore,https://databricks.com/company/careers/open-positions/job?gh_jid=8783431002,7,Heuristic overlap: 2/20 listed skills and 0/6 locations appeared in the posting.,greenhouse,2026-09-04T00:52:32+00:00,2026-09-07T17:07:01Z
aff9c314150cf9cf397ff61503e2d013,Databricks,Solutions Architect,Central - United States,https://databricks.com/company/careers/open-positions/job?gh_jid=8633225002,7,Heuristic overlap: 2/20 listed skills and 0/6 locations appeared in the posting.,greenhouse,2026-07-20T18:38:55+00:00,2026-09-07T17:07:01Z
aff9c314150cf9cf397ff61503e2d013,Databricks,Solutions Architect,Central - United States,https://databricks.com/company/careers/open-positions/job?gh_jid=8633227002,12,Heuristic overlap: 2/20 listed skills and 1/6 locations appeared in the posting.,greenhouse,2026-07-20T19:38:56+00:00,2026-09-07T17:07:01Z
d20c117d8726ceb93f417c007243f27d,Databricks,Solutions Architect,"Auckland, New Zealand",https://databricks.com/company/careers/open-positions/job?gh_jid=8603684002,7,Heuristic overlap: 2/20 listed skills and 0/6 locations appeared in the posting.,greenhouse,2026-07-14T00:30:01+00:00,2026-09-07T17:07:01Z
c0f476beceae9e1ac199f53a10e6ffa0,Databricks,Solutions Architect,"Atlanta, Georgia; Chicago, Illinois",https://databricks.com/company/careers/open-positions/job?gh_jid=8697993002,12,Heuristic overlap: 2/20 listed skills and 1/6 locations appeared in the posting.,greenhouse,2026-09-03T13:09:44+00:00,2026-09-07T17:07:01Z
c0f476beceae9e1ac199f53a10e6ffa0,Databricks,Solutions Architect,"Atlanta, Georgia; Chicago, Illinois",https://databricks.com/company/careers/open-positions/job?gh_jid=8697987002,12,Heuristic overlap: 2/20 listed skills and 1/6 locations appeared in the posting.,greenhouse,2026-08-18T05:56:59+00:00,2026-09-07T17:07:01Z
2d1583df39e764d4fe8e31514ff63f53,Databricks,Solutions Architect - Benelux Fungible,"Amsterdam, Netherlands",https://databricks.com/company/careers/open-positions/job?gh_jid=8746185002,3,Heuristic overlap: 1/20 listed skills and 0/6 locations appeared in the posting.,greenhouse,2026-09-02T17:37:09+00:00,2026-09-07T17:07:01Z
1974ba0fed1681f1b10d7ec3f1a50a1f,Databricks,"Solutions Architect - Communications, Media, Entertainment and Games","Colorado; Denver, Colorado; Remote - Colorado",https://databricks.com/company/careers/open-positions/job?gh_jid=8569633002,19,Heuristic overlap: 4/20 listed skills and 1/6 locations appeared in the posting.,greenhouse,2026-07-27T18:35:57+00:00,2026-09-07T17:07:01Z
b3ff8c4975ece952867e845a2c44983e,Databricks,"Solutions Architect - Communications, Media, Entertainment and Games",Northeast - United States,https://databricks.com/company/careers/open-positions/job?gh_jid=8755474002,7,Heuristic overlap: 2/20 listed skills and 0/6 locations appeared in the posting.,greenhouse,2026-08-27T13:51:10+00:00,2026-09-07T17:07:01Z
e73b90e5704ccdfcc466a685c2a372f0,Databricks,"Solutions Architect - Communications, Media, Entertainment and Games",Remote - Pennsylvania,https://databricks.com/company/careers/open-positions/job?gh_jid=8755482002,12,Heuristic overlap: 2/20 listed skills and 1/6 locations appeared in the posting.,greenhouse,2026-08-27T13:51:05+00:00,2026-09-07T17:07:01Z
a5cba2cb2dc4c08981f1321d01cb46ae,Databricks,"Solutions Architect - Communications, Media, Entertainment and Games",New Jersey,https://databricks.com/company/careers/open-positions/job?gh_jid=8755492002,7,Heuristic overlap: 2/20 listed skills and 0/6 locations appeared in the posting.,greenhouse,2026-08-27T13:51:02+00:00,2026-09-07T17:07:01Z
62b0a784877868d5681e3e73372a8b3e,Databricks,"Solutions Architect - Communications, Media, Entertainment and Games",Remote - New York,https://databricks.com/company/careers/open-positions/job?gh_jid=8755476002,12,Heuristic overlap: 2/20 listed skills and 1/6 locations appeared in the posting.,greenhouse,2026-08-27T13:51:08+00:00,2026-09-07T17:07:01Z
cd1b4253d73d3cb0ee1c5f0201e10ba7,Databricks,Solutions Architect - Core FSI,"Mumbai, India",https://databricks.com/company/careers/open-positions/job?gh_jid=8637781002,7,Heuristic overlap: 2/20 listed skills and 0/6 locations appeared in the posting.,greenhouse,2026-08-05T08:13:47+00:00,2026-09-07T17:07:01Z
399557b980f4781cda1c3b57d5f284f5,Databricks,Solutions Architect - CPG and Manufacturing,"Zürich, Switzerland",https://databricks.com/company/careers/open-positions/job?gh_jid=8755662002,7,Heuristic overlap: 2/20 listed skills and 0/6 locations appeared in the posting.,greenhouse,2026-09-03T16:37:54+00:00,2026-09-07T17:07:01Z
69bf828959831c4a411ebf6d5267f631,Databricks,Solutions Architect - CustomerLake,"Berlin, Germany",https://databricks.com/company/careers/open-positions/job?gh_jid=8785264002,3,Heuristic overlap: 1/20 listed skills and 0/6 locations appeared in the posting.,greenhouse,2026-09-07T12:07:09+00:00,2026-09-07T17:07:01Z
498b48cf5632d0fb33b49ffd65061830,Databricks,"Solutions Architect, CustomerLake ","Munich, Germany",https://databricks.com/company/careers/open-positions/job?gh_jid=8785265002,3,Heuristic overlap: 1/20 listed skills and 0/6 locations appeared in the posting.,greenhouse,2026-09-07T12:07:14+00:00,2026-09-07T17:07:01Z
c0f1457a5675d1b8517d5778b11f3fd8,Databricks,"Solutions Architect, CustomerLake ","Amsterdam, Netherlands",https://databricks.com/company/careers/open-positions/job?gh_jid=8785266002,3,Heuristic overlap: 1/20 listed skills and 0/6 locations appeared in the posting.,greenhouse,2026-09-07T12:08:04+00:00,2026-09-07T17:07:01Z
521910a1380957685f796df443f2c224,Databricks,"Solutions Architect, CustomerLake ","London, United Kingdom",https://databricks.com/company/careers/open-positions/job?gh_jid=8762388002,3,Heuristic overlap: 1/20 listed skills and 0/6 locations appeared in the posting.,greenhouse,2026-09-07T09:22:16+00:00,2026-09-07T17:07:01Z
39a74e069f216f35200f8c8fc93dd4fe,Databricks,"Solutions Architect, CustomerLake ","Paris, France",https://databricks.com/company/careers/open-positions/job?gh_jid=8785263002,3,Heuristic overlap: 1/20 listed skills and 0/6 locations appeared in the posting.,greenhouse,2026-09-07T12:07:11+00:00,2026-09-07T17:07:01Z
1cdd4f680ac9ba32a475d1c1f1740b79,Databricks,"Solutions Architect - Digital Native Business, Named Accounts",Nevada; Remote - California; Remote - Colorado; Remote - Oregon; Remote - Washington,https://databricks.com/company/careers/open-positions/job?gh_jid=8569640002,16,Heuristic overlap: 3/20 listed skills and 1/6 locations appeared in the posting.,greenhouse,2026-08-03T15:56:12+00:00,2026-09-07T17:07:01Z
e9cafb629c4b91fe67d20c9f074257ac,Databricks,"Solutions Architect, EMEA Startups — France","Paris, France",https://databricks.com/company/careers/open-positions/job?gh_jid=8675572002,14,Heuristic overlap: 4/20 listed skills and 0/6 locations appeared in the posting.,greenhouse,2026-08-07T15:03:13+00:00,2026-09-07T17:07:01Z
4eadc085433e570bd91758a97d215fe1,Databricks,Solutions Architect - Financial Services (Banking and Payments) ,"Chicago, Illinois; Dallas, Texas; Denver, Colorado; Los Angeles, California; Portland, Oregon; San Francisco, California; Seattle, Washington",https://databricks.com/company/careers/open-positions/job?gh_jid=8637768002,7,Heuristic overlap: 2/20 listed skills and 0/6 locations appeared in the posting.,greenhouse,2026-07-27T17:28:36+00:00,2026-09-07T17:07:01Z
e1966773cc637abf3745057adbf2cb15,Databricks,Solutions Architect (Genie),"Bengaluru, India; Delhi, India; India; Mumbai, India",https://databricks.com/company/careers/open-positions/job?gh_jid=8657549002,17,Heuristic overlap: 2/20 listed skills and 2/6 locations appeared in the posting.,greenhouse,2026-09-04T02:49:38+00:00,2026-09-07T17:07:01Z
49844209657e5d44f24c3409df9dc101,Databricks,Solutions Architect - Global Telecommunications ,Remote - Texas,https://databricks.com/company/careers/open-positions/job?gh_jid=8755470002,16,Heuristic overlap: 3/20 listed skills and 1/6 locations appeared in the posting.,greenhouse,2026-08-27T13:41:21+00:00,2026-09-07T17:07:01Z
839b607ab4d541541f981a946017741b,Databricks,Solutions Architect Italy,"Milan, Italy",https://databricks.com/company/careers/open-positions/job?gh_jid=8610015002,3,Heuristic overlap: 1/20 listed skills and 0/6 locations appeared in the posting.,greenhouse,2026-09-03T12:04:45+00:00,2026-09-07T17:07:01Z
48b13cd6bda8d5206f9d0aa164f4f224,Databricks,Solutions Architect - Lakebase,"Milan, Italy",https://databricks.com/company/careers/open-positions/job?gh_jid=8568009002,7,Heuristic overlap: 2/20 listed skills and 0/6 locations appeared in the posting.,greenhouse,2026-07-30T12:50:13+00:00,2026-09-07T17:07:01Z
d7462fb5bc5857ccf5f7005131355a78,Databricks,Solutions Architect - Lakebase,"Sao Paulo, Brazil",https://databricks.com/company/careers/open-positions/job?gh_jid=8567993002,7,Heuristic overlap: 2/20 listed skills and 0/6 locations appeared in the posting.,greenhouse,2026-07-20T19:22:57+00:00,2026-09-07T17:07:01Z
3a0d39ca17f0df0cc20ea5bb77984316,Databricks,Solutions Architect - Manufacturing,Remote - Illinois; Remote - Michigan; Remote - New York,https://databricks.com/company/careers/open-positions/job?gh_jid=8661758002,12,Heuristic overlap: 2/20 listed skills and 1/6 locations appeared in the posting.,greenhouse,2026-08-13T18:47:27+00:00,2026-09-07T17:07:01Z
2395a5b7a440ed74601e5a1256068e99,Databricks,Solutions Architect - Media ,"Los Angeles, California",https://databricks.com/company/careers/open-positions/job?gh_jid=8567961002,3,Heuristic overlap: 1/20 listed skills and 0/6 locations appeared in the posting.,greenhouse,2026-08-18T19:53:24+00:00,2026-09-07T17:07:01Z
8b7bd7419a0e5db81964a1c2048faa56,Databricks,"Solutions Architect (Media, Entertainment and Agencies)","London, United Kingdom",https://databricks.com/company/careers/open-positions/job?gh_jid=8733726002,7,Heuristic overlap: 2/20 listed skills and 0/6 locations appeared in the posting.,greenhouse,2026-09-03T09:46:17+00:00,2026-09-07T17:07:01Z
6a0b610416fbb5d8609cf43cd65f6eb0,Databricks,Solutions Architect - Nordics Fungible,"Stockholm, Sweden",https://databricks.com/company/careers/open-positions/job?gh_jid=8778009002,3,Heuristic overlap: 1/20 listed skills and 0/6 locations appeared in the posting.,greenhouse,2026-09-02T17:41:46+00:00,2026-09-07T17:07:01Z
9e692b345ce53baedcc5753562049b4c,Databricks,Solutions Architect (Portuguese Speaking) Madrid Spain,Madrid,https://databricks.com/company/careers/open-positions/job?gh_jid=8675568002,3,Heuristic overlap: 1/20 listed skills and 0/6 locations appeared in the posting.,greenhouse,2026-08-05T19:04:23+00:00,2026-09-07T17:07:01Z
7449e046bd89911372893618d5b5cdfd,Databricks,Solutions Architect (Pre-sales) - Benelux Strategic Accounts,"Amsterdam, Netherlands",https://databricks.com/company/careers/open-positions/job?gh_jid=8733334002,7,Heuristic overlap: 2/20 listed skills and 0/6 locations appeared in the posting.,greenhouse,2026-09-02T17:51:46+00:00,2026-09-07T17:07:01Z
a36718894c9d93191b6cdd1ccc3929b6,Databricks,"Solutions Architect (Presales, Data & AI, Digital Native Business)","London, United Kingdom",https://databricks.com/company/careers/open-positions/job?gh_jid=8768958002,10,Heuristic overlap: 3/20 listed skills and 0/6 locations appeared in the posting.,greenhouse,2026-09-03T09:47:12+00:00,2026-09-07T17:07:01Z
344e7937a3f61b8e03fd2d21253eb4d4,Databricks,Solutions Architect (Pre-sales) - Kansai Region,Japan,https://databricks.com/company/careers/open-positions/job?gh_jid=8437012002,3,Heuristic overlap: 1/20 listed skills and 0/6 locations appeared in the posting.,greenhouse,2026-07-11T13:00:01+00:00,2026-09-07T17:07:01Z
d8dc8717fb9221f82cead31a650b53ca,Databricks,Solutions Architect (Pre-sales) – Manufacturing & Automotive,"Tokyo, Japan",https://databricks.com/company/careers/open-positions/job?gh_jid=8681148002,7,Heuristic overlap: 2/20 listed skills and 0/6 locations appeared in the posting.,greenhouse,2026-08-05T01:11:43+00:00,2026-09-07T17:07:01Z
e5b657b856b73265cd55ef9591e3f8a0,Databricks,Solutions Architect (Pre-sales) - Utilities/Energy,"Tokyo, Japan",https://databricks.com/company/careers/open-positions/job?gh_jid=8657746002,3,Heuristic overlap: 1/20 listed skills and 0/6 locations appeared in the posting.,greenhouse,2026-08-03T11:12:40+00:00,2026-09-07T17:07:01Z
76247d5795be93245c07f28682332680,Databricks,Solutions Architect - Public Sector (SLED),Remote - Texas,https://databricks.com/company/careers/open-positions/job?gh_jid=8633741002,12,Heuristic overlap: 2/20 listed skills and 1/6 locations appeared in the posting.,greenhouse,2026-07-21T16:40:05+00:00,2026-09-07T17:07:01Z
bdb5856f7b1ec686a6eaec481f52cb85,Databricks,Solutions Architect - Strategic High Tech,"Remote - California; San Francisco, California",https://databricks.com/company/careers/open-positions/job?gh_jid=8563159002,16,Heuristic overlap: 3/20 listed skills and 1/6 locations appeared in the posting.,greenhouse,2026-08-19T16:54:03+00:00,2026-09-07T17:07:01Z
e3426e4d57240313294f116c728faacc,Databricks,Solutions Architect - Strat Media ,"San Francisco, California",https://databricks.com/company/careers/open-positions/job?gh_jid=8755460002,7,Heuristic overlap: 2/20 listed skills and 0/6 locations appeared in the posting.,greenhouse,2026-08-27T13:39:12+00:00,2026-09-07T17:07:01Z
30eb34016f2237f787d385a33ec9db58,Databricks,Solutions Architect - Strat Media ,"Los Angeles, California",https://databricks.com/company/careers/open-positions/job?gh_jid=8755463002,7,Heuristic overlap: 2/20 listed skills and 0/6 locations appeared in the posting.,greenhouse,2026-08-27T13:39:20+00:00,2026-09-07T17:07:01Z
8fd18f99e724038718602421c8881b5d,Databricks,Solutions Architect - Strat Media ,"San Diego, California",https://databricks.com/company/careers/open-positions/job?gh_jid=8755466002,7,Heuristic overlap: 2/20 listed skills and 0/6 locations appeared in the posting.,greenhouse,2026-08-27T13:39:22+00:00,2026-09-07T17:07:01Z
11b2d7642d688e95dee36905bcccf35d,Databricks,Solutions Architect - Strat Media ,"Phoenix, Arizona",https://databricks.com/company/careers/open-positions/job?gh_jid=8629113002,7,Heuristic overlap: 2/20 listed skills and 0/6 locations appeared in the posting.,greenhouse,2026-07-13T19:53:58+00:00,2026-09-07T17:07:01Z
04a756d41ab1fedad519ec88b79af25e,Databricks,Solutions Architect - Strat Media ,West Coast - United States,https://databricks.com/company/careers/open-positions/job?gh_jid=8755461002,7,Heuristic overlap: 2/20 listed skills and 0/6 locations appeared in the posting.,greenhouse,2026-08-27T13:39:14+00:00,2026-09-07T17:07:01Z
19aed71ae274355c0b0ecda9a54feb28,Databricks,Solutions Architect - Strat Media ,Remote - California,https://databricks.com/company/careers/open-positions/job?gh_jid=8755462002,12,Heuristic overlap: 2/20 listed skills and 1/6 locations appeared in the posting.,greenhouse,2026-08-27T13:39:17+00:00,2026-09-07T17:07:01Z
9aad67f645d2149c0a8204ff6cdb5b80,Databricks,Specialist Solutions Architect - AI/ML,Central - United States; West Coast - United States,https://databricks.com/company/careers/open-positions/job?gh_jid=8697991002,12,Heuristic overlap: 2/20 listed skills and 1/6 locations appeared in the posting.,greenhouse,2026-08-14T22:28:07+00:00,2026-09-07T17:07:01Z
49fa2597a1fdccf44065d77cd8b81fb0,Databricks,Specialist Solutions Architect - Data Engineering & Warehousing (Digital Native Business) ,United States,https://databricks.com/company/careers/open-positions/job?gh_jid=8761732002,16,Heuristic overlap: 3/20 listed skills and 1/6 locations appeared in the posting.,greenhouse,2026-09-02T03:42:39+00:00,2026-09-07T17:07:01Z
ea8a51ccb4d1ce536f44a7354ce45e49,Databricks,Specialist Solutions Architect - Data Engineering & Warehousing (Financial Services) ,United States,https://databricks.com/company/careers/open-positions/job?gh_jid=8692962002,12,Heuristic overlap: 2/20 listed skills and 1/6 locations appeared in the posting.,greenhouse,2026-08-10T18:20:46+00:00,2026-09-07T17:07:01Z
2335601ac189434d178c49766ee516dc,Databricks,Specialist Solutions Architect - Data Warehousing (Healthcare & Life Sciences),United States,https://databricks.com/company/careers/open-positions/job?gh_jid=8604472002,7,Heuristic overlap: 2/20 listed skills and 0/6 locations appeared in the posting.,greenhouse,2026-08-17T18:29:09+00:00,2026-09-07T17:07:01Z
316f0fd3f447958a2384388b8bde293a,Databricks,Sr. Alliance Director,"San Francisco, California",https://databricks.com/company/careers/open-positions/job?gh_jid=8610773002,0,Heuristic overlap: 0/20 listed skills and 0/6 locations appeared in the posting.,greenhouse,2026-08-13T18:25:10+00:00,2026-09-07T17:07:01Z
7406b6b9cda2ad3ca8590c656fc888bb,Databricks,Sr. Compensation Manager GTM,United States,https://databricks.com/company/careers/open-positions/job?gh_jid=8627549002,7,Heuristic overlap: 2/20 listed skills and 0/6 locations appeared in the posting.,greenhouse,2026-07-15T02:38:37+00:00,2026-09-07T17:07:01Z
e69a176674d543bb763d31b3647bb2f5,Databricks,"Sr. Counsel, Corporate","Bellevue, Washington; Boston, Massachusetts; Chicago, Illinois; Denver, Colorado; Seattle, Washington",https://databricks.com/company/careers/open-positions/job?gh_jid=8569997002,3,Heuristic overlap: 1/20 listed skills and 0/6 locations appeared in the posting.,greenhouse,2026-08-17T22:11:16+00:00,2026-09-07T17:07:01Z
dfbda0c1fe928dfb3fddc924568bfc7e,Databricks,"Sr. Counsel, Privacy Compliance","Bellevue, Washington; Boston, Massachusetts; Chicago, Illinois; Denver, Colorado; Seattle, Washington; Washington, D.C.",https://databricks.com/company/careers/open-positions/job?gh_jid=8645429002,7,Heuristic overlap: 2/20 listed skills and 0/6 locations appeared in the posting.,greenhouse,2026-08-03T16:19:51+00:00,2026-09-07T17:07:01Z
e2d509b978beb08354160cd62e0ebe85,Databricks,Sr. Delivery Solutions Architect,"Tokyo, Japan",https://databricks.com/company/careers/open-positions/job?gh_jid=8583353002,7,Heuristic overlap: 2/20 listed skills and 0/6 locations appeared in the posting.,greenhouse,2026-08-26T10:24:07+00:00,2026-09-07T17:07:01Z
48104c97d159b432bdd76f87399308eb,Databricks,Sr. Delivery Solutions Architect - Digital Native Business,United States,https://databricks.com/company/careers/open-positions/job?gh_jid=8646549002,7,Heuristic overlap: 2/20 listed skills and 0/6 locations appeared in the posting.,greenhouse,2026-08-10T20:05:10+00:00,2026-09-07T17:07:01Z
8430cd745408c2093dd6f53be5ad60c9,Databricks,"Sr. Developer Advocate, AI and Machine Learning","Seattle, Washington",https://databricks.com/company/careers/open-positions/job?gh_jid=8716720002,10,Heuristic overlap: 3/20 listed skills and 0/6 locations appeared in the posting.,greenhouse,2026-08-14T20:29:28+00:00,2026-09-07T17:07:01Z
390e9224757cee6e1e7c157ad80077cd,Databricks,"Sr. Developer Advocate, AI and Machine Learning","San Francisco, California",https://databricks.com/company/careers/open-positions/job?gh_jid=8716192002,10,Heuristic overlap: 3/20 listed skills and 0/6 locations appeared in the posting.,greenhouse,2026-08-14T20:29:27+00:00,2026-09-07T17:07:01Z
77a9ab8372e2667a790892556e52c238,Databricks,"Sr. Developer Advocate, Open Source — Omnigent","San Francisco, California",https://databricks.com/company/careers/open-positions/job?gh_jid=8716187002,18,Heuristic overlap: 5/20 listed skills and 0/6 locations appeared in the posting.,greenhouse,2026-08-14T20:34:16+00:00,2026-09-07T17:07:01Z
bac94235668a31be3449ad9621f82ec3,Databricks,"Sr. Developer Advocate, Open Source — Omnigent","Seattle, Washington",https://databricks.com/company/careers/open-positions/job?gh_jid=8716730002,18,Heuristic overlap: 5/20 listed skills and 0/6 locations appeared in the posting.,greenhouse,2026-08-14T20:34:17+00:00,2026-09-07T17:07:01Z
c9306b56ba82cc518c29faf7ce25d0c0,Databricks,"Sr. Director, Procure to Pay","San Francisco, California",https://databricks.com/company/careers/open-positions/job?gh_jid=8632399002,7,Heuristic overlap: 2/20 listed skills and 0/6 locations appeared in the posting.,greenhouse,2026-07-24T21:52:08+00:00,2026-09-07T17:07:01Z
152a55b3e165a8b65d5af17f0b1d37b6,Databricks,Sr. Emerging Enterprise Core Account Executive,Singapore,https://databricks.com/company/careers/open-positions/job?gh_jid=8644183002,3,Heuristic overlap: 1/20 listed skills and 0/6 locations appeared in the posting.,greenhouse,2026-08-06T02:04:15+00:00,2026-09-07T17:07:01Z
2151216bf4cb0698a97ff897cb3caebd,Databricks,"Sr. Event Marketing Manager, Field Programming",United States,https://databricks.com/company/careers/open-positions/job?gh_jid=8638648002,7,Heuristic overlap: 2/20 listed skills and 0/6 locations appeared in the posting.,greenhouse,2026-07-29T17:12:56+00:00,2026-09-07T17:07:01Z
c6ad47813655ec3c1b6b2dc558f6ea42,Databricks,"Sr. Field Technical Program Manager, FDE",United States,https://databricks.com/company/careers/open-positions/job?gh_jid=8586857002,7,Heuristic overlap: 2/20 listed skills and 0/6 locations appeared in the posting.,greenhouse,2026-08-31T16:43:26+00:00,2026-09-07T17:07:01Z
2a365d92c9de3d2e43815f79e023af3f,Databricks,Sr. Forward Deployed Engineer,Remote - Washington D.C.,https://databricks.com/company/careers/open-positions/job?gh_jid=8739465002,12,Heuristic overlap: 2/20 listed skills and 1/6 locations appeared in the posting.,greenhouse,2026-08-22T00:23:32+00:00,2026-09-07T17:07:01Z
5eeabb3cc13dd60cbb12b572d2161331,Databricks,Sr. Forward Deployed Engineer,"Austin, Texas",https://databricks.com/company/careers/open-positions/job?gh_jid=8657065002,7,Heuristic overlap: 2/20 listed skills and 0/6 locations appeared in the posting.,greenhouse,2026-08-22T00:23:25+00:00,2026-09-07T17:07:01Z
9d5940f7238fb8117bb2b03825d83d67,Databricks,Sr. Forward Deployed Engineer,United States,https://databricks.com/company/careers/open-positions/job?gh_jid=8739484002,7,Heuristic overlap: 2/20 listed skills and 0/6 locations appeared in the posting.,greenhouse,2026-08-22T00:23:39+00:00,2026-09-07T17:07:01Z
089ad1e372812245011c7f8c9d83ab74,Databricks,Sr. Forward Deployed Engineer,"Chicago, Illinois",https://databricks.com/company/careers/open-positions/job?gh_jid=8739458002,7,Heuristic overlap: 2/20 listed skills and 0/6 locations appeared in the posting.,greenhouse,2026-08-22T00:23:27+00:00,2026-09-07T17:07:01Z
fae119eb21ef1e43cd9faf15f40d6e7a,Databricks,Sr. Forward Deployed Engineer,"Stockholm, Sweden",https://databricks.com/company/careers/open-positions/job?gh_jid=8645054002,7,Heuristic overlap: 2/20 listed skills and 0/6 locations appeared in the posting.,greenhouse,2026-07-28T08:57:18+00:00,2026-09-07T17:07:01Z
5ba49e9583ac40c3bc9c7b293a9c328b,Databricks,Sr. Forward Deployed Engineer,"New York City, New York",https://databricks.com/company/careers/open-positions/job?gh_jid=8739462002,7,Heuristic overlap: 2/20 listed skills and 0/6 locations appeared in the posting.,greenhouse,2026-08-22T00:23:29+00:00,2026-09-07T17:07:01Z
8d4e3468a79bf41f8ab3249fff85c85b,Databricks,Sr. Forward Deployed Engineer,"San Francisco, California",https://databricks.com/company/careers/open-positions/job?gh_jid=8739474002,7,Heuristic overlap: 2/20 listed skills and 0/6 locations appeared in the posting.,greenhouse,2026-08-22T00:23:36+00:00,2026-09-07T17:07:01Z
f189f93342228f8b2db17c49d926e354,Databricks,Sr. Forward Deployed Engineer - FDE (Fullstack),"Berlin, Germany; Munich, Germany",https://databricks.com/company/careers/open-positions/job?gh_jid=8645052002,7,Heuristic overlap: 2/20 listed skills and 0/6 locations appeared in the posting.,greenhouse,2026-07-29T10:01:05+00:00,2026-09-07T17:07:01Z
3eafa3558fc42022d4bd6472d6ea58a0,Databricks,Sr. Forward Deployed Engineer (FDE) - Public Sector ,Remote - Virginia; Remote - Washington D.C.,https://databricks.com/company/careers/open-positions/job?gh_jid=8657488002,12,Heuristic overlap: 2/20 listed skills and 1/6 locations appeared in the posting.,greenhouse,2026-08-18T17:23:14+00:00,2026-09-07T17:07:01Z
15af8ae1d37cd8b758d73b4fa97b6729,Databricks,Sr. Forward Deployed Engineer (FDE) - Public Sector ,Delaware; Maryland; Remote - Pennsylvania; Remote - Virginia; Remote - Washington D.C.; West Virginia,https://databricks.com/company/careers/open-positions/job?gh_jid=8423310002,12,Heuristic overlap: 2/20 listed skills and 1/6 locations appeared in the posting.,greenhouse,2026-08-10T17:01:52+00:00,2026-09-07T17:07:01Z
663837e33ea564868289a079d25e2e3d,Databricks,Sr. Forward Deployed Engineer (FDE) - Retail,Remote - California,https://databricks.com/company/careers/open-positions/job?gh_jid=8647677002,12,Heuristic overlap: 2/20 listed skills and 1/6 locations appeared in the posting.,greenhouse,2026-07-23T18:32:25+00:00,2026-09-07T17:07:01Z
be5e5e863d19a9a9c3c598eb87b03775,Databricks,Sr. Forward Deployed Engineer (FDE) - Retail,"Austin, Texas",https://databricks.com/company/careers/open-positions/job?gh_jid=8647668002,7,Heuristic overlap: 2/20 listed skills and 0/6 locations appeared in the posting.,greenhouse,2026-07-23T18:30:31+00:00,2026-09-07T17:07:01Z
5ded03d713050fa7fa6a492bd1892eb2,Databricks,Sr. Forward Deployed Engineer (FDE) - Retail,Northeast - United States; Southeast - United States,https://databricks.com/company/careers/open-positions/job?gh_jid=8643895002,7,Heuristic overlap: 2/20 listed skills and 0/6 locations appeared in the posting.,greenhouse,2026-07-22T15:17:53+00:00,2026-09-07T17:07:01Z
375161d0f78a86c11478f36c9242196b,Databricks,Sr. Forward Deployed Engineer (FDE) - Retail,"Denver, Colorado",https://databricks.com/company/careers/open-positions/job?gh_jid=8647675002,7,Heuristic overlap: 2/20 listed skills and 0/6 locations appeared in the posting.,greenhouse,2026-07-23T18:31:50+00:00,2026-09-07T17:07:01Z
b5c7531ca070a53876aea24002a887ee,Databricks,Sr. Forward Deployed Engineer (FDE) - Retail,"Chicago, Illinois",https://databricks.com/company/careers/open-positions/job?gh_jid=8647669002,7,Heuristic overlap: 2/20 listed skills and 0/6 locations appeared in the posting.,greenhouse,2026-07-23T18:30:57+00:00,2026-09-07T17:07:01Z
168546e4b57492c77d0b67cf7d8a32f8,Databricks,Sr. Forward Deployed Engineer (FDE) - Retail,Central - United States,https://databricks.com/company/careers/open-positions/job?gh_jid=8647667002,7,Heuristic overlap: 2/20 listed skills and 0/6 locations appeared in the posting.,greenhouse,2026-07-23T18:30:03+00:00,2026-09-07T17:07:01Z
63bd35b0dc1c85f64782ee15846ac303,Databricks,Sr. Forward Deployed Engineer (FDE) - Retail,"Dallas, Texas",https://databricks.com/company/careers/open-positions/job?gh_jid=8647670002,7,Heuristic overlap: 2/20 listed skills and 0/6 locations appeared in the posting.,greenhouse,2026-07-23T18:31:23+00:00,2026-09-07T17:07:01Z
f4c666e5ea73a543a78fc9de77f56fd1,Databricks,Sr. Forward Deployed Engineer - National Security,"Boston, Massachusetts; Delaware; Maryland; Remote - California; Remote - New York; Remote - Washington D.C.; Virginia; West Virginia",https://databricks.com/company/careers/open-positions/job?gh_jid=8746374002,12,Heuristic overlap: 2/20 listed skills and 1/6 locations appeared in the posting.,greenhouse,2026-08-25T16:40:33+00:00,2026-09-07T17:07:01Z
32f5055fa32e33c64f8152ba68071277,Databricks,Sr. Forward Deployed Engineer - National Security,United States; USCA,https://databricks.com/company/careers/open-positions/job?gh_jid=8657468002,7,Heuristic overlap: 2/20 listed skills and 0/6 locations appeared in the posting.,greenhouse,2026-08-14T20:47:20+00:00,2026-09-07T17:07:01Z
05293d828b77b50649be995eb6f0f137,Databricks,Sr. Forward Deployed Engineer - Public Sector ,"Berkeley, California; California; Los Angeles, California; San Diego, California",https://databricks.com/company/careers/open-positions/job?gh_jid=8632188002,7,Heuristic overlap: 2/20 listed skills and 0/6 locations appeared in the posting.,greenhouse,2026-07-28T18:14:01+00:00,2026-09-07T17:07:01Z
e6c195c379d7c05aac320e5bde0c68b3,Databricks,"Sr. Industry Marketing Manager, Manufacturing & Supply Chain",United States,https://databricks.com/company/careers/open-positions/job?gh_jid=8702736002,7,Heuristic overlap: 2/20 listed skills and 0/6 locations appeared in the posting.,greenhouse,2026-08-26T14:16:32+00:00,2026-09-07T17:07:01Z
93352a045ebdd76d98b22f043d1ff2a4,Databricks,"Sr. Industry Marketing Manager, Startups",United States,https://databricks.com/company/careers/open-positions/job?gh_jid=8638650002,3,Heuristic overlap: 1/20 listed skills and 0/6 locations appeared in the posting.,greenhouse,2026-08-25T19:25:08+00:00,2026-09-07T17:07:01Z
624f2ed078c71ffd490b8b2b1aca2182,Databricks,"Sr. Legal Counsel, International Public Sector Compliance",Ireland,https://databricks.com/company/careers/open-positions/job?gh_jid=8750820002,0,Heuristic overlap: 0/20 listed skills and 0/6 locations appeared in the posting.,greenhouse,2026-08-28T14:51:29+00:00,2026-09-07T17:07:01Z
c365f71e0ff761baa73f8872fecad9a8,Databricks,"Sr. Manager, Compensation Analytics & Intelligence ",United States,https://databricks.com/company/careers/open-positions/job?gh_jid=8627551002,7,Heuristic overlap: 2/20 listed skills and 0/6 locations appeared in the posting.,greenhouse,2026-07-15T05:58:37+00:00,2026-09-07T17:07:01Z
3c47b89ece6171d6ad9e57f9cfc392bf,Databricks,"Sr. Manager, Field Engineering","Chicago, Illinois; Connecticut; New Jersey; Remote - New York; Remote - Washington D.C.; San Francisco, California",https://databricks.com/company/careers/open-positions/job?gh_jid=8732052002,8,Heuristic overlap: 1/20 listed skills and 1/6 locations appeared in the posting.,greenhouse,2026-08-20T18:31:31+00:00,2026-09-07T17:07:01Z
704d16ba9ab8b8a79366c7f4aa6f3da2,Databricks,"Sr. Manager, Field Engineering","Sydney, Australia",https://databricks.com/company/careers/open-positions/job?gh_jid=8682223002,10,Heuristic overlap: 3/20 listed skills and 0/6 locations appeared in the posting.,greenhouse,2026-08-14T11:57:13+00:00,2026-09-07T17:07:01Z
4929a9d7f3b16dde842140c8e5e650e4,Databricks,"Sr. Manager, Field Engineering","Seoul, South Korea",https://databricks.com/company/careers/open-positions/job?gh_jid=8736179002,3,Heuristic overlap: 1/20 listed skills and 0/6 locations appeared in the posting.,greenhouse,2026-08-25T00:03:58+00:00,2026-09-07T17:07:01Z
c894df8b5b0eb9845a06b9c01f1a0029,Databricks,"Sr. Manager, Field Engineering - Financial Services (Banking and Payments)","Illinois; Massachusetts; New York; Washington, D.C.",https://databricks.com/company/careers/open-positions/job?gh_jid=8568035002,8,Heuristic overlap: 1/20 listed skills and 1/6 locations appeared in the posting.,greenhouse,2026-08-07T00:04:35+00:00,2026-09-07T17:07:01Z
31e50bc1e3a57c683fd18fb871e8d172,Databricks,"Sr. Manager, Field Engineering - Healthcare and Life Sciences (Healthcare Providers)",United States,https://databricks.com/company/careers/open-positions/job?gh_jid=8697989002,3,Heuristic overlap: 1/20 listed skills and 0/6 locations appeared in the posting.,greenhouse,2026-09-04T22:27:19+00:00,2026-09-07T17:07:01Z
cc7ebc39ae978efdca3ae0af28c05b68,Databricks,"Sr. Manager, Field Engineering UAE","Paris, France",https://databricks.com/company/careers/open-positions/job?gh_jid=8764727002,10,Heuristic overlap: 3/20 listed skills and 0/6 locations appeared in the posting.,greenhouse,2026-09-02T18:48:31+00:00,2026-09-07T17:07:01Z
951f4801f28806e78fee1d7ed314245a,Databricks,"Sr. Manager, Field Engineering UAE","Dubai, United Arab Emirates",https://databricks.com/company/careers/open-positions/job?gh_jid=8778929002,10,Heuristic overlap: 3/20 listed skills and 0/6 locations appeared in the posting.,greenhouse,2026-09-02T18:56:57+00:00,2026-09-07T17:07:01Z
093361fa748e3f43e095f33c021e69f4,Databricks,"Sr. Manager, Field Engineering UAE","London, United Kingdom",https://databricks.com/company/careers/open-positions/job?gh_jid=8778848002,10,Heuristic overlap: 3/20 listed skills and 0/6 locations appeared in the posting.,greenhouse,2026-09-02T18:53:23+00:00,2026-09-07T17:07:01Z
50479a2770b49360c722c81aa636431c,Databricks,"Sr. Manager, Finance PMO & Operations (Procure-To-Pay)",West Coast - United States,https://databricks.com/company/careers/open-positions/job?gh_jid=8604596002,10,Heuristic overlap: 3/20 listed skills and 0/6 locations appeared in the posting.,greenhouse,2026-07-10T01:40:14+00:00,2026-09-07T17:07:01Z
a2f778b2b8941307787f3edb57cd4d75,Databricks,"Sr. Manager, Sales Development","Bengaluru, India",https://databricks.com/company/careers/open-positions/job?gh_jid=8741927002,8,Heuristic overlap: 1/20 listed skills and 1/6 locations appeared in the posting.,greenhouse,2026-08-26T06:00:02+00:00,2026-09-07T17:07:01Z
7c02fa2a03aed19e6962013065998fe9,Databricks,Sr Platform Monitoring Engineer,United States,https://databricks.com/company/careers/open-positions/job?gh_jid=8407913002,3,Heuristic overlap: 1/20 listed skills and 0/6 locations appeared in the posting.,greenhouse,2026-08-26T23:32:54+00:00,2026-09-07T17:07:01Z
964402f3a686cc5411b2a5fe8446b024,Databricks,"Sr. Recruiter, GTM & Field Engineering","London, United Kingdom",https://databricks.com/company/careers/open-positions/job?gh_jid=8771706002,3,Heuristic overlap: 1/20 listed skills and 0/6 locations appeared in the posting.,greenhouse,2026-09-04T16:54:43+00:00,2026-09-07T17:07:01Z
121a40d1b27867cf9b714f7833635668,Databricks,Sr Software Engineer- CXI,"Mountain View, California; San Francisco, California",https://databricks.com/company/careers/open-positions/job?gh_jid=8617901002,3,Heuristic overlap: 1/20 listed skills and 0/6 locations appeared in the posting.,greenhouse,2026-07-15T22:24:48+00:00,2026-09-07T17:07:01Z
b3bd5630c64d68c22b1047b4da5d6db1,Databricks,Sr. Solutions Architect,"London, United Kingdom",https://databricks.com/company/careers/open-positions/job?gh_jid=8682362002,7,Heuristic overlap: 2/20 listed skills and 0/6 locations appeared in the posting.,greenhouse,2026-08-10T09:00:51+00:00,2026-09-07T17:07:01Z
304315085f688edae193553a23a07c13,Databricks,Sr. Solutions Architect,"Denver, Colorado",https://databricks.com/company/careers/open-positions/job?gh_jid=8769768002,10,Heuristic overlap: 3/20 listed skills and 0/6 locations appeared in the posting.,greenhouse,2026-09-01T17:10:13+00:00,2026-09-07T17:07:01Z
13b0d31e250081293c889c54228cc464,Databricks,Sr. Solutions Architect,"Chicago, Illinois",https://databricks.com/company/careers/open-positions/job?gh_jid=8769764002,10,Heuristic overlap: 3/20 listed skills and 0/6 locations appeared in the posting.,greenhouse,2026-09-01T17:03:26+00:00,2026-09-07T17:07:01Z
ddfb08b35c24c9cb22359f22fbbb0a55,Databricks,Sr. Solutions Architect,"New York City, New York",https://databricks.com/company/careers/open-positions/job?gh_jid=8769750002,10,Heuristic overlap: 3/20 listed skills and 0/6 locations appeared in the posting.,greenhouse,2026-09-01T17:03:23+00:00,2026-09-07T17:07:01Z
8fd1f86b97c95d9997fe27f690a46c01,Databricks,Sr. Solutions Architect,"San Francisco, California",https://databricks.com/company/careers/open-positions/job?gh_jid=8614977002,10,Heuristic overlap: 3/20 listed skills and 0/6 locations appeared in the posting.,greenhouse,2026-08-13T18:32:41+00:00,2026-09-07T17:07:01Z
fd362eb9256a6f7bc37f6af22488572c,Databricks,Sr. Solutions Architect,"Western Australia, Australia",https://databricks.com/company/careers/open-positions/job?gh_jid=8620285002,7,Heuristic overlap: 2/20 listed skills and 0/6 locations appeared in the posting.,greenhouse,2026-07-27T03:17:45+00:00,2026-09-07T17:07:01Z
693e9327da82c7aaab9dd3cd0487128d,Databricks,Sr. Solutions Architect,Northeast - United States,https://databricks.com/company/careers/open-positions/job?gh_jid=8632383002,7,Heuristic overlap: 2/20 listed skills and 0/6 locations appeared in the posting.,greenhouse,2026-07-21T05:01:52+00:00,2026-09-07T17:07:01Z
f897a1974db68ae9418378f38a14bd02,Databricks,Sr. Solutions Architect,"Milan, Italy",https://databricks.com/company/careers/open-positions/job?gh_jid=8675570002,3,Heuristic overlap: 1/20 listed skills and 0/6 locations appeared in the posting.,greenhouse,2026-09-03T17:00:27+00:00,2026-09-07T17:07:01Z
b6993d208fc7b9dcbc730f530ce4f36e,Databricks,Sr. Solutions Architect - Agencies ,Northeast - United States,https://databricks.com/company/careers/open-positions/job?gh_jid=8758645002,7,Heuristic overlap: 2/20 listed skills and 0/6 locations appeared in the posting.,greenhouse,2026-08-31T15:08:58+00:00,2026-09-07T17:07:01Z
edffbec4e60305b4dbc42999252cba78,Databricks,Sr. Solutions Architect - Automotive,"Munich, Germany",https://databricks.com/company/careers/open-positions/job?gh_jid=8721003002,7,Heuristic overlap: 2/20 listed skills and 0/6 locations appeared in the posting.,greenhouse,2026-09-01T14:49:28+00:00,2026-09-07T17:07:01Z
b30e4ee1c91d53726e538e1b9ba5c79c,Databricks,Sr. Solutions Architect (CustomerLake) ,"Tokyo, Japan",https://databricks.com/company/careers/open-positions/job?gh_jid=8762366002,3,Heuristic overlap: 1/20 listed skills and 0/6 locations appeared in the posting.,greenhouse,2026-09-04T02:25:38+00:00,2026-09-07T17:07:01Z
eee7e86f204f1602061d94cfaf58651f,Databricks,"Sr. Solutions Architect, Customer Lake",United States,https://databricks.com/company/careers/open-positions/job?gh_jid=8762360002,7,Heuristic overlap: 2/20 listed skills and 0/6 locations appeared in the posting.,greenhouse,2026-09-04T00:50:07+00:00,2026-09-07T17:07:01Z
2a2462c9f0eeab539d12e64ba696309a,Databricks,"Sr. Solutions Architect - Digital Native Business, Strategics",Nevada; Remote - California; Remote - Colorado; Remote - Washington,https://databricks.com/company/careers/open-positions/job?gh_jid=8615045002,16,Heuristic overlap: 3/20 listed skills and 1/6 locations appeared in the posting.,greenhouse,2026-07-22T17:45:49+00:00,2026-09-07T17:07:01Z
55726864a15f8d353833ce5b1c7570d1,Databricks,Sr. Solutions Architect - Financial Services (Fintech / Data Providers) ,"Georgia; Massachusetts; New York; North Carolina; Washington, D.C.",https://databricks.com/company/careers/open-positions/job?gh_jid=8567976002,7,Heuristic overlap: 2/20 listed skills and 0/6 locations appeared in the posting.,greenhouse,2026-07-22T14:10:38+00:00,2026-09-07T17:07:01Z
965862569107672cbda4f0ea001fe473,Databricks,Sr. Solutions Architect - Financial Services (Strategic Banking),Georgia; Massachusetts; New York; North Carolina,https://databricks.com/company/careers/open-positions/job?gh_jid=8568013002,7,Heuristic overlap: 2/20 listed skills and 0/6 locations appeared in the posting.,greenhouse,2026-08-03T12:45:21+00:00,2026-09-07T17:07:01Z
b8d9a1bce6f98e645e585c7285eabac8,Databricks,Sr. Solutions Architect - FSI,"Munich, Germany",https://databricks.com/company/careers/open-positions/job?gh_jid=8720999002,7,Heuristic overlap: 2/20 listed skills and 0/6 locations appeared in the posting.,greenhouse,2026-08-28T16:31:48+00:00,2026-09-07T17:07:01Z
b27ab2e6d4cf9aed126b048679c50276,Databricks,Sr. Solutions Architect - Lakebase,"Berlin, Germany; Munich, Germany",https://databricks.com/company/careers/open-positions/job?gh_jid=8567849002,7,Heuristic overlap: 2/20 listed skills and 0/6 locations appeared in the posting.,greenhouse,2026-07-30T19:21:11+00:00,2026-09-07T17:07:01Z
40e1476f163e79d9a48a0a97109268ae,Databricks,Sr. Solutions Architect - Life Sciences,"Munich, Germany",https://databricks.com/company/careers/open-positions/job?gh_jid=8720995002,12,Heuristic overlap: 2/20 listed skills and 1/6 locations appeared in the posting.,greenhouse,2026-09-01T09:26:08+00:00,2026-09-07T17:07:01Z
2e9da046fbdad2722f45dc1ec2b84382,Databricks,Sr. Solutions Architect Madrid Spain,Madrid,https://databricks.com/company/careers/open-positions/job?gh_jid=8641242002,3,Heuristic overlap: 1/20 listed skills and 0/6 locations appeared in the posting.,greenhouse,2026-07-21T19:09:31+00:00,2026-09-07T17:07:01Z
ab5b9bf7085fa62429ac2a54302f5a92,Databricks,Sr. Solutions Architect - Public Sector (Defense Industrial Base),"Delaware; Maryland; Virginia; Washington, D.C.",https://databricks.com/company/careers/open-positions/job?gh_jid=8453645002,7,Heuristic overlap: 2/20 listed skills and 0/6 locations appeared in the posting.,greenhouse,2026-07-27T17:51:34+00:00,2026-09-07T17:07:01Z
944b841ec66ffdc6f53c6b185ae8b458,Databricks,"Sr. Solutions Architect - Retail, Travel & Hospitality ","Charlotte, North Carolina; Raleigh, North Carolina; Remote - North Carolina",https://databricks.com/company/careers/open-positions/job?gh_jid=8607059002,12,Heuristic overlap: 2/20 listed skills and 1/6 locations appeared in the posting.,greenhouse,2026-07-13T18:03:03+00:00,2026-09-07T17:07:01Z
dc74f98cb8214baa51d452fcc208263a,Databricks,Sr. Solutions Architect Saudi Arabia,"Riyadh, Saudi Arabia ",https://databricks.com/company/careers/open-positions/job?gh_jid=8697067002,3,Heuristic overlap: 1/20 listed skills and 0/6 locations appeared in the posting.,greenhouse,2026-08-19T08:09:34+00:00,2026-09-07T17:07:01Z
1c7bdc17a0ed322cdb7a169403e1dc32,Databricks,Sr. Solutions Architect - Teleco,"Seattle, Washington",https://databricks.com/company/careers/open-positions/job?gh_jid=8747038002,7,Heuristic overlap: 2/20 listed skills and 0/6 locations appeared in the posting.,greenhouse,2026-08-31T20:26:06+00:00,2026-09-07T17:07:01Z
6317205c35b2b49d39e1b2ab458e16bc,Databricks,Sr. Solutions Engineer,"Sao Paulo, Brazil",https://databricks.com/company/careers/open-positions/job?gh_jid=8589187002,7,Heuristic overlap: 2/20 listed skills and 0/6 locations appeared in the posting.,greenhouse,2026-07-22T14:06:52+00:00,2026-09-07T17:07:01Z
3e80a3f28444a665c6667edd292fb791,Databricks,Sr. Solutions Engineer,Singapore,https://databricks.com/company/careers/open-positions/job?gh_jid=8783430002,3,Heuristic overlap: 1/20 listed skills and 0/6 locations appeared in the posting.,greenhouse,2026-09-04T00:50:03+00:00,2026-09-07T17:07:01Z
51b2b2ca6f4fd13667e665875a329997,Databricks,Sr. Solutions Engineer,"London, United Kingdom",https://databricks.com/company/careers/open-positions/job?gh_jid=8742382002,3,Heuristic overlap: 1/20 listed skills and 0/6 locations appeared in the posting.,greenhouse,2026-08-24T20:03:37+00:00,2026-09-07T17:07:01Z
3e80a3f28444a665c6667edd292fb791,Databricks,Sr. Solutions Engineer,Singapore,https://databricks.com/company/careers/open-positions/job?gh_jid=8783420002,3,Heuristic overlap: 1/20 listed skills and 0/6 locations appeared in the posting.,greenhouse,2026-09-04T00:44:58+00:00,2026-09-07T17:07:01Z
8a46e405011693aea0406bc2eb9dec3a,Databricks,Sr. Solutions Engineer,Mexico City,https://databricks.com/company/careers/open-positions/job?gh_jid=8606312002,7,Heuristic overlap: 2/20 listed skills and 0/6 locations appeared in the posting.,greenhouse,2026-07-22T14:01:18+00:00,2026-09-07T17:07:01Z
656ed7626db776f0b973a3041323287e,Databricks,Sr. Solutions Engineer,"Munich, Germany",https://databricks.com/company/careers/open-positions/job?gh_jid=8721005002,3,Heuristic overlap: 1/20 listed skills and 0/6 locations appeared in the posting.,greenhouse,2026-08-18T09:55:48+00:00,2026-09-07T17:07:01Z
44c3fd2fa72366a76c736b7249e55e59,Databricks,"Sr. Solutions Engineer - Digital Native Business, Named Accounts",Florida; Remote - Massachusetts; Remote - New York; Remote - North Carolina; Remote - Pennsylvania; Remote - Virginia,https://databricks.com/company/careers/open-positions/job?gh_jid=8646516002,16,Heuristic overlap: 3/20 listed skills and 1/6 locations appeared in the posting.,greenhouse,2026-08-03T15:52:41+00:00,2026-09-07T17:07:01Z
c3ab63a7ce557de04703784fb85fc71b,Databricks,Sr. Solutions Engineer - Games,Northeast - United States,https://databricks.com/company/careers/open-positions/job?gh_jid=8727543002,3,Heuristic overlap: 1/20 listed skills and 0/6 locations appeared in the posting.,greenhouse,2026-08-18T19:25:17+00:00,2026-09-07T17:07:01Z
39d43b0729c7c9eee6f0d29b9f9b393e,Databricks,"Sr. Sourcer, Corporate","San Francisco, California",https://databricks.com/company/careers/open-positions/job?gh_jid=8771696002,3,Heuristic overlap: 1/20 listed skills and 0/6 locations appeared in the posting.,greenhouse,2026-09-03T17:29:18+00:00,2026-09-07T17:07:01Z
52e14ec22b82522e48866ebd04ea2d4f,Databricks,Sr. Specialist Solutions Architect,Singapore,https://databricks.com/company/careers/open-positions/job?gh_jid=8762362002,3,Heuristic overlap: 1/20 listed skills and 0/6 locations appeared in the posting.,greenhouse,2026-09-02T09:08:15+00:00,2026-09-07T17:07:01Z
f815d2dbfa44497751d8c732a47a1941,Databricks,Sr. Specialist Solutions Architect,"Melbourne, Australia; Sydney, Australia",https://databricks.com/company/careers/open-positions/job?gh_jid=8625656002,0,Heuristic overlap: 0/20 listed skills and 0/6 locations appeared in the posting.,greenhouse,2026-08-12T06:24:38+00:00,2026-09-07T17:07:01Z
fe74e1a3246dd40f5e0619c0cfe8b87b,Databricks,"Sr. Staff, Technical Program Management","Mountain View, California",https://databricks.com/company/careers/open-positions/job?gh_jid=8661359002,14,Heuristic overlap: 4/20 listed skills and 0/6 locations appeared in the posting.,greenhouse,2026-07-31T17:47:30+00:00,2026-09-07T17:07:01Z
a9bd276f95be38fa735188f59c67471f,Databricks,Sr. Technical Solutions Engineer - Platform (Support),"Tokyo, Japan",https://databricks.com/company/careers/open-positions/job?gh_jid=8337391002,3,Heuristic overlap: 1/20 listed skills and 0/6 locations appeared in the posting.,greenhouse,2026-08-20T04:28:31+00:00,2026-09-07T17:07:01Z
d02ed44aff6d81dcc8e98a52c208fc44,Databricks,Sr. Technology Partner Director - AI Code-Gen & Apps,"Remote - California; San Francisco, California",https://databricks.com/company/careers/open-positions/job?gh_jid=8731212002,12,Heuristic overlap: 2/20 listed skills and 1/6 locations appeared in the posting.,greenhouse,2026-08-20T15:39:23+00:00,2026-09-07T17:07:01Z
569308f4d118b1214913a425d3168919,Databricks,Sr. Video Editor (short-form),"San Francisco, California",https://databricks.com/company/careers/open-positions/job?gh_jid=8638635002,3,Heuristic overlap: 1/20 listed skills and 0/6 locations appeared in the posting.,greenhouse,2026-07-28T23:58:14+00:00,2026-09-07T17:07:01Z
638131ae94f92bd89c3862c74369e9af,Databricks,Staff Designated Support Engineer,"Sydney, Australia",https://databricks.com/company/careers/open-positions/job?gh_jid=8661524002,14,Heuristic overlap: 4/20 listed skills and 0/6 locations appeared in the posting.,greenhouse,2026-08-22T16:40:27+00:00,2026-09-07T17:07:01Z
35c4f6a88d00e79cb1cbe94e0174de25,Databricks,Staff Forward Deployed Engineer,"Berlin, Germany; Munich, Germany",https://databricks.com/company/careers/open-positions/job?gh_jid=8653264002,7,Heuristic overlap: 2/20 listed skills and 0/6 locations appeared in the posting.,greenhouse,2026-09-04T11:03:05+00:00,2026-09-07T17:07:01Z
03575022ca1e282384653fc2d7c3bb3e,Databricks,"Staff Partner Engineer, AI Partnerships","New York City, New York; San Francisco, California",https://databricks.com/company/careers/open-positions/job?gh_jid=8643452002,7,Heuristic overlap: 2/20 listed skills and 0/6 locations appeared in the posting.,greenhouse,2026-07-22T06:51:37+00:00,2026-09-07T17:07:01Z
9c2f6592cbc4f4887ee72506a85b8113,Databricks,"Staff Product Manager, SAP","Mountain View, California; San Francisco, California",https://databricks.com/company/careers/open-positions/job?gh_jid=8679974002,3,Heuristic overlap: 1/20 listed skills and 0/6 locations appeared in the posting.,greenhouse,2026-08-07T18:50:24+00:00,2026-09-07T17:07:01Z
19602c728e43ca06e2ab49c2f3a18c1a,Databricks,Staff Software Engineer - Access Management,"Bellevue, Washington",https://databricks.com/company/careers/open-positions/job?gh_jid=8691490002,3,Heuristic overlap: 1/20 listed skills and 0/6 locations appeared in the posting.,greenhouse,2026-08-07T16:28:56+00:00,2026-09-07T17:07:01Z
8a5d27242579a3874f048258ac91c54f,Databricks,"Staff Software Engineer, Ads Measurement & Orchestration","New York City, New York",https://databricks.com/company/careers/open-positions/job?gh_jid=8760165002,7,Heuristic overlap: 2/20 listed skills and 0/6 locations appeared in the posting.,greenhouse,2026-08-28T14:59:14+00:00,2026-09-07T17:07:01Z
def5db4a06065a0756b9350bd544fd24,Databricks,"Staff Software Engineer, Agentic Applications","Mountain View, California",https://databricks.com/company/careers/open-positions/job?gh_jid=8635182002,0,Heuristic overlap: 0/20 listed skills and 0/6 locations appeared in the posting.,greenhouse,2026-07-15T20:27:03+00:00,2026-09-07T17:07:01Z
bd5212d9ee83afd521ba11ce74052723,Databricks,"Staff Software Engineer, AI Native Web Platform","Mountain View, California",https://databricks.com/company/careers/open-positions/job?gh_jid=8635188002,7,Heuristic overlap: 2/20 listed skills and 0/6 locations appeared in the posting.,greenhouse,2026-07-15T20:30:46+00:00,2026-09-07T17:07:01Z
61c674f83db6a8318b3018f39ffb8346,Databricks,Staff Software Engineer- CXI,"Mountain View, California; San Francisco, California",https://databricks.com/company/careers/open-positions/job?gh_jid=8584144002,3,Heuristic overlap: 1/20 listed skills and 0/6 locations appeared in the posting.,greenhouse,2026-07-15T22:19:55+00:00,2026-09-07T17:07:01Z
0b8d5a9c98d082352407900c4c89f62c,Databricks,"Staff Software Engineer, Data Collection (Tags & SDKs)","New York City, New York",https://databricks.com/company/careers/open-positions/job?gh_jid=8760176002,7,Heuristic overlap: 2/20 listed skills and 0/6 locations appeared in the posting.,greenhouse,2026-08-28T15:00:23+00:00,2026-09-07T17:07:01Z
0f8d102178bb89626851ab120d54f7dc,Databricks,Staff Software Engineer- Foundation Model Inference,"San Francisco, California",https://databricks.com/company/careers/open-positions/job?gh_jid=8649279002,0,Heuristic overlap: 0/20 listed skills and 0/6 locations appeared in the posting.,greenhouse,2026-07-24T16:49:01+00:00,2026-09-07T17:07:01Z
7025470bce9adb6ce723b80a66220aed,Databricks,"Staff Software Engineer, Foundation Model Inference ","San Francisco, California",https://databricks.com/company/careers/open-positions/job?gh_jid=8637143002,3,Heuristic overlap: 1/20 listed skills and 0/6 locations appeared in the posting.,greenhouse,2026-07-16T18:21:12+00:00,2026-09-07T17:07:01Z
2826a48dfc3e0fcfca912d6a500c7b94,Databricks,"Staff Software Engineer, Sales Data & Agents","New York City, New York",https://databricks.com/company/careers/open-positions/job?gh_jid=8760171002,3,Heuristic overlap: 1/20 listed skills and 0/6 locations appeared in the posting.,greenhouse,2026-08-28T14:58:17+00:00,2026-09-07T17:07:01Z
8da5d99709158bbd1ef06fe1914b36b2,Databricks,Staff Software Engineer - Streaming,"Seattle, Washington",https://databricks.com/company/careers/open-positions/job?gh_jid=8663972002,0,Heuristic overlap: 0/20 listed skills and 0/6 locations appeared in the posting.,greenhouse,2026-07-31T23:26:34+00:00,2026-09-07T17:07:01Z
1ea1840be0f29a491ae3996554cdde17,Databricks,"Staff Software Engineer, Technical Lead, Lakebase Manager (LBM)","Bellevue, Washington",https://databricks.com/company/careers/open-positions/job?gh_jid=8639477002,3,Heuristic overlap: 1/20 listed skills and 0/6 locations appeared in the posting.,greenhouse,2026-07-17T22:05:41+00:00,2026-09-07T17:07:01Z
790509ac353bd656a765a26d5f2ca177,Databricks,Startup Hunter Account Executive,"Ontario, Canada",https://databricks.com/company/careers/open-positions/job?gh_jid=8643831002,0,Heuristic overlap: 0/20 listed skills and 0/6 locations appeared in the posting.,greenhouse,2026-07-28T19:32:13+00:00,2026-09-07T17:07:01Z
aa2bb461387153c524dd5a2e37d875e3,Databricks,"Strategic Account Executive, Life Science",Denmark,https://databricks.com/company/careers/open-positions/job?gh_jid=8626215002,0,Heuristic overlap: 0/20 listed skills and 0/6 locations appeared in the posting.,greenhouse,2026-07-17T14:46:18+00:00,2026-09-07T17:07:01Z
dd8ec653e6c63bde7b99fbc736c9ee39,Databricks,"Strategic  Account Executive, Public Sector","Montréal, Canada",https://databricks.com/company/careers/open-positions/job?gh_jid=8652590002,3,Heuristic overlap: 1/20 listed skills and 0/6 locations appeared in the posting.,greenhouse,2026-07-28T17:18:09+00:00,2026-09-07T17:07:01Z
11c6d4d3ef67ecdeb1b870245c62e38b,Databricks,"Strategic Account Executive, Transportation and Logistics",Denmark,https://databricks.com/company/careers/open-positions/job?gh_jid=8736883002,3,Heuristic overlap: 1/20 listed skills and 0/6 locations appeared in the posting.,greenhouse,2026-08-25T10:50:50+00:00,2026-09-07T17:07:01Z
4ff9acdb65d17ea2cee4fb83b2fecee0,Databricks,Strategic Core Account Executive,"Paris, France",https://databricks.com/company/careers/open-positions/job?gh_jid=8628029002,0,Heuristic overlap: 0/20 listed skills and 0/6 locations appeared in the posting.,greenhouse,2026-07-31T08:26:06+00:00,2026-09-07T17:07:01Z
dead434b0b43265142d02cac6519e30d,Databricks,Strategic Core Account Executive,"San Francisco, California",https://databricks.com/company/careers/open-positions/job?gh_jid=8766584002,5,Heuristic overlap: 0/20 listed skills and 1/6 locations appeared in the posting.,greenhouse,2026-08-31T20:11:06+00:00,2026-09-07T17:07:01Z
dd2e9041c7a99f61583edd9f762432bc,Databricks,Strategic Core Account Executive - Automotive/OEM,"Munich, Germany",https://databricks.com/company/careers/open-positions/job?gh_jid=8656210002,0,Heuristic overlap: 0/20 listed skills and 0/6 locations appeared in the posting.,greenhouse,2026-07-30T07:54:54+00:00,2026-09-07T17:07:01Z
877b141434bfe46220abb9ed8fd0ff7f,Databricks,Strategic Core Account Executive - Financial Services,"Toronto, Canada",https://databricks.com/company/careers/open-positions/job?gh_jid=8466807002,0,Heuristic overlap: 0/20 listed skills and 0/6 locations appeared in the posting.,greenhouse,2026-07-29T15:51:19+00:00,2026-09-07T17:07:01Z
4ba99f8dc2699d06b1e0684f18da8e34,Databricks,Strategic DNB Hunter Account Executive (China),China,https://databricks.com/company/careers/open-positions/job?gh_jid=8644185002,3,Heuristic overlap: 1/20 listed skills and 0/6 locations appeared in the posting.,greenhouse,2026-07-22T04:21:19+00:00,2026-09-07T17:07:01Z
4da3ab2ac72ba91a1baf086b98127690,Databricks,Strategic Enterprise Account Executive - CMEG ,Remote - California,https://databricks.com/company/careers/open-positions/job?gh_jid=8633152002,5,Heuristic overlap: 0/20 listed skills and 1/6 locations appeared in the posting.,greenhouse,2026-07-22T17:38:47+00:00,2026-09-07T17:07:01Z
9a995a765b7c4c23e790f925954f4278,Databricks,Strategic Enterprise Account Executive - Financial Services,"New York City, New York",https://databricks.com/company/careers/open-positions/job?gh_jid=8770530002,0,Heuristic overlap: 0/20 listed skills and 0/6 locations appeared in the posting.,greenhouse,2026-09-04T05:36:11+00:00,2026-09-07T17:07:01Z
1502a172c3e522ffea22b3f52f0cf2f5,Databricks,"Strategic Enterprise Account Executive, Life Sciences",Northeast - United States,https://databricks.com/company/careers/open-positions/job?gh_jid=8599138002,0,Heuristic overlap: 0/20 listed skills and 0/6 locations appeared in the posting.,greenhouse,2026-08-03T16:49:25+00:00,2026-09-07T17:07:01Z
39585ef25769d7510cba5229a9cf146d,Databricks,"Strategic Enterprise Account Executive, Life Sciences",Remote - California; Remote - North Carolina,https://databricks.com/company/careers/open-positions/job?gh_jid=8645718002,5,Heuristic overlap: 0/20 listed skills and 1/6 locations appeared in the posting.,greenhouse,2026-08-03T16:43:24+00:00,2026-09-07T17:07:01Z
899b2f54471f8a0a0122816c683e73d6,Databricks,"Strategic Enterprise Account Executive, Life Sciences","Chicago, Illinois; Indiana",https://databricks.com/company/careers/open-positions/job?gh_jid=8648999002,0,Heuristic overlap: 0/20 listed skills and 0/6 locations appeared in the posting.,greenhouse,2026-08-03T16:38:28+00:00,2026-09-07T17:07:01Z
2cf76ce1867114f186cfc66f660760cb,Databricks,"Strategic Enterprise Account Executive, State and Local",New York,https://databricks.com/company/careers/open-positions/job?gh_jid=8770526002,0,Heuristic overlap: 0/20 listed skills and 0/6 locations appeared in the posting.,greenhouse,2026-09-04T21:45:38+00:00,2026-09-07T17:07:01Z
92e3324323230f7b6ed6540c6b4ae509,Databricks,Strategic Hunter Account Executive,"Paris, France",https://databricks.com/company/careers/open-positions/job?gh_jid=8737167002,3,Heuristic overlap: 1/20 listed skills and 0/6 locations appeared in the posting.,greenhouse,2026-09-07T11:01:35+00:00,2026-09-07T17:07:01Z
57bb7b3abbe8fe2c918cf933b6f54dd0,Databricks,Tech Lead Manager - Lakebase,"London, United Kingdom",https://databricks.com/company/careers/open-positions/job?gh_jid=8651161002,3,Heuristic overlap: 1/20 listed skills and 0/6 locations appeared in the posting.,greenhouse,2026-07-27T09:12:30+00:00,2026-09-07T17:07:01Z
483e223256d1a6c080e42430af5e6679,Databricks,Technical Program Manager,Singapore,https://databricks.com/company/careers/open-positions/job?gh_jid=8654620002,3,Heuristic overlap: 1/20 listed skills and 0/6 locations appeared in the posting.,greenhouse,2026-07-31T03:40:48+00:00,2026-09-07T17:07:01Z
62f4ae3f17a6dc7294db43b931f27912,Databricks,Workplace Services Manager,"San Francisco, California",https://databricks.com/company/careers/open-positions/job?gh_jid=8603390002,12,Heuristic overlap: 2/20 listed skills and 1/6 locations appeared in the posting.,greenhouse,2026-08-24T23:13:05+00:00,2026-09-07T17:07:01Z
7d667124d5882ed585dee0ae9b2014fa,Databricks,Workplace Specialist,"London, United Kingdom",https://databricks.com/company/careers/open-positions/job?gh_jid=8628958002,10,Heuristic overlap: 3/20 listed skills and 0/6 locations appeared in the posting.,greenhouse,2026-07-28T15:04:14+00:00,2026-09-07T17:07:01Z
7f8e2b9ab484ea51d9567f68fe218060,palantir,Deployment Strategist - US Government,"Miami, FL",https://jobs.lever.co/palantir/e2a3c133-7964-4e64-ba17-84a8b0b19506,0,Heuristic overlap: 0/20 listed skills and 0/6 locations appeared in the posting.,lever,2026-09-02T20:46:05.526000+00:00,2026-09-07T17:07:01Z
6d4ad817958db1bfa5f0184f0926aef5,palantir,"Deployment Strategist, New Grad - Commercial","Seoul, South Korea",https://jobs.lever.co/palantir/d5f11334-3a73-4094-b7e0-d05b54e475b8,0,Heuristic overlap: 0/20 listed skills and 0/6 locations appeared in the posting.,lever,2026-08-10T14:13:54.429000+00:00,2026-09-07T17:07:01Z
2dbd7916930f03f704f36d683c1e4b38,palantir,"Forward Deployed Infrastructure Engineer, New Grad - UK Government","London, United Kingdom",https://jobs.lever.co/palantir/cadc0eb2-2703-43e4-8e4f-41edf5b071c6,0,Heuristic overlap: 0/20 listed skills and 0/6 locations appeared in the posting.,lever,2026-08-31T07:29:41.774000+00:00,2026-09-07T17:07:01Z
9433c2e13665982f3b447b3416304c94,palantir,"Forward Deployed Infrastructure Engineer, New Grad - US Government","Honolulu, HI",https://jobs.lever.co/palantir/701a9307-0619-45d3-b077-cabe9897cd12,0,Heuristic overlap: 0/20 listed skills and 0/6 locations appeared in the posting.,lever,2026-08-31T16:27:36.814000+00:00,2026-09-07T17:07:01Z
06ba263886dbee4f66296bb544f86676,palantir,Forward Deployed Software Engineer - NATO,"London, United Kingdom",https://jobs.lever.co/palantir/73d1a90c-162d-4cb6-9e0c-4c8de9561ad0,0,Heuristic overlap: 0/20 listed skills and 0/6 locations appeared in the posting.,lever,2026-07-23T12:53:46.989000+00:00,2026-09-07T17:07:01Z
214a984cbf8125f6286ab4f9a11969e1,palantir,"Forward Deployed Software Engineer, Internship - Commercial","Seoul, South Korea",https://jobs.lever.co/palantir/2ad0ab10-34c3-410d-883b-8052864a95cd,0,Heuristic overlap: 0/20 listed skills and 0/6 locations appeared in the posting.,lever,2026-08-10T13:49:27.811000+00:00,2026-09-07T17:07:01Z
5663bdad51baf9f11b9f3d61d6c8f6a1,palantir,"Forward Deployed Software Engineer, New Grad - Commercial","Seoul, South Korea",https://jobs.lever.co/palantir/341d5cae-a473-4813-9a6c-0f67fcc1b253,0,Heuristic overlap: 0/20 listed skills and 0/6 locations appeared in the posting.,lever,2026-08-10T14:02:48.146000+00:00,2026-09-07T17:07:01Z
a5d01b289186d48ea52fe7d7725874c2,palantir,GRC Program Manager,"New York, NY",https://jobs.lever.co/palantir/4625019a-479a-41dd-bd5a-21847629772b,0,Heuristic overlap: 0/20 listed skills and 0/6 locations appeared in the posting.,lever,2026-07-20T14:47:28.629000+00:00,2026-09-07T17:07:01Z
a1fa92d1e960f5764e5b39479a40894b,palantir,GRC Program Manager,"Washington, D.C.",https://jobs.lever.co/palantir/def1573d-c2b6-42a7-963b-e13c3587b5e9,0,Heuristic overlap: 0/20 listed skills and 0/6 locations appeared in the posting.,lever,2026-07-20T14:57:11.825000+00:00,2026-09-07T17:07:01Z
f828520596dc93a3abd11c0e5a43d935,palantir,GRC Program Manager,"Seattle, WA",https://jobs.lever.co/palantir/e5869901-d578-4229-a856-47af76a8f39a,0,Heuristic overlap: 0/20 listed skills and 0/6 locations appeared in the posting.,lever,2026-07-20T14:57:26.831000+00:00,2026-09-07T17:07:01Z
94a483352eaf50c3ab0886ef1ae05418,palantir,Legal Counsel - US Government,"Washington, D.C.",https://jobs.lever.co/palantir/b8816fd2-d12d-41dd-8467-88748903267f,3,Heuristic overlap: 1/20 listed skills and 0/6 locations appeared in the posting.,lever,2026-07-10T18:02:29.911000+00:00,2026-09-07T17:07:01Z
68a7ca2b0f93afb26821c9a2ece7627a,palantir,Legal Counsel - US Government,"New York, NY",https://jobs.lever.co/palantir/e72e00b7-7106-4974-8cb0-b6c150215b99,3,Heuristic overlap: 1/20 listed skills and 0/6 locations appeared in the posting.,lever,2026-07-10T18:02:00.235000+00:00,2026-09-07T17:07:01Z
e07c922ad9fd0825f657d109d6ceb2fb,palantir,Legal Operations Specialist,"Palo Alto, CA",https://jobs.lever.co/palantir/3c0c9552-f4ae-4467-b032-5809d2d62724,3,Heuristic overlap: 1/20 listed skills and 0/6 locations appeared in the posting.,lever,2026-09-03T17:34:05.614000+00:00,2026-09-07T17:07:01Z
3530637fe78a203cc2c6e0d789938eff,palantir,Legal Operations Specialist,"Denver, CO",https://jobs.lever.co/palantir/bd500579-5e1c-441f-b42f-66822d07dbba,3,Heuristic overlap: 1/20 listed skills and 0/6 locations appeared in the posting.,lever,2026-09-03T17:35:02.694000+00:00,2026-09-07T17:07:01Z
e0139d7430f9b4cdd88f891f8559579d,palantir,Offensive Security Engineer,"Washington, D.C.",https://jobs.lever.co/palantir/5614a901-ef96-4b9c-928d-4a9c338c8aad,0,Heuristic overlap: 0/20 listed skills and 0/6 locations appeared in the posting.,lever,2026-08-14T15:54:38.241000+00:00,2026-09-07T17:07:01Z
8d6459cedcf800ce79a50672f15b7c86,palantir,Platform Engineer - Identity Infrastructure,"Palo Alto, CA",https://jobs.lever.co/palantir/721fe5ca-73b8-4223-826e-93a528194821,0,Heuristic overlap: 0/20 listed skills and 0/6 locations appeared in the posting.,lever,2026-08-04T21:07:54.169000+00:00,2026-09-07T17:07:01Z
76709b8f37e01b22dbf3e185533af7b8,palantir,Platform Engineer - Identity Infrastructure,"Washington, D.C.",https://jobs.lever.co/palantir/a80afc2b-2564-4a98-84c2-34cdcc0402df,0,Heuristic overlap: 0/20 listed skills and 0/6 locations appeared in the posting.,lever,2026-08-04T21:07:28.301000+00:00,2026-09-07T17:07:01Z
2adc241319b632ec406bbe74197bb3e8,palantir,Platform Engineer - Identity Infrastructure,"New York, NY",https://jobs.lever.co/palantir/cf08f44c-bf75-45ed-9fab-f4836e51013e,0,Heuristic overlap: 0/20 listed skills and 0/6 locations appeared in the posting.,lever,2026-07-28T19:52:46.213000+00:00,2026-09-07T17:07:01Z
e6555e2079811a57b06265c2ef2e0411,palantir,"Product Designer, Internship - US Government","Palo Alto, CA",https://jobs.lever.co/palantir/9db71277-3a9a-481b-a2a3-25c3125b0e8a,0,Heuristic overlap: 0/20 listed skills and 0/6 locations appeared in the posting.,lever,2026-07-31T21:35:37.281000+00:00,2026-09-07T17:07:01Z
9797201b5571afbe5735c1e8dd30d0b1,palantir,Senior Software Engineer - Autonomous Systems,"Washington, D.C.",https://jobs.lever.co/palantir/d40d5d19-8f9e-4e6b-b4d3-b7457c90adec,0,Heuristic overlap: 0/20 listed skills and 0/6 locations appeared in the posting.,lever,2026-07-22T19:45:57.785000+00:00,2026-09-07T17:07:01Z
b8ff9afa8db5e072323c188b924b958c,palantir,Senior Software Engineer - Autonomous Systems,"Palo Alto, CA",https://jobs.lever.co/palantir/d7030550-f80f-422c-965f-3120db433dea,0,Heuristic overlap: 0/20 listed skills and 0/6 locations appeared in the posting.,lever,2026-07-22T19:46:17.199000+00:00,2026-09-07T17:07:01Z
b5456c9816c1555c300e49b3b04b6a9e,palantir,Software Engineer - Edge AI Systems,"Seattle, WA",https://jobs.lever.co/palantir/67110929-adea-41c3-851a-8882e222d9e4,0,Heuristic overlap: 0/20 listed skills and 0/6 locations appeared in the posting.,lever,2026-07-22T22:12:20.264000+00:00,2026-09-07T17:07:01Z
a61a2278ac004569c77dcbc00bc0c5c1,palantir,Talent Coordinator,"Chicago, IL",https://jobs.lever.co/palantir/76195098-5e66-4b62-96d0-dcaabb6ea009,0,Heuristic overlap: 0/20 listed skills and 0/6 locations appeared in the posting.,lever,2026-07-15T14:09:40.042000+00:00,2026-09-07T17:07:01Z
4b339085f3fa0dfaafd9728816eea785,palantir,Talent Strategist,"Chicago, IL",https://jobs.lever.co/palantir/5802024f-0e9c-4b58-8de0-0ecd52c234e3,0,Heuristic overlap: 0/20 listed skills and 0/6 locations appeared in the posting.,lever,2026-07-15T13:55:12.081000+00:00,2026-09-07T17:07:01Z
e51a0ab00beb7f48b4d86802aa533329,palantir,Technical Program Manager  - Autonomous Systems C2,"Washington, D.C.",https://jobs.lever.co/palantir/119ff141-1fa7-4466-a154-da57cf17bd52,0,Heuristic overlap: 0/20 listed skills and 0/6 locations appeared in the posting.,lever,2026-08-07T14:54:50.751000+00:00,2026-09-07T17:07:01Z
9ee6429ba659062ae66e0aed23053e3b,palantir,Technical Program Manager  - Autonomous Systems C2,"New York, NY",https://jobs.lever.co/palantir/9da1a482-4f3a-4804-8b5f-b9697d85fe61,0,Heuristic overlap: 0/20 listed skills and 0/6 locations appeared in the posting.,lever,2026-08-07T14:55:33.328000+00:00,2026-09-07T17:07:01Z
eca8782bc58c92b3daf62731f42dfefa,palantir,Technical Program Manager - Security,"New York, NY",https://jobs.lever.co/palantir/b5362bc1-8a07-44e2-9ddc-cb4236aa0f20,0,Heuristic overlap: 0/20 listed skills and 0/6 locations appeared in the posting.,lever,2026-07-20T14:50:36.292000+00:00,2026-09-07T17:07:01Z
41e4727507e663473697bb8766246891,palantir,Technical Program Manager - Security,"Washington, D.C.",https://jobs.lever.co/palantir/b908b3e4-81f9-47b3-9088-ee8dd3932003,0,Heuristic overlap: 0/20 listed skills and 0/6 locations appeared in the posting.,lever,2026-07-20T15:01:24.870000+00:00,2026-09-07T17:07:01Z
cd476937303a340ed8613dfe95fab8f1,palantir,Technical Program Manager - Security,"Seattle, WA",https://jobs.lever.co/palantir/e76eaef3-f240-467d-8260-1d6d92ed5c41,0,Heuristic overlap: 0/20 listed skills and 0/6 locations appeared in the posting.,lever,2026-07-20T15:01:44.547000+00:00,2026-09-07T17:07:01Z
71793efc100902066a2760f5e7f6d522,palantir,Technical Program Manager - US Government,"New York, NY",https://jobs.lever.co/palantir/2f618c30-14ce-44a0-a823-2af55d2ac2ed,0,Heuristic overlap: 0/20 listed skills and 0/6 locations appeared in the posting.,lever,2026-08-10T18:53:38.234000+00:00,2026-09-07T17:07:01Z
97ba3b964eff86cd6f96644c4a73ba55,palantir,Technical Program Manager - US Government,"Huntsville, AL",https://jobs.lever.co/palantir/bd34525c-6e4e-44ea-88c8-d8dac9747feb,0,Heuristic overlap: 0/20 listed skills and 0/6 locations appeared in the posting.,lever,2026-08-10T19:00:45.538000+00:00,2026-09-07T17:07:01Z
3b6e79b7931f2625b34fb0e115e3bbcf,palantir,Technical Program Manager - US Government,"Washington, D.C.",https://jobs.lever.co/palantir/d3b2f261-3f10-4edc-8802-8b3b37977d0a,0,Heuristic overlap: 0/20 listed skills and 0/6 locations appeared in the posting.,lever,2026-08-10T18:55:25.688000+00:00,2026-09-07T17:07:01Z
781b36433aee4f542e6e43c532e57677,palantir,U.S. Indirect Tax Manager,"Palo Alto, CA",https://jobs.lever.co/palantir/1a84bb07-812d-487c-a3b7-8a78b8c8b083,0,Heuristic overlap: 0/20 listed skills and 0/6 locations appeared in the posting.,lever,2026-08-18T09:41:29.466000+00:00,2026-09-07T17:07:01Z
b338097e153613ac5a2a112d88c0f61d,palantir,US Government Subcontracts Manager,"Washington, D.C.",https://jobs.lever.co/palantir/168e1345-913c-4826-a926-a07d5cf10bba,7,Heuristic overlap: 2/20 listed skills and 0/6 locations appeared in the posting.,lever,2026-07-21T19:28:45.463000+00:00,2026-09-07T17:07:01Z
f3b75a6ee27b1020d34ecb3217f7de8c,palantir,Workplace Operations Analyst,"Abu Dhabi, United Arab Emirates",https://jobs.lever.co/palantir/e6be4159-c8d1-481d-ad15-13274861b795,0,Heuristic overlap: 0/20 listed skills and 0/6 locations appeared in the posting.,lever,2026-07-29T16:32:24.185000+00:00,2026-09-07T17:07:01Z
316b32d5256d3fba1614624a3da57905,Canonical,"Graduate Software Engineer, Open Source and Linux, Canonical Ubuntu",Home based - Worldwide,https://job-boards.greenhouse.io/canonical/jobs/8142329,26,Heuristic overlap: 6/20 listed skills and 1/6 locations appeared in the posting.,greenhouse,2026-08-24T09:14:46+00:00,2026-09-07T17:08:39Z
98453aec3acf8a8c890f1bfc9debd4e9,Canonical,"Manager, People Analytics",Home Based - Americas; Home based - EMEA,https://job-boards.greenhouse.io/canonical/jobs/7836561,19,Heuristic overlap: 4/20 listed skills and 1/6 locations appeared in the posting.,greenhouse,2026-07-17T18:36:11+00:00,2026-09-07T17:08:39Z
1472eb1bf1d094f37a9c458732b9f5db,Canonical,Organisational Development Associate,Home Based - Americas; Home based - EMEA,https://job-boards.greenhouse.io/canonical/jobs/8160237,12,Heuristic overlap: 2/20 listed skills and 1/6 locations appeared in the posting.,greenhouse,2026-08-26T18:37:09+00:00,2026-09-07T17:08:39Z
ad5bc5ea64b00c7ae72c02909bc3f3ad,Canonical,Regional SDR Director,Home Based - Americas; Home Based - APAC; Home based - EMEA; Home based - Worldwide,https://job-boards.greenhouse.io/canonical/jobs/8094035,16,Heuristic overlap: 3/20 listed skills and 1/6 locations appeared in the posting.,greenhouse,2026-07-29T11:53:55+00:00,2026-09-07T17:08:39Z
4bef090412b29e7f852693e0a6a5726a,Canonical,Senior Organisational Development Practitioner,Home Based - Americas; Home based - EMEA,https://job-boards.greenhouse.io/canonical/jobs/8090587,12,Heuristic overlap: 2/20 listed skills and 1/6 locations appeared in the posting.,greenhouse,2026-07-28T08:47:36+00:00,2026-09-07T17:08:39Z
32c7f493fb6db73b32807968a4e14ced,Canonical,Software Engineer - Secure Container Images,Home Based - Americas; Home Based - APAC; Home based - EMEA,https://job-boards.greenhouse.io/canonical/jobs/8130859,26,Heuristic overlap: 6/20 listed skills and 1/6 locations appeared in the posting.,greenhouse,2026-08-14T19:30:38+00:00,2026-09-07T17:08:39Z
cb31300acdca862219534e10dc195283,Canonical,Talent Acquisition Strategist,Home based - EMEA,https://job-boards.greenhouse.io/canonical/jobs/8105144,19,Heuristic overlap: 4/20 listed skills and 1/6 locations appeared in the posting.,greenhouse,2026-08-04T12:40:39+00:00,2026-09-07T17:08:39Z
58d36e06bf3a1cd2fdab76a454805d47,Discord,Advertising Operations Manager,San Francisco Bay Area or New York (Remote),https://job-boards.greenhouse.io/discord/jobs/8686353002,16,Heuristic overlap: 3/20 listed skills and 1/6 locations appeared in the posting.,greenhouse,2026-08-07T00:13:29+00:00,2026-09-07T17:08:39Z
787068e8d7f6af17f6682d58c943598a,Discord,"Commercial Policy Lead, Brand Safety & Malware",San Francisco Bay Area ,https://job-boards.greenhouse.io/discord/jobs/8680047002,7,Heuristic overlap: 2/20 listed skills and 0/6 locations appeared in the posting.,greenhouse,2026-08-05T21:50:08+00:00,2026-09-07T17:08:39Z
5c0d8e19d775354809d08cb525f13643,Discord,"Engineering Manager, Machine Learning (Safety)",San Francisco Bay Area,https://job-boards.greenhouse.io/discord/jobs/8722538002,3,Heuristic overlap: 1/20 listed skills and 0/6 locations appeared in the posting.,greenhouse,2026-08-20T17:43:23+00:00,2026-09-07T17:08:39Z
63aaece84ebf6771ae749c8e8443b4c6,Discord,"Engineering Manager, Platform Security",San Francisco Bay Area ,https://job-boards.greenhouse.io/discord/jobs/8649856002,7,Heuristic overlap: 2/20 listed skills and 0/6 locations appeared in the posting.,greenhouse,2026-07-27T21:23:50+00:00,2026-09-07T17:08:39Z
a09b9befc98a7b664b84cbb5ea1618e3,Discord,"Engineering Manager, Safety",San Francisco Bay Area ,https://job-boards.greenhouse.io/discord/jobs/8637688002,3,Heuristic overlap: 1/20 listed skills and 0/6 locations appeared in the posting.,greenhouse,2026-07-29T18:21:51+00:00,2026-09-07T17:08:39Z
2984c34a0c13893d59fa46863c1f7548,Discord,Oracle ERP Fusion Functional Analyst,San Francisco Bay Area or Remote (U.S.),https://job-boards.greenhouse.io/discord/jobs/8627166002,8,Heuristic overlap: 1/20 listed skills and 1/6 locations appeared in the posting.,greenhouse,2026-07-10T04:16:16+00:00,2026-09-07T17:08:39Z
6741e75c3fbec1a86d6e03d2e341a0aa,Discord,Oracle ERP Fusion Technical Developer,San Francisco Bay Area or Remote (U.S.),https://job-boards.greenhouse.io/discord/jobs/8627078002,8,Heuristic overlap: 1/20 listed skills and 1/6 locations appeared in the posting.,greenhouse,2026-07-10T04:08:20+00:00,2026-09-07T17:08:39Z
a6d4cc1d74030dfdcdf545c8dd987a76,Discord,Payments & Fraud Analyst,San Francisco Bay Area,https://job-boards.greenhouse.io/discord/jobs/8771059002,3,Heuristic overlap: 1/20 listed skills and 0/6 locations appeared in the posting.,greenhouse,2026-09-03T23:37:43+00:00,2026-09-07T17:08:39Z
fd39ffa8415ac2ea9c55f67383fd2aa4,Discord,"Product Designer, Growth",San Francisco Bay Area,https://job-boards.greenhouse.io/discord/jobs/8674411002,3,Heuristic overlap: 1/20 listed skills and 0/6 locations appeared in the posting.,greenhouse,2026-08-03T21:27:39+00:00,2026-09-07T17:08:39Z
c3bfa8fb7fd5083b296ebc5a7a847a03,Discord,"Program Manager, Detection & Enforcement, Youth Safety",San Francisco Bay Area,https://job-boards.greenhouse.io/discord/jobs/8635949002,7,Heuristic overlap: 2/20 listed skills and 0/6 locations appeared in the posting.,greenhouse,2026-07-21T21:08:39+00:00,2026-09-07T17:08:39Z
f7383331dd338401fd701fb9d17487d7,Discord,QA/DevOps Engineer,San Francisco Bay Area,https://job-boards.greenhouse.io/discord/jobs/8703614002,10,Heuristic overlap: 3/20 listed skills and 0/6 locations appeared in the posting.,greenhouse,2026-08-14T03:27:33+00:00,2026-09-07T17:08:39Z
7a3384f7f26812ba3331b36ec0aa5b8e,Discord,"Senior Data Scientist, Causal Inference + Experimentation",San Francisco Bay Area ,https://job-boards.greenhouse.io/discord/jobs/8730666002,7,Heuristic overlap: 2/20 listed skills and 0/6 locations appeared in the posting.,greenhouse,2026-08-20T17:03:45+00:00,2026-09-07T17:08:39Z
e7ea981111fe2bbf533495ab7203f487,Discord,"Senior Full-Stack Software Engineer, Ads",San Francisco Bay Area,https://job-boards.greenhouse.io/discord/jobs/8659978002,10,Heuristic overlap: 3/20 listed skills and 0/6 locations appeared in the posting.,greenhouse,2026-07-31T16:23:32+00:00,2026-09-07T17:08:39Z
5a79f05cdb3852f77992da37f7ca8868,Discord,"Senior Full-Stack Software Engineer, Game Records",San Francisco Bay Area,https://job-boards.greenhouse.io/discord/jobs/8597656002,7,Heuristic overlap: 2/20 listed skills and 0/6 locations appeared in the posting.,greenhouse,2026-07-21T17:36:48+00:00,2026-09-07T17:08:39Z
fc01692e4e0b89910005a37e70446217,Discord,"Senior Full-Stack Software Engineer, Growth ",San Francisco Bay Area,https://job-boards.greenhouse.io/discord/jobs/8642085002,7,Heuristic overlap: 2/20 listed skills and 0/6 locations appeared in the posting.,greenhouse,2026-07-21T22:52:49+00:00,2026-09-07T17:08:39Z
955e72ec9453141c0cd48ceabcd6773c,Discord,"Senior Product Designer, Consumer Revenue",San Francisco Bay Area,https://job-boards.greenhouse.io/discord/jobs/8731898002,3,Heuristic overlap: 1/20 listed skills and 0/6 locations appeared in the posting.,greenhouse,2026-08-20T14:43:52+00:00,2026-09-07T17:08:39Z
31aa3dfaa61d915c4940d9de763a905c,Discord,"Senior Product Design Manager, Growth",San Francisco Bay Area,https://job-boards.greenhouse.io/discord/jobs/8780263002,7,Heuristic overlap: 2/20 listed skills and 0/6 locations appeared in the posting.,greenhouse,2026-09-03T14:30:34+00:00,2026-09-07T17:08:39Z
977ea732cd5094d714f62b267f2f8d1f,Discord,Senior Salesforce Technical Lead,San Francisco Bay Area ,https://job-boards.greenhouse.io/discord/jobs/8637188002,7,Heuristic overlap: 2/20 listed skills and 0/6 locations appeared in the posting.,greenhouse,2026-07-17T22:04:35+00:00,2026-09-07T17:08:39Z
05a909f9528c77e20642bfd65343d756,Discord,"Senior Software Engineer, Ads",San Francisco Bay Area,https://job-boards.greenhouse.io/discord/jobs/8697883002,14,Heuristic overlap: 4/20 listed skills and 0/6 locations appeared in the posting.,greenhouse,2026-08-12T16:44:44+00:00,2026-09-07T17:08:39Z
383e6510de66c806b4edea381ca520fe,Discord,"Senior Software Engineer, Application Security",San Francisco Bay Area,https://job-boards.greenhouse.io/discord/jobs/8656854002,10,Heuristic overlap: 3/20 listed skills and 0/6 locations appeared in the posting.,greenhouse,2026-07-31T20:41:03+00:00,2026-09-07T17:08:39Z
30e1bd50d4fc351e5854ac2a5dc0a718,Discord,"Senior Software Engineer, Data Platform",San Francisco Bay Area ,https://job-boards.greenhouse.io/discord/jobs/8694476002,7,Heuristic overlap: 2/20 listed skills and 0/6 locations appeared in the posting.,greenhouse,2026-08-12T20:01:52+00:00,2026-09-07T17:08:39Z
84475c631fec528bfae42c7eb74da770,Discord,"Senior Software Engineer, Enterprise Platform",San Francisco Bay Area ,https://job-boards.greenhouse.io/discord/jobs/8675277002,3,Heuristic overlap: 1/20 listed skills and 0/6 locations appeared in the posting.,greenhouse,2026-08-04T17:38:21+00:00,2026-09-07T17:08:39Z
7b684fba9dde79be970733dd81d9a0c2,Discord,"Senior Software Engineer, Growth ",San Francisco Bay Area,https://job-boards.greenhouse.io/discord/jobs/8642087002,7,Heuristic overlap: 2/20 listed skills and 0/6 locations appeared in the posting.,greenhouse,2026-08-04T22:13:57+00:00,2026-09-07T17:08:39Z
786b8412f447878feaeab9761e2d02e3,Discord,"Senior Software Engineer, Machine Learning (Ads)",San Francisco Bay Area,https://job-boards.greenhouse.io/discord/jobs/8644780002,3,Heuristic overlap: 1/20 listed skills and 0/6 locations appeared in the posting.,greenhouse,2026-07-22T13:37:26+00:00,2026-09-07T17:08:39Z
00052521ee5818f23f4fd7403b036bd7,Discord,Senior Stock Administrator,San Francisco Bay Area or Remote (U.S.),https://job-boards.greenhouse.io/discord/jobs/8757366002,8,Heuristic overlap: 1/20 listed skills and 1/6 locations appeared in the posting.,greenhouse,2026-08-28T23:05:20+00:00,2026-09-07T17:08:39Z
fa086dbe067a2fb9e501ccb0973287e1,Discord,Staff Data Engineer - Data Infrastructure,San Francisco Bay Area,https://job-boards.greenhouse.io/discord/jobs/8691572002,10,Heuristic overlap: 3/20 listed skills and 0/6 locations appeared in the posting.,greenhouse,2026-08-10T17:56:48+00:00,2026-09-07T17:08:39Z
cd84581caa927aad71e6c4d34920cea1,Discord,"Staff Data Scientist, Causal Inference & Experimentation",San Francisco Bay Area,https://job-boards.greenhouse.io/discord/jobs/8652853002,7,Heuristic overlap: 2/20 listed skills and 0/6 locations appeared in the posting.,greenhouse,2026-08-17T19:25:09+00:00,2026-09-07T17:08:39Z
f448c9417a18257fa1df25ff139fb938,Discord,"Staff Product Marketing Manager, Developer and Publishers",San Francisco Bay Area,https://job-boards.greenhouse.io/discord/jobs/8641295002,7,Heuristic overlap: 2/20 listed skills and 0/6 locations appeared in the posting.,greenhouse,2026-07-24T22:53:27+00:00,2026-09-07T17:08:39Z
87bb7c85dce6c98c192a9f99c3918f62,Discord,Staff Software Engineer - Consumer Revenue,San Francisco Bay Area,https://job-boards.greenhouse.io/discord/jobs/8464570002,10,Heuristic overlap: 3/20 listed skills and 0/6 locations appeared in the posting.,greenhouse,2026-09-02T23:29:30+00:00,2026-09-07T17:08:39Z
51f49e02fad82f7713b3eb7dc113415a,Discord,"Staff Software Engineer, Enterprise Platform",San Francisco Bay Area ,https://job-boards.greenhouse.io/discord/jobs/8675185002,3,Heuristic overlap: 1/20 listed skills and 0/6 locations appeared in the posting.,greenhouse,2026-08-04T17:30:55+00:00,2026-09-07T17:08:39Z
22645ba4fa69a6d2900849aaacae3367,Discord,"Staff Software Engineer, Experimentation Platform",Remote (U.S.),https://job-boards.greenhouse.io/discord/jobs/8700605002,12,Heuristic overlap: 2/20 listed skills and 1/6 locations appeared in the posting.,greenhouse,2026-08-18T22:26:49+00:00,2026-09-07T17:08:39Z
3eb05a3e048386e64a2988af1ffdccb0,Discord,"Staff Software Engineer, Safety Experience",San Francisco Bay Area,https://job-boards.greenhouse.io/discord/jobs/8727410002,14,Heuristic overlap: 4/20 listed skills and 0/6 locations appeared in the posting.,greenhouse,2026-08-26T20:58:25+00:00,2026-09-07T17:08:39Z
57c7ebab782b66531f8cea9ed7b90a4a,Discord,Technology Risk Audit Manager,San Francisco Bay Area,https://job-boards.greenhouse.io/discord/jobs/8694818002,7,Heuristic overlap: 2/20 listed skills and 0/6 locations appeared in the posting.,greenhouse,2026-08-14T21:28:33+00:00,2026-09-07T17:08:39Z
bd439298453fb1681f76ca44f6663054,Discord,Threat Investigator ,"San Francisco Bay Area, Los Angeles, New York, Washington D.C., or Austin ",https://job-boards.greenhouse.io/discord/jobs/8652914002,7,Heuristic overlap: 2/20 listed skills and 0/6 locations appeared in the posting.,greenhouse,2026-07-31T22:42:39+00:00,2026-09-07T17:08:39Z
92fa93b6f62a70533f35504656264f3a,Stripe,Abuse Investigator,Dublin,https://stripe.com/jobs/search?gh_jid=8172487,7,Heuristic overlap: 2/20 listed skills and 0/6 locations appeared in the posting.,greenhouse,2026-09-03T17:30:34+00:00,2026-09-07T17:08:39Z
92fa93b6f62a70533f35504656264f3a,Stripe,Abuse Investigator,Dublin,https://stripe.com/jobs/search?gh_jid=8172508,7,Heuristic overlap: 2/20 listed skills and 0/6 locations appeared in the posting.,greenhouse,2026-09-03T17:32:53+00:00,2026-09-07T17:08:39Z
551e4f3d9c641ac2a7114586be7b5470,Stripe,"Account Executive, AI Startups (Hunter)",San Francisco,https://stripe.com/jobs/search?gh_jid=8130725,3,Heuristic overlap: 1/20 listed skills and 0/6 locations appeared in the posting.,greenhouse,2026-08-19T18:02:07+00:00,2026-09-07T17:08:39Z
a5a77b1a39f848d945eadb324d897b3d,Stripe,"Account Executive, Bridge ","SF, NYC, SEA, CHI",https://stripe.com/jobs/search?gh_jid=8077887,3,Heuristic overlap: 1/20 listed skills and 0/6 locations appeared in the posting.,greenhouse,2026-07-22T17:15:53+00:00,2026-09-07T17:08:39Z
ba349cac7ff3ae5d6f34ad7ed214277c,Stripe,"Account Executive, Commercial (Grower)",Chicago,https://stripe.com/jobs/search?gh_jid=8123027,3,Heuristic overlap: 1/20 listed skills and 0/6 locations appeared in the posting.,greenhouse,2026-08-11T23:45:35+00:00,2026-09-07T17:08:39Z
3f65eb10597a46e118415445434d8a15,Stripe,"Account Executive, Commercial Hunter",Singapore,https://stripe.com/jobs/search?gh_jid=8141211,3,Heuristic overlap: 1/20 listed skills and 0/6 locations appeared in the posting.,greenhouse,2026-08-21T09:00:47+00:00,2026-09-07T17:08:39Z
4331773f21fb8224454d285036110be0,Stripe,"Account Executive, Enterprise (Canada) ","CA-Toronto, CA-Montreal, CA-Vancouver ",https://stripe.com/jobs/search?gh_jid=8119822,3,Heuristic overlap: 1/20 listed skills and 0/6 locations appeared in the posting.,greenhouse,2026-08-12T15:04:53+00:00,2026-09-07T17:08:39Z
8939269072b80ba1773dbcff85f2af28,Stripe,"Account Executive, Enterprise (Grower) ","US-San Francisco, US-Seattle, US-West Coast (Remote) ",https://stripe.com/jobs/search?gh_jid=8107136,8,Heuristic overlap: 1/20 listed skills and 1/6 locations appeared in the posting.,greenhouse,2026-08-10T13:19:03+00:00,2026-09-07T17:08:39Z
c9f87fe1df16e18728891f91aabec751,Stripe,"Account Executive, Enterprise Grower (Israel)",Israel ,https://stripe.com/jobs/search?gh_jid=8114458,3,Heuristic overlap: 1/20 listed skills and 0/6 locations appeared in the posting.,greenhouse,2026-08-18T09:46:54+00:00,2026-09-07T17:08:39Z
68007fcd251c248149aa91f74b9112a8,Stripe,"Account Executive, Enterprise Grower, Platforms (Israel)",Israel,https://stripe.com/jobs/search?gh_jid=8129956,3,Heuristic overlap: 1/20 listed skills and 0/6 locations appeared in the posting.,greenhouse,2026-08-24T09:00:55+00:00,2026-09-07T17:08:39Z
8e2db0b65376f934e6f5b216f7c70bfd,Stripe,"Account Executive, Enterprise Platforms, Hunter","Chicago, IL",https://stripe.com/jobs/search?gh_jid=8077971,3,Heuristic overlap: 1/20 listed skills and 0/6 locations appeared in the posting.,greenhouse,2026-08-06T19:27:48+00:00,2026-09-07T17:08:39Z
6e4a2aa7f854dacf8452462507252788,Stripe,"Account Executive, Enterprise Platforms, Tier 2 Grower","New York, NY; San Francisco, CA",https://stripe.com/jobs/search?gh_jid=8138042,3,Heuristic overlap: 1/20 listed skills and 0/6 locations appeared in the posting.,greenhouse,2026-08-25T19:53:39+00:00,2026-09-07T17:08:39Z
6e4a2aa7f854dacf8452462507252788,Stripe,"Account Executive, Enterprise Platforms, Tier 2 Grower","New York, NY; San Francisco, CA",https://stripe.com/jobs/search?gh_jid=8041894,3,Heuristic overlap: 1/20 listed skills and 0/6 locations appeared in the posting.,greenhouse,2026-07-10T15:45:25+00:00,2026-09-07T17:08:39Z
f776b3dce91720ace81497a81ddcdf24,Stripe,"Account Executive, Enterprise Platforms, Tier 2 Grower","San Francisco, CA",https://stripe.com/jobs/search?gh_jid=8075473,3,Heuristic overlap: 1/20 listed skills and 0/6 locations appeared in the posting.,greenhouse,2026-07-27T19:52:01+00:00,2026-09-07T17:08:39Z
9143ee87ea92c7c0b6be96ffdf465b37,Stripe,"Account Executive, Existing Business ",London,https://stripe.com/jobs/search?gh_jid=8114155,3,Heuristic overlap: 1/20 listed skills and 0/6 locations appeared in the posting.,greenhouse,2026-08-07T15:44:52+00:00,2026-09-07T17:08:39Z
b972a503e0d80187958a783a3a606290,Stripe,"Account Executive, Existing Business (Central Eastern Europe)",Poland - Remote OR Romania - Remote,https://stripe.com/jobs/search?gh_jid=8119697,8,Heuristic overlap: 1/20 listed skills and 1/6 locations appeared in the posting.,greenhouse,2026-08-14T15:26:20+00:00,2026-09-07T17:08:39Z
34a09546fa0e32cbd45fa68b5c7d168c,Stripe,"Account Executive, Financial Services, Grower ",London,https://stripe.com/jobs/search?gh_jid=8048193,7,Heuristic overlap: 2/20 listed skills and 0/6 locations appeared in the posting.,greenhouse,2026-07-13T15:54:32+00:00,2026-09-07T17:08:39Z
18413b92f8862a5be90598bb634ac0b4,Stripe,"Account Executive, Funded Startups — Hunter, Italy",Milan,https://stripe.com/jobs/search?gh_jid=8121419,0,Heuristic overlap: 0/20 listed skills and 0/6 locations appeared in the posting.,greenhouse,2026-08-13T14:03:06+00:00,2026-09-07T17:08:39Z
590f125aadb932e6329cdfb0573b6ccd,Stripe,"Account Executive, Funded Startups - Israel",Israel,https://stripe.com/jobs/search?gh_jid=8121421,0,Heuristic overlap: 0/20 listed skills and 0/6 locations appeared in the posting.,greenhouse,2026-08-25T13:58:15+00:00,2026-09-07T17:08:39Z
1d5d8241a81d3e90a1bd2a7ee0426484,Stripe,"Account Executive , Grower - Iberia Market ",Madrid ,https://stripe.com/jobs/search?gh_jid=8138662,3,Heuristic overlap: 1/20 listed skills and 0/6 locations appeared in the posting.,greenhouse,2026-08-19T17:05:25+00:00,2026-09-07T17:08:39Z
b7c0e6fd5af1a1baa3c5b9381cab83d9,Stripe,"Account Executive, hunter",London,https://stripe.com/jobs/search?gh_jid=8079514,3,Heuristic overlap: 1/20 listed skills and 0/6 locations appeared in the posting.,greenhouse,2026-08-10T10:49:09+00:00,2026-09-07T17:08:39Z
22751626d222c656eab3b222d9a97b98,Stripe,"Account Executive, Hunter (Central Eastern Europe)",Poland - Remote OR Romania - Remote,https://stripe.com/jobs/search?gh_jid=8130052,8,Heuristic overlap: 1/20 listed skills and 1/6 locations appeared in the posting.,greenhouse,2026-08-14T15:37:37+00:00,2026-09-07T17:08:39Z
a3321f93a0ad6e6eeaf37dfdb6f06323,Stripe,Account Executive - LATAM,"Mexico City, Mexico",https://stripe.com/jobs/search?gh_jid=8122192,7,Heuristic overlap: 2/20 listed skills and 0/6 locations appeared in the posting.,greenhouse,2026-08-21T18:22:44+00:00,2026-09-07T17:08:39Z
1068b47a7a92f9d3d7f908e7b67d60ab,Stripe,"Account Executive, Nordics",Sweden,https://stripe.com/jobs/search?gh_jid=8114402,3,Heuristic overlap: 1/20 listed skills and 0/6 locations appeared in the posting.,greenhouse,2026-09-07T08:14:24+00:00,2026-09-07T17:08:39Z
ec93c40bfed26e9eae899c497e68d569,Stripe,"Account Executive, Platforms Hunter (Central Eastern Europe)",Dublin,https://stripe.com/jobs/search?gh_jid=8121659,0,Heuristic overlap: 0/20 listed skills and 0/6 locations appeared in the posting.,greenhouse,2026-08-18T11:55:46+00:00,2026-09-07T17:08:39Z
ee2b4a65b7c3f168fd38a90db3897cfe,Stripe,"Account Executive, Platforms Hunter (German fluency)",Dublin,https://stripe.com/jobs/search?gh_jid=8129702,0,Heuristic overlap: 0/20 listed skills and 0/6 locations appeared in the posting.,greenhouse,2026-08-18T11:47:29+00:00,2026-09-07T17:08:39Z
eb60708305f8d2b13c11fc9484e0fbaa,Stripe,"Account Executive, Privy",Singapore,https://stripe.com/jobs/search?gh_jid=8041076,7,Heuristic overlap: 2/20 listed skills and 0/6 locations appeared in the posting.,greenhouse,2026-08-14T07:45:58+00:00,2026-09-07T17:08:39Z
53cf62ef0478b7fcb23148a3dd38a6e4,Stripe,"Account Executive, Product Sales (Data)",London OR Dublin,https://stripe.com/jobs/search?gh_jid=8114153,7,Heuristic overlap: 2/20 listed skills and 0/6 locations appeared in the posting.,greenhouse,2026-08-14T16:42:12+00:00,2026-09-07T17:08:39Z
e31dd6289d23566dc6be325e87fbfe02,Stripe,"Account Executive, Product Sales (Data) ","US-SF-HQ, US-NYC, US-CHI, US-SEA",https://stripe.com/jobs/search?gh_jid=8114738,7,Heuristic overlap: 2/20 listed skills and 0/6 locations appeared in the posting.,greenhouse,2026-08-10T21:05:26+00:00,2026-09-07T17:08:39Z
c116285ae1cc3f7462b01114009ba558,Stripe,"Account Executive, Product Sales (Data Pipeline) ",Singapore,https://stripe.com/jobs/search?gh_jid=8113687,7,Heuristic overlap: 2/20 listed skills and 0/6 locations appeared in the posting.,greenhouse,2026-08-19T15:55:47+00:00,2026-09-07T17:08:39Z
cd025dc0b17284482bf3a82130dd676d,Stripe,"Account Executive, Product Sales, Metronome (Hunter) ",US-SF-HQ,https://stripe.com/jobs/search?gh_jid=8029043,7,Heuristic overlap: 2/20 listed skills and 0/6 locations appeared in the posting.,greenhouse,2026-08-10T22:37:50+00:00,2026-09-07T17:08:39Z
d8b8e81ece3b2e6da29849da66e2bb1b,Stripe,"Account Executive, Product Sales-  Money Management ANZ",Sydney,https://stripe.com/jobs/search?gh_jid=8068744,0,Heuristic overlap: 0/20 listed skills and 0/6 locations appeared in the posting.,greenhouse,2026-07-27T06:22:00+00:00,2026-09-07T17:08:39Z
461041ecc424aa220de9c723205aabb9,Stripe,"Account Executive, Product Sales - Money Management  APAC",Singapore,https://stripe.com/jobs/search?gh_jid=8068746,3,Heuristic overlap: 1/20 listed skills and 0/6 locations appeared in the posting.,greenhouse,2026-07-27T06:27:55+00:00,2026-09-07T17:08:39Z
1d03b638ecf2d832a4e8d22fd6f8890d,Stripe,"Account Executive, Product Sales - Optimised Checkout ",London,https://stripe.com/jobs/search?gh_jid=8040940,3,Heuristic overlap: 1/20 listed skills and 0/6 locations appeared in the posting.,greenhouse,2026-07-17T08:52:40+00:00,2026-09-07T17:08:39Z
325557da499ab4875d94d187442f748f,Stripe,Account Executive Product - Tax,Singapore,https://stripe.com/jobs/search?gh_jid=8175830,3,Heuristic overlap: 1/20 listed skills and 0/6 locations appeared in the posting.,greenhouse,2026-09-03T06:19:02+00:00,2026-09-07T17:08:39Z
b8fbfcf5c088a8ca951cd770fdec8a61,Stripe,"Account Executive, Scaled (Grower)",Chicago,https://stripe.com/jobs/search?gh_jid=8095679,0,Heuristic overlap: 0/20 listed skills and 0/6 locations appeared in the posting.,greenhouse,2026-07-30T14:24:56+00:00,2026-09-07T17:08:39Z
a1534cb23ae6b06f1b2d2571843a9623,Stripe,"Account Executive - SEA, Platforms (Grower)",Singapore,https://stripe.com/jobs/search?gh_jid=8108891,0,Heuristic overlap: 0/20 listed skills and 0/6 locations appeared in the posting.,greenhouse,2026-08-11T08:45:16+00:00,2026-09-07T17:08:39Z
749d42a249245ac00fc98370211c2b48,Stripe,"Account Executive, SMB (Benelux)","Dublin, Ireland",https://stripe.com/jobs/search?gh_jid=8114157,3,Heuristic overlap: 1/20 listed skills and 0/6 locations appeared in the posting.,greenhouse,2026-08-10T10:30:55+00:00,2026-09-07T17:08:39Z
52df7e02447a6cc79e2f8ab444c85723,Stripe,"Account Executive, SMB (Grower)",Chicago,https://stripe.com/jobs/search?gh_jid=8156996,3,Heuristic overlap: 1/20 listed skills and 0/6 locations appeared in the posting.,greenhouse,2026-08-25T16:56:13+00:00,2026-09-07T17:08:39Z
52df7e02447a6cc79e2f8ab444c85723,Stripe,"Account Executive, SMB (Grower)",Chicago,https://stripe.com/jobs/search?gh_jid=8128772,3,Heuristic overlap: 1/20 listed skills and 0/6 locations appeared in the posting.,greenhouse,2026-08-17T19:45:44+00:00,2026-09-07T17:08:39Z
eca78d5b9c5e2abfd4a08df265136b33,Stripe,"Account Executive, SMB Hunter (Central Eastern Europe)",Dublin,https://stripe.com/jobs/search?gh_jid=8129958,3,Heuristic overlap: 1/20 listed skills and 0/6 locations appeared in the posting.,greenhouse,2026-08-19T18:50:48+00:00,2026-09-07T17:08:39Z
5c804d52c5d3be2ca20d9f075a4761e7,Stripe,"Account Executive, Startups (Grower)",San Francisco,https://stripe.com/jobs/search?gh_jid=8128552,3,Heuristic overlap: 1/20 listed skills and 0/6 locations appeared in the posting.,greenhouse,2026-08-18T22:44:24+00:00,2026-09-07T17:08:39Z
ef654fb3648b215157a2a9bef9a65f98,Stripe,"Account Executive, Strategic Platform Partnerships","San Francisco, CA; New York, NY",https://stripe.com/jobs/search?gh_jid=8157577,7,Heuristic overlap: 2/20 listed skills and 0/6 locations appeared in the posting.,greenhouse,2026-08-25T20:04:02+00:00,2026-09-07T17:08:39Z
6f2b946351883472ccfe67adabbf049c,Stripe,"Account Executive, Strategics ","San Francisco, Seattle ",https://stripe.com/jobs/search?gh_jid=8110261,0,Heuristic overlap: 0/20 listed skills and 0/6 locations appeared in the posting.,greenhouse,2026-08-06T16:45:57+00:00,2026-09-07T17:08:39Z
66c3b97bc29a5289b8a86f13e3de4ef5,Stripe,"Account Executive, Velocity Platforms (Hunter)",Chicago,https://stripe.com/jobs/search?gh_jid=8128632,3,Heuristic overlap: 1/20 listed skills and 0/6 locations appeared in the posting.,greenhouse,2026-08-17T17:45:33+00:00,2026-09-07T17:08:39Z
d7ad63d83a399acfc1cd69e41f1dd986,Stripe,Accounting AI Solutions Lead,"Seattle, San Francisco, New York",https://stripe.com/jobs/search?gh_jid=8103750,7,Heuristic overlap: 2/20 listed skills and 0/6 locations appeared in the posting.,greenhouse,2026-08-03T19:21:44+00:00,2026-09-07T17:08:39Z
3986d644013cd41c85c776f489c01202,Stripe,Administrative Business Partner,SF,https://stripe.com/jobs/search?gh_jid=8081673,3,Heuristic overlap: 1/20 listed skills and 0/6 locations appeared in the posting.,greenhouse,2026-07-27T19:11:10+00:00,2026-09-07T17:08:39Z
5fa0e2d891195e876fd71f9fa59c74ab,Stripe,"Administrative Business Partner, Office of the CEO",San Francisco,https://stripe.com/jobs/search?gh_jid=8050878,7,Heuristic overlap: 2/20 listed skills and 0/6 locations appeared in the posting.,greenhouse,2026-07-11T20:06:40+00:00,2026-09-07T17:08:39Z
9012a74e76e0e3c8a5260d21d56321ef,Stripe,Android BSP Engineer,"Taipei, Taiwan",https://stripe.com/jobs/search?gh_jid=8074125,10,Heuristic overlap: 3/20 listed skills and 0/6 locations appeared in the posting.,greenhouse,2026-07-21T01:43:12+00:00,2026-09-07T17:08:39Z
e1ee5a2b8b614f2827253a57a1c993ec,Stripe,ARG Engineering Manager,US - Remote,https://stripe.com/jobs/search?gh_jid=8113337,16,Heuristic overlap: 3/20 listed skills and 1/6 locations appeared in the posting.,greenhouse,2026-08-10T16:09:23+00:00,2026-09-07T17:08:39Z
088ab96058adfa51a3a3f04658df9dc1,Stripe,"AutoFile Specialist, Tax",US-Remote ,https://stripe.com/jobs/search?gh_jid=8076623,12,Heuristic overlap: 2/20 listed skills and 1/6 locations appeared in the posting.,greenhouse,2026-07-24T13:17:17+00:00,2026-09-07T17:08:39Z
a83f56a2e506e78bea7f2d5bfd8db794,Stripe,AV Events Manager,US-SF,https://stripe.com/jobs/search?gh_jid=8078126,16,Heuristic overlap: 3/20 listed skills and 1/6 locations appeared in the posting.,greenhouse,2026-07-22T17:26:09+00:00,2026-09-07T17:08:39Z
7c2075e4e5ae28ef03072a3a26b66b60,Stripe,"Backend Engineer, Link","NYC, Sea, SF, Tor",https://stripe.com/jobs/search?gh_jid=8131144,7,Heuristic overlap: 2/20 listed skills and 0/6 locations appeared in the posting.,greenhouse,2026-08-14T21:10:19+00:00,2026-09-07T17:08:39Z
72ed5878d507121d8548090e4cd3cbcb,Stripe,Business Partner Analyst,"US-SF, US-Seattle, US-NYC, US-Chicago, US-Georgia or US-Remote",https://stripe.com/jobs/search?gh_jid=8079783,12,Heuristic overlap: 2/20 listed skills and 1/6 locations appeared in the posting.,greenhouse,2026-07-30T17:08:44+00:00,2026-09-07T17:08:39Z
2ae0c1bf82aa0571e0ba66322d43649e,Stripe,Business Systems Architect (Tax),"South San Francisco, CA",https://stripe.com/jobs/search?gh_jid=8145117,0,Heuristic overlap: 0/20 listed skills and 0/6 locations appeared in the posting.,greenhouse,2026-08-20T19:44:11+00:00,2026-09-07T17:08:39Z
add3be7bc89f4e8448a037f9049859b3,Stripe,"Capital Markets, FX Specialist",New York,https://stripe.com/jobs/search?gh_jid=8171098,7,Heuristic overlap: 2/20 listed skills and 0/6 locations appeared in the posting.,greenhouse,2026-09-02T19:53:45+00:00,2026-09-07T17:08:39Z
c945c5a129878448a74d03564f4a1030,Stripe,Capital Markets Investments,"New York, NY",https://stripe.com/jobs/search?gh_jid=8164481,0,Heuristic overlap: 0/20 listed skills and 0/6 locations appeared in the posting.,greenhouse,2026-08-28T17:29:00+00:00,2026-09-07T17:08:39Z
a03312ef53c09544184ec6249c16d0bb,Stripe,Channel Sales Executive,London,https://stripe.com/jobs/search?gh_jid=8165273,7,Heuristic overlap: 2/20 listed skills and 0/6 locations appeared in the posting.,greenhouse,2026-09-03T10:02:28+00:00,2026-09-07T17:08:39Z
bcb156a425318f393db5dfe1c2f14801,Stripe,"Commercial Counsel, EMEA",Paris,https://stripe.com/jobs/search?gh_jid=8092304,0,Heuristic overlap: 0/20 listed skills and 0/6 locations appeared in the posting.,greenhouse,2026-07-30T14:04:54+00:00,2026-09-07T17:08:39Z
5ee64b4ffa4f103812979e506b16b91d,Stripe,"Comms, Public Goods",San Francisco ,https://stripe.com/jobs/search?gh_jid=8114272,7,Heuristic overlap: 2/20 listed skills and 0/6 locations appeared in the posting.,greenhouse,2026-08-11T22:16:55+00:00,2026-09-07T17:08:39Z
e04a653bcf91ea997f5aa339c8ee7c07,Stripe,"Communities Partner Development Manager, SaaS Platforms",US-Remote,https://stripe.com/jobs/search?gh_jid=8138000,8,Heuristic overlap: 1/20 listed skills and 1/6 locations appeared in the posting.,greenhouse,2026-08-20T16:59:03+00:00,2026-09-07T17:08:39Z
e04a653bcf91ea997f5aa339c8ee7c07,Stripe,"Communities Partner Development Manager, SaaS Platforms",US-Remote,https://stripe.com/jobs/search?gh_jid=8103952,8,Heuristic overlap: 1/20 listed skills and 1/6 locations appeared in the posting.,greenhouse,2026-08-20T16:54:21+00:00,2026-09-07T17:08:39Z
fdb939f64210a13797af9da3c43769ef,Stripe,Company Strategy & Operations,US,https://stripe.com/jobs/search?gh_jid=8070054,3,Heuristic overlap: 1/20 listed skills and 0/6 locations appeared in the posting.,greenhouse,2026-07-16T23:18:29+00:00,2026-09-07T17:08:39Z
1453d456e2daffbf4630e2ee11b803d1,Stripe,Consumer Operations Associate,Mexico City,https://stripe.com/jobs/search?gh_jid=7967890,3,Heuristic overlap: 1/20 listed skills and 0/6 locations appeared in the posting.,greenhouse,2026-07-22T19:16:54+00:00,2026-09-07T17:08:39Z
7ffa642d413101be22b360cb48e3035e,Stripe,"Consumer Operations, Program Manager","New York, NY",https://stripe.com/jobs/search?gh_jid=8074923,0,Heuristic overlap: 0/20 listed skills and 0/6 locations appeared in the posting.,greenhouse,2026-07-20T16:55:00+00:00,2026-09-07T17:08:39Z
9844315f89a748d7274eb47c0c4ea154,Stripe,Contracting Operations Specialist,Bengaluru,https://stripe.com/jobs/search?gh_jid=7994945,8,Heuristic overlap: 1/20 listed skills and 1/6 locations appeared in the posting.,greenhouse,2026-09-05T10:40:38+00:00,2026-09-07T17:08:39Z
7c7833a7e942c34d407569da2169024e,Stripe,Core Business Recruiter (Fixed Term Contract),Chicago,https://stripe.com/jobs/search?gh_jid=8163187,3,Heuristic overlap: 1/20 listed skills and 0/6 locations appeared in the posting.,greenhouse,2026-09-03T15:28:38+00:00,2026-09-07T17:08:39Z
2902f0302e3c5babe5c5e285bac3805b,Stripe,Corporate Accounting,"Seattle, San Francisco ",https://stripe.com/jobs/search?gh_jid=8144924,3,Heuristic overlap: 1/20 listed skills and 0/6 locations appeared in the posting.,greenhouse,2026-08-21T16:25:09+00:00,2026-09-07T17:08:39Z
a3d001b4165f66f3a6635e8301d3fb57,Stripe,Corporate Development M&A Integration Manager,"SF, NYC",https://stripe.com/jobs/search?gh_jid=8065818,3,Heuristic overlap: 1/20 listed skills and 0/6 locations appeared in the posting.,greenhouse,2026-07-16T22:41:16+00:00,2026-09-07T17:08:39Z
fbea32b0c399fed3f5e1dcb58178cc58,Stripe, Credit Risk Operations Associate,Bangalore ,https://stripe.com/jobs/search?gh_jid=8104748,0,Heuristic overlap: 0/20 listed skills and 0/6 locations appeared in the posting.,greenhouse,2026-08-07T08:58:44+00:00,2026-09-07T17:08:39Z
2ac0f4931f6c73a36545cf1ddbf07d42,Stripe,Credit Risk Operations Team Lead,Bengaluru,https://stripe.com/jobs/search?gh_jid=8047791,12,Heuristic overlap: 2/20 listed skills and 1/6 locations appeared in the posting.,greenhouse,2026-08-25T08:18:11+00:00,2026-09-07T17:08:39Z
ae8f9ae593c9affb2373e7a90c8d1dca,Stripe,"Critical Support Operations Associate, Weekend Coverage",N/A,https://stripe.com/jobs/search?gh_jid=8175816,7,Heuristic overlap: 2/20 listed skills and 0/6 locations appeared in the posting.,greenhouse,2026-09-04T06:28:51+00:00,2026-09-07T17:08:39Z
9fe00c76a8c9dbead4d450f3695037ed,Stripe,Customer Success Leader (Greater China),Singapore,https://stripe.com/jobs/search?gh_jid=8175834,7,Heuristic overlap: 2/20 listed skills and 0/6 locations appeared in the posting.,greenhouse,2026-09-03T12:30:15+00:00,2026-09-07T17:08:39Z
e63088f9f58f24042de4432899483dc9,Stripe,"Customer Success Manager, Key Accounts","San Francisco, CA",https://stripe.com/jobs/search?gh_jid=8104481,3,Heuristic overlap: 1/20 listed skills and 0/6 locations appeared in the posting.,greenhouse,2026-08-07T23:36:59+00:00,2026-09-07T17:08:39Z
f65e6d44d7c3f9605f433ada9dacd89d,Stripe,"Customer Success Manager, Radar","Chicago, IL; Atlanta, GA; San Francisco, CA; Seattle, WA; New York, NY",https://stripe.com/jobs/search?gh_jid=8049910,3,Heuristic overlap: 1/20 listed skills and 0/6 locations appeared in the posting.,greenhouse,2026-07-14T03:51:35+00:00,2026-09-07T17:08:39Z
6457d4d6deaec7f0e787c111c23723aa,Stripe,"Data Analyst, Financial Data Engineering",New York,https://stripe.com/jobs/search?gh_jid=8070572,10,Heuristic overlap: 3/20 listed skills and 0/6 locations appeared in the posting.,greenhouse,2026-07-22T16:55:09+00:00,2026-09-07T17:08:39Z
018a122f2afbe2c91326f62188c51b39,Stripe,"Data Analyst, Payments",Singapore,https://stripe.com/jobs/search?gh_jid=8044924,3,Heuristic overlap: 1/20 listed skills and 0/6 locations appeared in the posting.,greenhouse,2026-07-13T08:02:10+00:00,2026-09-07T17:08:39Z
385e4ccac07f62d7f2fd4f131300d73a,Stripe,Data Excellence Manager ,"US Remote, Chicago, SF, Seattle, NYC",https://stripe.com/jobs/search?gh_jid=8106026,8,Heuristic overlap: 1/20 listed skills and 1/6 locations appeared in the posting.,greenhouse,2026-08-31T20:17:50+00:00,2026-09-07T17:08:39Z
0864837461bb9496a8f25a4c01107d68,Stripe,"Data Scientist, Core Infrastructure",Seattle,https://stripe.com/jobs/search?gh_jid=8080614,7,Heuristic overlap: 2/20 listed skills and 0/6 locations appeared in the posting.,greenhouse,2026-07-22T21:45:34+00:00,2026-09-07T17:08:39Z
09e7614acc457ca42064b8f49e4ea5d2,Stripe,"Data Scientist, Fraud",Toronto,https://stripe.com/jobs/search?gh_jid=8113100,3,Heuristic overlap: 1/20 listed skills and 0/6 locations appeared in the posting.,greenhouse,2026-08-06T20:31:14+00:00,2026-09-07T17:08:39Z
854e9b68f5f3fe83af8ab69b7f237726,Stripe,"Data Scientist, Link",Toronto,https://stripe.com/jobs/search?gh_jid=8112966,3,Heuristic overlap: 1/20 listed skills and 0/6 locations appeared in the posting.,greenhouse,2026-08-06T20:09:18+00:00,2026-09-07T17:08:39Z
d25f165b67b026a32f1cb753570b739c,Stripe,Deal Pricing,Mexico City,https://stripe.com/jobs/search?gh_jid=7998031,12,Heuristic overlap: 2/20 listed skills and 1/6 locations appeared in the posting.,greenhouse,2026-07-28T16:42:17+00:00,2026-09-07T17:08:39Z
085f7319015a364fb5aba9cc0f8c8dcb,Stripe,Deal Pricing Strategist,"San Francisco, California",https://stripe.com/jobs/search?gh_jid=8080240,3,Heuristic overlap: 1/20 listed skills and 0/6 locations appeared in the posting.,greenhouse,2026-07-22T19:14:39+00:00,2026-09-07T17:08:39Z
572056dd1edc6f1042252be69af81d7d,Stripe,Deal Strategist,US-Remote,https://stripe.com/jobs/search?gh_jid=7958150,12,Heuristic overlap: 2/20 listed skills and 1/6 locations appeared in the posting.,greenhouse,2026-08-05T16:06:17+00:00,2026-09-07T17:08:39Z
19b48e27b54abcf11fa236f0600bf4cf,Stripe,Deal Strategist (SEA/GCN),Singapore,https://stripe.com/jobs/search?gh_jid=8082905,7,Heuristic overlap: 2/20 listed skills and 0/6 locations appeared in the posting.,greenhouse,2026-08-11T16:26:04+00:00,2026-09-07T17:08:39Z
13e28a3d0fb340bb4a216236caa07b5a,Stripe,"Designer, Web, Presence & Platform",US-Remote,https://stripe.com/jobs/search?gh_jid=8130913,12,Heuristic overlap: 2/20 listed skills and 1/6 locations appeared in the posting.,greenhouse,2026-08-31T16:15:39+00:00,2026-09-07T17:08:39Z
8a858d64c1be3950818cc29938691a99,Stripe,"Design Program Manager, Research Operations",US,https://stripe.com/jobs/search?gh_jid=8155390,7,Heuristic overlap: 2/20 listed skills and 0/6 locations appeared in the posting.,greenhouse,2026-09-01T12:27:46+00:00,2026-09-07T17:08:39Z
13efcb937b3e6e15a18110966afedd2f,Stripe,"Engagement Manager, Professional Services (SEA/GCN)",Singapore,https://stripe.com/jobs/search?gh_jid=8102337,0,Heuristic overlap: 0/20 listed skills and 0/6 locations appeared in the posting.,greenhouse,2026-08-08T17:18:46+00:00,2026-09-07T17:08:39Z
b3e708968d2a493c1ec9d19e5b2a603c,Stripe,"Engineering Manager, Billing Configuration",N/A,https://stripe.com/jobs/search?gh_jid=8172601,0,Heuristic overlap: 0/20 listed skills and 0/6 locations appeared in the posting.,greenhouse,2026-09-02T17:37:46+00:00,2026-09-07T17:08:39Z
b3e708968d2a493c1ec9d19e5b2a603c,Stripe,"Engineering Manager, Billing Configuration",N/A,https://stripe.com/jobs/search?gh_jid=8165515,0,Heuristic overlap: 0/20 listed skills and 0/6 locations appeared in the posting.,greenhouse,2026-08-29T14:45:19+00:00,2026-09-07T17:08:39Z
5181a132a81d81013c1e55d93f4c36af,Stripe,"Engineering Manager, Checkout Optimization",N/A,https://stripe.com/jobs/search?gh_jid=8161567,3,Heuristic overlap: 1/20 listed skills and 0/6 locations appeared in the posting.,greenhouse,2026-08-28T18:26:48+00:00,2026-09-07T17:08:39Z
b8687564db5e85978ae8c6aab520aea2,Stripe,"Engineering Manager, Infrastructure","Seattle, San Francisco, New York City",https://stripe.com/jobs/search?gh_jid=8128496,10,Heuristic overlap: 3/20 listed skills and 0/6 locations appeared in the posting.,greenhouse,2026-08-13T17:29:57+00:00,2026-09-07T17:08:39Z
8416b73057b7b8e1574dace81b796fee,Stripe,"Engineering Manager, Machine Learning - Fraud Detection",N/A,https://stripe.com/jobs/search?gh_jid=8069506,8,Heuristic overlap: 1/20 listed skills and 1/6 locations appeared in the posting.,greenhouse,2026-07-16T17:23:32+00:00,2026-09-07T17:08:39Z
387f56682155cce6c3d05b2bb76c0028,Stripe,"Engineering Manager, Payments",Singapore,https://stripe.com/jobs/search?gh_jid=8104767,0,Heuristic overlap: 0/20 listed skills and 0/6 locations appeared in the posting.,greenhouse,2026-08-04T05:21:43+00:00,2026-09-07T17:08:39Z
57cbd535efa48d00c8a3c16f9e5c4661,Stripe,"Engineering Manager, Product & Business",US- AMER,https://stripe.com/jobs/search?gh_jid=8174496,0,Heuristic overlap: 0/20 listed skills and 0/6 locations appeared in the posting.,greenhouse,2026-09-02T18:36:43+00:00,2026-09-07T17:08:39Z
73f95e27681c87aefa2751595e29d518,Stripe,Enterprise Account Executive -Grower,Sydney or Melbourne,https://stripe.com/jobs/search?gh_jid=8102346,0,Heuristic overlap: 0/20 listed skills and 0/6 locations appeared in the posting.,greenhouse,2026-08-07T00:20:27+00:00,2026-09-07T17:08:39Z
3b61ebd3b9dbcb12e03a5ec29338f667,Stripe,Enterprise Account Executive - Hunter,Auckland,https://stripe.com/jobs/search?gh_jid=8109607,3,Heuristic overlap: 1/20 listed skills and 0/6 locations appeared in the posting.,greenhouse,2026-08-11T00:42:07+00:00,2026-09-07T17:08:39Z
280bf33abd28f6cdc3cf13b7bd6e13e5,Stripe,"Enterprise Account Executive, Revenue Suite",Sydney,https://stripe.com/jobs/search?gh_jid=8029128,7,Heuristic overlap: 2/20 listed skills and 0/6 locations appeared in the posting.,greenhouse,2026-07-16T05:35:20+00:00,2026-09-07T17:08:39Z
611d1d59b459610d115addc904f33bda,Stripe,"Enterprise Services Manager, Professional Services Sales","SF, Seattle, NYC, Chicago",https://stripe.com/jobs/search?gh_jid=8155639,3,Heuristic overlap: 1/20 listed skills and 0/6 locations appeared in the posting.,greenhouse,2026-08-26T17:34:05+00:00,2026-09-07T17:08:39Z
a5715282606e9cde8b16a2fb41f9fa07,Stripe,"Enterprise Services Manager, Professional Services Sales (SEA/GCN)",Singapore,https://stripe.com/jobs/search?gh_jid=8163198,7,Heuristic overlap: 2/20 listed skills and 0/6 locations appeared in the posting.,greenhouse,2026-08-28T19:18:49+00:00,2026-09-07T17:08:39Z
d3629ad0eb7c3b138622eaf75df2a181,Stripe,Enterprise Support Specialist,Singapore,https://stripe.com/jobs/search?gh_jid=8141829,3,Heuristic overlap: 1/20 listed skills and 0/6 locations appeared in the posting.,greenhouse,2026-08-27T04:05:15+00:00,2026-09-07T17:08:39Z
6ddf740bcb20fc066e4c7ed19e77e691,Stripe,Entity Controller,Dublin,https://stripe.com/jobs/search?gh_jid=8070480,3,Heuristic overlap: 1/20 listed skills and 0/6 locations appeared in the posting.,greenhouse,2026-07-17T13:42:07+00:00,2026-09-07T17:08:39Z
b24f52fa76b035be9372197d36ed32b8,Stripe,European R&D Incentives Lead,Dublin,https://stripe.com/jobs/search?gh_jid=8154302,3,Heuristic overlap: 1/20 listed skills and 0/6 locations appeared in the posting.,greenhouse,2026-08-25T07:17:24+00:00,2026-09-07T17:08:39Z
90eec6b4297fd3d7343f415dc07254fb,Stripe,"Financial Analyst, Business F&S",Bengaluru,https://stripe.com/jobs/search?gh_jid=8066264,12,Heuristic overlap: 2/20 listed skills and 1/6 locations appeared in the posting.,greenhouse,2026-07-15T05:44:23+00:00,2026-09-07T17:08:39Z
17400758e93c55cf1106aa69ec1f9101,Stripe,Financial Connections TechOps Manager,"Toronto, Ontario, Canada",https://stripe.com/jobs/search?gh_jid=8079918,7,Heuristic overlap: 2/20 listed skills and 0/6 locations appeared in the posting.,greenhouse,2026-07-23T19:02:05+00:00,2026-09-07T17:08:39Z
edf70a6aa21ece601fa9674671134799,Stripe,Firmware Engineer,Taipei City,https://stripe.com/jobs/search?gh_jid=8040825,10,Heuristic overlap: 3/20 listed skills and 0/6 locations appeared in the posting.,greenhouse,2026-07-22T05:52:11+00:00,2026-09-07T17:08:39Z
0905f50886be6d305d4e6310214f9d37,Stripe,Food Experience Manager ,San Francisco,https://stripe.com/jobs/search?gh_jid=8083966,7,Heuristic overlap: 2/20 listed skills and 0/6 locations appeared in the posting.,greenhouse,2026-07-27T15:15:59+00:00,2026-09-07T17:08:39Z
16e90a4743f7eae3e1c552df631f73eb,Stripe,"Forward Deployed AI Accelerator, Marketing","Remote in the US, Remote in Canada",https://stripe.com/jobs/search?gh_jid=8055930,12,Heuristic overlap: 2/20 listed skills and 1/6 locations appeared in the posting.,greenhouse,2026-07-13T23:29:13+00:00,2026-09-07T17:08:39Z
d5fe4d84df739cfebdbae17a89fcfbdc,Stripe,Forward Deployed Security Engineer,Dublin,https://stripe.com/jobs/search?gh_jid=8181003,10,Heuristic overlap: 3/20 listed skills and 0/6 locations appeared in the posting.,greenhouse,2026-09-06T15:22:28+00:00,2026-09-07T17:08:39Z
99dc459d38167b959d05ebd6655a9365,Stripe,Fraud Operations Associate (Mandarin Speaking),Bengaluru,https://stripe.com/jobs/search?gh_jid=8076652,8,Heuristic overlap: 1/20 listed skills and 1/6 locations appeared in the posting.,greenhouse,2026-07-30T07:02:58+00:00,2026-09-07T17:08:39Z
dfc2faed1ed7ab8a39fe272973bded72,Stripe,Fraud Operations Team Lead,Bengaluru,https://stripe.com/jobs/search?gh_jid=8063857,8,Heuristic overlap: 1/20 listed skills and 1/6 locations appeared in the posting.,greenhouse,2026-07-14T10:03:17+00:00,2026-09-07T17:08:39Z
df2ea8476eacbdcbca723d62a2eb8c6c,Stripe,Fraud Strategist,LOCATION,https://stripe.com/jobs/search?gh_jid=8112448,7,Heuristic overlap: 2/20 listed skills and 0/6 locations appeared in the posting.,greenhouse,2026-08-21T22:30:07+00:00,2026-09-07T17:08:39Z
ec1e21a8e6b93900ae1a9a3b56f79e8b,Stripe,F&S COE Manager,Bengaluru,https://stripe.com/jobs/search?gh_jid=8131132,12,Heuristic overlap: 2/20 listed skills and 1/6 locations appeared in the posting.,greenhouse,2026-08-17T05:26:41+00:00,2026-09-07T17:08:39Z
8220ee05cbdec632b5e08316510f952d,Stripe,"Full Stack Engineer, Bridge","San Francisco, NYC",https://stripe.com/jobs/search?gh_jid=8142764,3,Heuristic overlap: 1/20 listed skills and 0/6 locations appeared in the posting.,greenhouse,2026-08-20T23:35:00+00:00,2026-09-07T17:08:39Z
d66f472102679dc8ae93930d80704fc4,Stripe,"Full Stack Engineer, Enterprise & Ecosystem",N/A,https://stripe.com/jobs/search?gh_jid=8118929,0,Heuristic overlap: 0/20 listed skills and 0/6 locations appeared in the posting.,greenhouse,2026-08-17T15:59:47+00:00,2026-09-07T17:08:39Z
c191662855f0bf28d4d083e21978410e,Stripe,"Full Stack Engineer, Link","New York, New York",https://stripe.com/jobs/search?gh_jid=8062305,7,Heuristic overlap: 2/20 listed skills and 0/6 locations appeared in the posting.,greenhouse,2026-07-13T23:11:57+00:00,2026-09-07T17:08:39Z
5174e959dfd57ed524c2badcb28a9829,Stripe,"Global Partnerships Lead — Greater China, Hong Kong & Singapore",Singapore,https://stripe.com/jobs/search?gh_jid=8146053,7,Heuristic overlap: 2/20 listed skills and 0/6 locations appeared in the posting.,greenhouse,2026-08-24T01:56:05+00:00,2026-09-07T17:08:39Z
426dc60f7c99d73d8d62a51881b4fbc8,Stripe,"Growth Marketing Manager, Greater China",Singapore,https://stripe.com/jobs/search?gh_jid=8078168,10,Heuristic overlap: 3/20 listed skills and 0/6 locations appeared in the posting.,greenhouse,2026-07-29T01:53:01+00:00,2026-09-07T17:08:39Z
3c389a68bcffb4269251133fcfe6e720,Stripe,GTM Business Value Specialist,"Chicago, New York, San Francisco",https://stripe.com/jobs/search?gh_jid=8097047,14,Heuristic overlap: 4/20 listed skills and 0/6 locations appeared in the posting.,greenhouse,2026-08-05T18:05:00+00:00,2026-09-07T17:08:39Z
197d24f5845690806e32f2dad619371c,Stripe,GTM Recruiter,"Dublin, London",https://stripe.com/jobs/search?gh_jid=8141450,7,Heuristic overlap: 2/20 listed skills and 0/6 locations appeared in the posting.,greenhouse,2026-08-19T14:26:35+00:00,2026-09-07T17:08:39Z
1cbb2c5c5ce18d8a0323db9e050e22f8,Stripe,"GTM Recruiter, APAC (Fixed Term Contract)",Singapore,https://stripe.com/jobs/search?gh_jid=8141453,7,Heuristic overlap: 2/20 listed skills and 0/6 locations appeared in the posting.,greenhouse,2026-08-24T04:22:58+00:00,2026-09-07T17:08:39Z
5dcc3d8ddcb02b0e24be3ad2a7cac722,Stripe,GTM Strategy & Operations Analyst,"New York, NY",https://stripe.com/jobs/search?gh_jid=8145119,3,Heuristic overlap: 1/20 listed skills and 0/6 locations appeared in the posting.,greenhouse,2026-08-20T19:44:20+00:00,2026-09-07T17:08:39Z
8cf2f8d1bf9dbe0c696a364c0fcc6ffd,Stripe,Head of AEO & SEO,"US Remote; Chicago, Atlanta, Canada",https://stripe.com/jobs/search?gh_jid=8128634,8,Heuristic overlap: 1/20 listed skills and 1/6 locations appeared in the posting.,greenhouse,2026-08-13T21:08:27+00:00,2026-09-07T17:08:39Z
3e6d4d14ae1f44244d8263cca2a9b82d,Stripe,Head of Brand Studio Operations,US,https://stripe.com/jobs/search?gh_jid=8014382,10,Heuristic overlap: 3/20 listed skills and 0/6 locations appeared in the posting.,greenhouse,2026-08-25T03:48:56+00:00,2026-09-07T17:08:39Z
b7edc73493e0bf83b1618728767326ea,Stripe,Head of Enterprise Sales,New York,https://stripe.com/jobs/search?gh_jid=8100129,3,Heuristic overlap: 1/20 listed skills and 0/6 locations appeared in the posting.,greenhouse,2026-08-05T21:39:11+00:00,2026-09-07T17:08:39Z
e258f99c02b9adb285eb9b2e83923bc9,Stripe,Head of Marketing Operations,"San Francisco, New York, Seattle, Chicago, Atlanta, Toronto, Remote in the US, Remote in Canada",https://stripe.com/jobs/search?gh_jid=8065643,8,Heuristic overlap: 1/20 listed skills and 1/6 locations appeared in the posting.,greenhouse,2026-07-14T21:45:34+00:00,2026-09-07T17:08:39Z
07ef788d5224934f078bf59d1f7beadc,Stripe,"Head of Marketing, Southeast Asia",Singapore,https://stripe.com/jobs/search?gh_jid=8059299,10,Heuristic overlap: 3/20 listed skills and 0/6 locations appeared in the posting.,greenhouse,2026-07-16T01:41:40+00:00,2026-09-07T17:08:39Z
67992841be5a68e0f2daf7116572069c,Stripe,"Head of Money Management, Finance & Strategy ","Seattle, San Francisco, New York, Chicago ",https://stripe.com/jobs/search?gh_jid=8154531,14,Heuristic overlap: 4/20 listed skills and 0/6 locations appeared in the posting.,greenhouse,2026-08-26T19:13:50+00:00,2026-09-07T17:08:39Z
f23a287765a025af39f0954e1ab5f729,Stripe,"Head of Sales, Billing","New York, San Francisco, Chicago, Seattle",https://stripe.com/jobs/search?gh_jid=8156998,7,Heuristic overlap: 2/20 listed skills and 0/6 locations appeared in the posting.,greenhouse,2026-08-27T15:17:45+00:00,2026-09-07T17:08:39Z
bd4089409e1bd41ca9c05ee3d9a39321,Stripe,Head of Self-Serve Paid Media,"San Francisco, New York, Seattle, Chicago, Atlanta, Remote in the US, Toronto, Remote in Canada",https://stripe.com/jobs/search?gh_jid=8068521,8,Heuristic overlap: 1/20 listed skills and 1/6 locations appeared in the posting.,greenhouse,2026-07-21T00:55:32+00:00,2026-09-07T17:08:39Z
9f589dd399b682404bcc232ee6e29a25,Stripe,Head of Startup Sales (Grower) - AMER,San Francisco,https://stripe.com/jobs/search?gh_jid=8110416,3,Heuristic overlap: 1/20 listed skills and 0/6 locations appeared in the posting.,greenhouse,2026-08-11T21:12:37+00:00,2026-09-07T17:08:39Z
9365487c5251c40384557285779ddac7,Stripe,"Head of Strategic Risk Programs, New Markets",Singapore,https://stripe.com/jobs/search?gh_jid=8076108,3,Heuristic overlap: 1/20 listed skills and 0/6 locations appeared in the posting.,greenhouse,2026-07-21T07:15:30+00:00,2026-09-07T17:08:39Z
b903f61cf9a0fecb408ff37355019dad,Stripe,"Integrated Campaigns Manager - Stablecoins, Crypto, and Bridge","US, Remote",https://stripe.com/jobs/search?gh_jid=8067276,12,Heuristic overlap: 2/20 listed skills and 1/6 locations appeared in the posting.,greenhouse,2026-07-15T16:38:40+00:00,2026-09-07T17:08:39Z
11988095c16907587bd6c21668983651,Stripe,"Integration Engineer, Metronome",Remote,https://stripe.com/jobs/search?gh_jid=8080454,8,Heuristic overlap: 1/20 listed skills and 1/6 locations appeared in the posting.,greenhouse,2026-08-18T13:25:04+00:00,2026-09-07T17:08:39Z
a4e220bdfed6ac070009680625f836ed,Stripe,"Integration Engineer, Metronome ",London,https://stripe.com/jobs/search?gh_jid=8171222,3,Heuristic overlap: 1/20 listed skills and 0/6 locations appeared in the posting.,greenhouse,2026-09-02T14:38:07+00:00,2026-09-07T17:08:39Z
82fec2b47788be2bdbee78b4f455d7e3,Stripe,"Integration Engineer, SEA/GCN",Singapore,https://stripe.com/jobs/search?gh_jid=8053417,3,Heuristic overlap: 1/20 listed skills and 0/6 locations appeared in the posting.,greenhouse,2026-07-17T10:28:28+00:00,2026-09-07T17:08:39Z
ab5ab6a97bcaac4f56fe156f4318546d,Stripe,"Integration Reliability Engineer, Payments",Canada ,https://stripe.com/jobs/search?gh_jid=8054241,7,Heuristic overlap: 2/20 listed skills and 0/6 locations appeared in the posting.,greenhouse,2026-07-22T00:04:24+00:00,2026-09-07T17:08:39Z
4bd006d27d0661cef7a5d1f2e8bb52ca,Stripe,"Internal Audit - Regulatory Lead, EMEA",London,https://stripe.com/jobs/search?gh_jid=8174610,7,Heuristic overlap: 2/20 listed skills and 0/6 locations appeared in the posting.,greenhouse,2026-09-03T08:55:03+00:00,2026-09-07T17:08:39Z
bd087ce6d425d4f5b25078f2a14fccd2,Stripe,Investigator ,US Remote ,https://stripe.com/jobs/search?gh_jid=8172491,12,Heuristic overlap: 2/20 listed skills and 1/6 locations appeared in the posting.,greenhouse,2026-09-04T15:26:03+00:00,2026-09-07T17:08:39Z
74a883edee6ff250dacb1e5929b23130,Stripe,IT SOX Controls Specialist,"SEA, SF, NYC",https://stripe.com/jobs/search?gh_jid=8114514,3,Heuristic overlap: 1/20 listed skills and 0/6 locations appeared in the posting.,greenhouse,2026-08-07T20:54:29+00:00,2026-09-07T17:08:39Z
1f6171c3f9b3bc3af16a1e021bfa771d,Stripe,IT Support Engineer,Dublin,https://stripe.com/jobs/search?gh_jid=8096788,12,Heuristic overlap: 2/20 listed skills and 1/6 locations appeared in the posting.,greenhouse,2026-07-31T08:45:04+00:00,2026-09-07T17:08:39Z
d41ba5e3dd5258ef612a3c0e7761ebdc,Stripe,Legal Operations Team Lead,Bengaluru,https://stripe.com/jobs/search?gh_jid=8111799,8,Heuristic overlap: 1/20 listed skills and 1/6 locations appeared in the posting.,greenhouse,2026-08-11T10:43:23+00:00,2026-09-07T17:08:39Z
c3d8389703e5e5591177dbeafa7f27e0,Stripe,"Lifecycle Marketing Manager, Capital","Remote, US",https://stripe.com/jobs/search?gh_jid=8082149,5,Heuristic overlap: 0/20 listed skills and 1/6 locations appeared in the posting.,greenhouse,2026-07-24T10:08:35+00:00,2026-09-07T17:08:39Z
b36f860a689562071d3f1139905cd46e,Stripe,Machine Learning Engineer,"South San Francisco, CA",https://stripe.com/jobs/search?gh_jid=8137997,0,Heuristic overlap: 0/20 listed skills and 0/6 locations appeared in the posting.,greenhouse,2026-08-17T22:06:29+00:00,2026-09-07T17:08:39Z
dc75bf5411dd9bdd3acfbcb03df3e4bd,Stripe,Machine Learning Engineer,Toronto,https://stripe.com/jobs/search?gh_jid=8014859,0,Heuristic overlap: 0/20 listed skills and 0/6 locations appeared in the posting.,greenhouse,2026-07-10T21:00:11+00:00,2026-09-07T17:08:39Z
58e40c5aaf43b02495501a5a4eb00b57,Stripe,"Manager, Administrative Coordinator Program",US-remote,https://stripe.com/jobs/search?gh_jid=8069155,12,Heuristic overlap: 2/20 listed skills and 1/6 locations appeared in the posting.,greenhouse,2026-07-16T17:53:32+00:00,2026-09-07T17:08:39Z
13937b01f7066fbb60f3a05ff95273fb,Stripe,"Manager, Competitive Programs","NYC, Seattle, SF, Remote",https://stripe.com/jobs/search?gh_jid=8175671,16,Heuristic overlap: 3/20 listed skills and 1/6 locations appeared in the posting.,greenhouse,2026-09-04T21:20:50+00:00,2026-09-07T17:08:39Z
df0854ef53d59c26b9312ba82e0981e4,Stripe,"Manager, Risk Operations Technology Programs",United States,https://stripe.com/jobs/search?gh_jid=8138302,7,Heuristic overlap: 2/20 listed skills and 0/6 locations appeared in the posting.,greenhouse,2026-08-18T14:49:23+00:00,2026-09-07T17:08:39Z
538457d92b109c8bcdc7a1656c8a5d57,Stripe,"Manager, Solution Architecture Platforms","South San Francisco, CA , New York, NY",https://stripe.com/jobs/search?gh_jid=8104302,3,Heuristic overlap: 1/20 listed skills and 0/6 locations appeared in the posting.,greenhouse,2026-08-05T21:06:13+00:00,2026-09-07T17:08:39Z
b7f7c615502497a06ebf2c7481ec0d83,Stripe,"Manager, Solutions Architecture- Enterprise Hunter","New York, NY",https://stripe.com/jobs/search?gh_jid=8163542,3,Heuristic overlap: 1/20 listed skills and 0/6 locations appeared in the posting.,greenhouse,2026-09-01T20:53:53+00:00,2026-09-07T17:08:39Z
4fbfb63467757f9211346e12099bd77b,Stripe,"Manager, Technical Account Management",Toronto,https://stripe.com/jobs/search?gh_jid=8154304,10,Heuristic overlap: 3/20 listed skills and 0/6 locations appeared in the posting.,greenhouse,2026-09-04T14:21:01+00:00,2026-09-07T17:08:39Z
13b80dd714d6cd05dd90574cc4fc3b3a,Stripe,"Manager, Technical Account Management",San Francisco or Seattle,https://stripe.com/jobs/search?gh_jid=8152136,10,Heuristic overlap: 3/20 listed skills and 0/6 locations appeared in the posting.,greenhouse,2026-09-04T19:01:59+00:00,2026-09-07T17:08:39Z
37bc5fb35b995716fc3f71f18b72fd6a,Stripe,Marketing Services Program Manager,Bangalore,https://stripe.com/jobs/search?gh_jid=8069943,7,Heuristic overlap: 2/20 listed skills and 0/6 locations appeared in the posting.,greenhouse,2026-08-14T02:47:21+00:00,2026-09-07T17:08:39Z
4724454eb5bb8bc39be584d2591d4c74,Stripe,Monetization Operations Analyst,"Seattle, WA",https://stripe.com/jobs/search?gh_jid=8109554,3,Heuristic overlap: 1/20 listed skills and 0/6 locations appeared in the posting.,greenhouse,2026-08-05T18:17:51+00:00,2026-09-07T17:08:39Z
9d15c273b18cd87e405e55542940b796,Stripe,"Operations Associate, Apprenticeship",Bengaluru,https://stripe.com/jobs/search?gh_jid=8131339,8,Heuristic overlap: 1/20 listed skills and 1/6 locations appeared in the posting.,greenhouse,2026-09-01T04:50:45+00:00,2026-09-07T17:08:39Z
f751ada27d625b0870be8fa16da1cefe,Stripe,"Operations Associate, Financial Crimes EDD/PEP",Bangalore ,https://stripe.com/jobs/search?gh_jid=8102597,0,Heuristic overlap: 0/20 listed skills and 0/6 locations appeared in the posting.,greenhouse,2026-08-26T09:59:47+00:00,2026-09-07T17:08:39Z
73b30afb0411b9520715382445320e21,Stripe,Operations Associate - Managed Support (Includes Weekend Rotation),Mexico City,https://stripe.com/jobs/search?gh_jid=8093103,3,Heuristic overlap: 1/20 listed skills and 0/6 locations appeared in the posting.,greenhouse,2026-08-26T11:16:22+00:00,2026-09-07T17:08:39Z
5fd4c93d01be44d8a7a5ef78831efa2a,Stripe,"Operations Associate, Sanctions",Bengaluru,https://stripe.com/jobs/search?gh_jid=8098394,5,Heuristic overlap: 0/20 listed skills and 1/6 locations appeared in the posting.,greenhouse,2026-08-03T09:39:06+00:00,2026-09-07T17:08:39Z
839aee102388b1e2ad82cd1b63e7f157,Stripe,"Operations Program Manager, Tax",US Remote,https://stripe.com/jobs/search?gh_jid=8109426,8,Heuristic overlap: 1/20 listed skills and 1/6 locations appeared in the posting.,greenhouse,2026-08-05T18:22:39+00:00,2026-09-07T17:08:39Z
f9443e5672ff781ce32bf2efc04517ea,Stripe,Partner Development Manager,Mexico,https://stripe.com/jobs/search?gh_jid=8096790,7,Heuristic overlap: 2/20 listed skills and 0/6 locations appeared in the posting.,greenhouse,2026-08-14T12:27:42+00:00,2026-09-07T17:08:39Z
cda1a439905da601d8c8b928166a33fb,Stripe,Partner Development Manager,London,https://stripe.com/jobs/search?gh_jid=8104427,3,Heuristic overlap: 1/20 listed skills and 0/6 locations appeared in the posting.,greenhouse,2026-08-10T15:04:38+00:00,2026-09-07T17:08:39Z
678d52350c3bd41a6aacf863dd97ebc1,Stripe,"Partner Development Manager, Alliances and Channels",US-Remote,https://stripe.com/jobs/search?gh_jid=8165267,12,Heuristic overlap: 2/20 listed skills and 1/6 locations appeared in the posting.,greenhouse,2026-09-04T21:39:06+00:00,2026-09-07T17:08:39Z
a4678af78ab6cc846470a90246e5138e,Stripe,"Partner Development Manager, Global Money Management",US-NYC; US-San Francisco,https://stripe.com/jobs/search?gh_jid=8143073,3,Heuristic overlap: 1/20 listed skills and 0/6 locations appeared in the posting.,greenhouse,2026-08-27T15:53:52+00:00,2026-09-07T17:08:39Z
840a4c2ae3b4bb5d6b284c82a1466fa4,Stripe,"Partner Development Manager, Link - Payments Partnerships",US-NYC; US-San Francisco; US-Seattle; US-Remote; US- Chicago; US-Atlanta; Canada-Toronto; Canada-Remote,https://stripe.com/jobs/search?gh_jid=8090126,16,Heuristic overlap: 3/20 listed skills and 1/6 locations appeared in the posting.,greenhouse,2026-07-30T19:08:54+00:00,2026-09-07T17:08:39Z
bd37ed9c9ed6b28bcffac6437b8b0e68,Stripe,Partner Development Manager- Platforms,Dublin,https://stripe.com/jobs/search?gh_jid=8139202,3,Heuristic overlap: 1/20 listed skills and 0/6 locations appeared in the posting.,greenhouse,2026-08-18T15:06:55+00:00,2026-09-07T17:08:39Z
a485e6556b117967d38b4724711219e5,Stripe,"Partner Development Manager, Strategic Partnerships",US-NYC; US-San Francisco; US-Seattle; US-Remote; US- Chicago; US-Atlanta; Canada-Toronto; Canada-Remote,https://stripe.com/jobs/search?gh_jid=8094869,12,Heuristic overlap: 2/20 listed skills and 1/6 locations appeared in the posting.,greenhouse,2026-07-29T19:07:53+00:00,2026-09-07T17:08:39Z
e1170c47d4bc7657532f1be723fb82a6,Stripe,"Partner Development Manager, Strategic Payment Partnerships",US-San Francisco; US-New York City; US-Seattle; US-Remote; US-Chicago; CA-Toronto; CA-Remote,https://stripe.com/jobs/search?gh_jid=8155164,8,Heuristic overlap: 1/20 listed skills and 1/6 locations appeared in the posting.,greenhouse,2026-08-25T15:54:31+00:00,2026-09-07T17:08:39Z
8bc7707b2787651f386b4b881c98883c,Stripe,Payments Performance Strategist (Greater China),Singapore,https://stripe.com/jobs/search?gh_jid=8068669,7,Heuristic overlap: 2/20 listed skills and 0/6 locations appeared in the posting.,greenhouse,2026-07-16T03:48:19+00:00,2026-09-07T17:08:39Z
df942d355e8e937619a5953e4914c384,Stripe,People Analytics Analyst & Business Partner,"Dublin, London",https://stripe.com/jobs/search?gh_jid=8069694,7,Heuristic overlap: 2/20 listed skills and 0/6 locations appeared in the posting.,greenhouse,2026-07-27T16:23:06+00:00,2026-09-07T17:08:39Z
3b3f992ee316341e477e6c5c9ca8faf3,Stripe,People Project Manager,"US-Remote, Atlanta, Chicago",https://stripe.com/jobs/search?gh_jid=8039954,12,Heuristic overlap: 2/20 listed skills and 1/6 locations appeared in the posting.,greenhouse,2026-07-16T15:42:39+00:00,2026-09-07T17:08:39Z
c2e08cfa643f249262bb3899fa1aa5be,Stripe,Privacy Operations Program Manager,"Dublin, London",https://stripe.com/jobs/search?gh_jid=8094087,3,Heuristic overlap: 1/20 listed skills and 0/6 locations appeared in the posting.,greenhouse,2026-07-31T14:11:17+00:00,2026-09-07T17:08:39Z
085b1609762a0632ba0dfe59892592d8,Stripe,Processing cost Analyst,IN-Bengaluru,https://stripe.com/jobs/search?gh_jid=8177636,8,Heuristic overlap: 1/20 listed skills and 1/6 locations appeared in the posting.,greenhouse,2026-09-07T06:53:44+00:00,2026-09-07T17:08:39Z
0ea315accb87a29dba7c677a734ff8ec,Stripe,"Product Analytics - Developer Experience, Bridge",N/A,https://stripe.com/jobs/search?gh_jid=8139998,14,Heuristic overlap: 4/20 listed skills and 0/6 locations appeared in the posting.,greenhouse,2026-08-18T19:01:07+00:00,2026-09-07T17:08:39Z
88de2ff01d4f61ae94f181c262dcbad2,Stripe,Product Communications: crypto products,SF,https://stripe.com/jobs/search?gh_jid=8089358,7,Heuristic overlap: 2/20 listed skills and 0/6 locations appeared in the posting.,greenhouse,2026-08-05T21:56:17+00:00,2026-09-07T17:08:39Z
b186ff082b028c3cc4fd065177f64d08,Stripe,Product Counsel,US remote,https://stripe.com/jobs/search?gh_jid=8089069,8,Heuristic overlap: 1/20 listed skills and 1/6 locations appeared in the posting.,greenhouse,2026-07-27T20:39:34+00:00,2026-09-07T17:08:39Z
e52d32db5aee5b5f95a47cf2ab9c3497,Stripe,Product Counsel (Money Movement Legal - APAC) ,Singapore,https://stripe.com/jobs/search?gh_jid=8125473,7,Heuristic overlap: 2/20 listed skills and 0/6 locations appeared in the posting.,greenhouse,2026-08-13T06:16:28+00:00,2026-09-07T17:08:39Z
82d291164a63a605f8094acfa6259e9d,Stripe,"Product Designer, Growth","New York, NY ",https://stripe.com/jobs/search?gh_jid=8164479,3,Heuristic overlap: 1/20 listed skills and 0/6 locations appeared in the posting.,greenhouse,2026-08-28T17:29:15+00:00,2026-09-07T17:08:39Z
15d7751f6d487a849b8b954c472ed0d3,Stripe,"Product Designer, Link",US / Canada,https://stripe.com/jobs/search?gh_jid=8155002,3,Heuristic overlap: 1/20 listed skills and 0/6 locations appeared in the posting.,greenhouse,2026-08-24T19:46:34+00:00,2026-09-07T17:08:39Z
d6e7629a6a53fbcaa6e45d81b2105d41,Stripe,"Product Design Manager, Global Payments",United Kingdom,https://stripe.com/jobs/search?gh_jid=8096726,7,Heuristic overlap: 2/20 listed skills and 0/6 locations appeared in the posting.,greenhouse,2026-08-05T08:59:36+00:00,2026-09-07T17:08:39Z
1933bfdf4c41b8d9a3faddefe29f2ca5,Stripe,"Product Manager, Cash Platform",New York ,https://stripe.com/jobs/search?gh_jid=8064900,5,Heuristic overlap: 0/20 listed skills and 1/6 locations appeared in the posting.,greenhouse,2026-07-14T17:26:56+00:00,2026-09-07T17:08:39Z
7a79fafefc5d3ac8076e30297276f763,Stripe,"Product Manager, E-Invoicing","Dublin, Ireland",https://stripe.com/jobs/search?gh_jid=8041655,10,Heuristic overlap: 3/20 listed skills and 0/6 locations appeared in the posting.,greenhouse,2026-07-15T11:01:45+00:00,2026-09-07T17:08:39Z
2128fb966f36e7807bfc62e77f842596,Stripe,"Product Manager, Hardware","San Francisco, Seattle",https://stripe.com/jobs/search?gh_jid=7586413,3,Heuristic overlap: 1/20 listed skills and 0/6 locations appeared in the posting.,greenhouse,2026-09-04T16:55:44+00:00,2026-09-07T17:08:39Z
5ff8f53b01338bdc49384a2b62d873b1,Stripe,"Product Manager, Identity & Access Management","US-Remote, US-Chicago",https://stripe.com/jobs/search?gh_jid=8165137,5,Heuristic overlap: 0/20 listed skills and 1/6 locations appeared in the posting.,greenhouse,2026-08-28T20:31:07+00:00,2026-09-07T17:08:39Z
31ba9b3b4c9a7398d88674d9361773a3,Stripe,"Product Manager, Professional Services","Dublin, London",https://stripe.com/jobs/search?gh_jid=8007692,7,Heuristic overlap: 2/20 listed skills and 0/6 locations appeared in the posting.,greenhouse,2026-08-20T08:29:45+00:00,2026-09-07T17:08:39Z
ea17cb9b0f2f90fff6e4663f52f45fe5,Stripe,"Product Manager, Strategic Apps",Seattle,https://stripe.com/jobs/search?gh_jid=8122188,3,Heuristic overlap: 1/20 listed skills and 0/6 locations appeared in the posting.,greenhouse,2026-08-14T19:07:08+00:00,2026-09-07T17:08:39Z
6e029f6ceb5765e0f9aa168d9aa203ab,Stripe,"Product Manager, Support Experience ","Dublin, Ireland ",https://stripe.com/jobs/search?gh_jid=8143563,3,Heuristic overlap: 1/20 listed skills and 0/6 locations appeared in the posting.,greenhouse,2026-08-21T13:35:21+00:00,2026-09-07T17:08:39Z
df7b7e1b85f2023340fd10ae35f35555,Stripe,"Product Marketing Lead, Billing",US / Canada,https://stripe.com/jobs/search?gh_jid=8090203,3,Heuristic overlap: 1/20 listed skills and 0/6 locations appeared in the posting.,greenhouse,2026-07-31T16:19:23+00:00,2026-09-07T17:08:39Z
7352a2b9bc4021ebbfb074dc60c504d6,Stripe,"Product Marketing Manager, Bridge/Stablecoins","NYC, San Francisco, Seattle",https://stripe.com/jobs/search?gh_jid=8152994,3,Heuristic overlap: 1/20 listed skills and 0/6 locations appeared in the posting.,greenhouse,2026-08-24T13:24:53+00:00,2026-09-07T17:08:39Z
4ed5785cfb84e899e05dcafcf524aa89,Stripe,"Product Marketing Manager, Payments","Remote in the US, Chicago, Toronto",https://stripe.com/jobs/search?gh_jid=8142770,12,Heuristic overlap: 2/20 listed skills and 1/6 locations appeared in the posting.,greenhouse,2026-08-19T20:38:49+00:00,2026-09-07T17:08:39Z
0be416e62a9bc3e9c1a1711d05d2eb1b,Stripe,"Product Marketing Manager, Startup Segment","San Francisco, Seattle, NYC, Chicago, Remote in the US, Toronto",https://stripe.com/jobs/search?gh_jid=8097731,8,Heuristic overlap: 1/20 listed skills and 1/6 locations appeared in the posting.,greenhouse,2026-07-30T21:24:27+00:00,2026-09-07T17:08:39Z
31c12a4ecc61fb644a27a5ed7d34e905,Stripe,Product Sales Development Representative (Mandarin-speaking),Singapore,https://stripe.com/jobs/search?gh_jid=8179341,3,Heuristic overlap: 1/20 listed skills and 0/6 locations appeared in the posting.,greenhouse,2026-09-07T05:55:28+00:00,2026-09-07T17:08:39Z
255ea5cd1fbe94f536b29c90d7920a4b,Stripe,Product Strategy & Operations APAC,Singapore,https://stripe.com/jobs/search?gh_jid=8081423,7,Heuristic overlap: 2/20 listed skills and 0/6 locations appeared in the posting.,greenhouse,2026-07-27T09:53:22+00:00,2026-09-07T17:08:39Z
6b90af7f6daea8e159e07e7e1420a708,Stripe,Product Strategy & Operations - Global Product,"US-SF, US-Seattle, US-NYC, US-Atlanta, US-Chicago",https://stripe.com/jobs/search?gh_jid=8177640,7,Heuristic overlap: 2/20 listed skills and 0/6 locations appeared in the posting.,greenhouse,2026-09-03T17:17:12+00:00,2026-09-07T17:08:39Z
3ad85a2f82887b8fde66b38b6183c3a7,Stripe,Product Support Specialist,Chicago,https://stripe.com/jobs/search?gh_jid=8148497,0,Heuristic overlap: 0/20 listed skills and 0/6 locations appeared in the posting.,greenhouse,2026-09-04T20:41:49+00:00,2026-09-07T17:08:39Z
2c4f39b066f2ebeef14689811a48880c,Stripe,"Program Manager, Card Network Office (Card Networks)","US-SF, US-NYC, US-Seattle, US-Remote",https://stripe.com/jobs/search?gh_jid=8081754,8,Heuristic overlap: 1/20 listed skills and 1/6 locations appeared in the posting.,greenhouse,2026-07-27T16:31:09+00:00,2026-09-07T17:08:39Z
db47591913b79ace87183222c7ddbb9c,Stripe,"Program Manager, Customer Success Efficiency and Scale   ","US-ATL, US-CHI",https://stripe.com/jobs/search?gh_jid=8097838,3,Heuristic overlap: 1/20 listed skills and 0/6 locations appeared in the posting.,greenhouse,2026-08-14T20:19:27+00:00,2026-09-07T17:08:39Z
0e0ce973a11e7ca4eebf03af5ed889ca,Stripe,"Program Manager, Executive Experiences","San Francisco, New York, Seattle, Chicago, Atlanta, Remote in the US",https://stripe.com/jobs/search?gh_jid=8175629,12,Heuristic overlap: 2/20 listed skills and 1/6 locations appeared in the posting.,greenhouse,2026-09-05T10:42:00+00:00,2026-09-07T17:08:39Z
80f19af5264439312ddfd59ff5dea49b,Stripe,"Program Manager, GTM Planning","Chicago, Remote",https://stripe.com/jobs/search?gh_jid=8147961,12,Heuristic overlap: 2/20 listed skills and 1/6 locations appeared in the posting.,greenhouse,2026-08-31T18:10:26+00:00,2026-09-07T17:08:39Z
2b4116d0a98bd0fadf529fa720976dcc,Stripe,"Program Manager, GTM Strategic Programs","US-Remote, Chicago",https://stripe.com/jobs/search?gh_jid=8042309,12,Heuristic overlap: 2/20 listed skills and 1/6 locations appeared in the posting.,greenhouse,2026-08-11T14:57:35+00:00,2026-09-07T17:08:39Z
cfd7271912cd3829fcda6ac2d3b4d849,Stripe,"Program Manager, Performance and Talent Planning",US-Remote,https://stripe.com/jobs/search?gh_jid=8127890,8,Heuristic overlap: 1/20 listed skills and 1/6 locations appeared in the posting.,greenhouse,2026-08-17T20:37:29+00:00,2026-09-07T17:08:39Z
f30ba8b5d33b30ee4a98a07eef527bff,Stripe,"Program Manager, Risk Operations GTM Enablement",United States,https://stripe.com/jobs/search?gh_jid=8158082,7,Heuristic overlap: 2/20 listed skills and 0/6 locations appeared in the posting.,greenhouse,2026-08-26T01:01:51+00:00,2026-09-07T17:08:39Z
b4841a294476b0a7154cd9b1848bcc0e,Stripe,"Program Manager, Security GRC",Remote,https://stripe.com/jobs/search?gh_jid=8078131,8,Heuristic overlap: 1/20 listed skills and 1/6 locations appeared in the posting.,greenhouse,2026-07-22T13:07:47+00:00,2026-09-07T17:08:39Z
adcb6d7a6194414384a386c1619f5489,Stripe,"Project Manager, Total Rewards","CHI, ATL, US-REM",https://stripe.com/jobs/search?gh_jid=8077547,7,Heuristic overlap: 2/20 listed skills and 0/6 locations appeared in the posting.,greenhouse,2026-07-22T15:56:05+00:00,2026-09-07T17:08:39Z
caddc9da3989b37d23b74db7c56c6952,Stripe,Recruiting Project Manager,"CHI, ATL",https://stripe.com/jobs/search?gh_jid=8142077,7,Heuristic overlap: 2/20 listed skills and 0/6 locations appeared in the posting.,greenhouse,2026-08-31T18:47:56+00:00,2026-09-07T17:08:39Z
30bedfd0c6b5455a08760cc3d3bf09f9,Stripe,"Regional Security Manager, Americas","San Francisco, Seattle, NYC, Chicago",https://stripe.com/jobs/search?gh_jid=8125586,8,Heuristic overlap: 1/20 listed skills and 1/6 locations appeared in the posting.,greenhouse,2026-08-14T21:10:01+00:00,2026-09-07T17:08:39Z
f489a2286377d38a940f85c680b6f67c,Stripe,"Risk Operations Analyst, Financial Crimes","Dublin, Ireland",https://stripe.com/jobs/search?gh_jid=7974211,3,Heuristic overlap: 1/20 listed skills and 0/6 locations appeared in the posting.,greenhouse,2026-08-04T15:42:50+00:00,2026-09-07T17:08:39Z
8032727811849af3e928a1f4ce063724,Stripe,"Risk Operations Associate, Partner Risk Operations (CDMX)",Mexico City,https://stripe.com/jobs/search?gh_jid=8158090,3,Heuristic overlap: 1/20 listed skills and 0/6 locations appeared in the posting.,greenhouse,2026-08-26T16:02:30+00:00,2026-09-07T17:08:39Z
cb088197ec91d8c03b980b7e19a1f0fc,Stripe,"Risk Operations Associate, User Policy Operations",Mexico CIty,https://stripe.com/jobs/search?gh_jid=8115908,7,Heuristic overlap: 2/20 listed skills and 0/6 locations appeared in the posting.,greenhouse,2026-08-11T22:40:46+00:00,2026-09-07T17:08:39Z
8752dcc00fb1f36e99e00aed01e1a2e8,Stripe,"Risk Operations Manager, Verifications",Mexico City,https://stripe.com/jobs/search?gh_jid=8069629,3,Heuristic overlap: 1/20 listed skills and 0/6 locations appeared in the posting.,greenhouse,2026-07-23T20:37:23+00:00,2026-09-07T17:08:39Z
3f53242469a11170d32ae5e3c0cece51,Stripe,"Risk Partnerships Manager, Stablecoin",US-San Francisco; US-NYC; US-Seattle; US-Remote; US-Chicago; US-Atlanta,https://stripe.com/jobs/search?gh_jid=8078333,8,Heuristic overlap: 1/20 listed skills and 1/6 locations appeared in the posting.,greenhouse,2026-07-28T18:30:34+00:00,2026-09-07T17:08:39Z
09f02e5d37afd6546d8cedd9c325a5d7,Stripe,Risk Strategist ,Singapore,https://stripe.com/jobs/search?gh_jid=8118891,0,Heuristic overlap: 0/20 listed skills and 0/6 locations appeared in the posting.,greenhouse,2026-08-13T07:23:47+00:00,2026-09-07T17:08:39Z
3a5998e03c1821c4e986e6d77372aced,Stripe,"Sales Development Representative, AUNZ",Sydney,https://stripe.com/jobs/search?gh_jid=8074892,3,Heuristic overlap: 1/20 listed skills and 0/6 locations appeared in the posting.,greenhouse,2026-07-21T00:09:56+00:00,2026-09-07T17:08:39Z
9cc43581463781436ff0cb535afbbe07,Stripe,Sales Development Representative (French Fluency),Dublin,https://stripe.com/jobs/search?gh_jid=8139535,3,Heuristic overlap: 1/20 listed skills and 0/6 locations appeared in the posting.,greenhouse,2026-08-27T08:59:24+00:00,2026-09-07T17:08:39Z
505be89ef545cfca4ffb5f0bf29597fd,Stripe,Sales Development Representative (Hebrew Fluency),Dublin,https://stripe.com/jobs/search?gh_jid=8083685,3,Heuristic overlap: 1/20 listed skills and 0/6 locations appeared in the posting.,greenhouse,2026-07-24T15:45:13+00:00,2026-09-07T17:08:39Z
50b7b708d07f5d98d512039b8c8d15b1,Stripe,"Sales Development Representative, Japan",Tokyo,https://stripe.com/jobs/search?gh_jid=8148731,3,Heuristic overlap: 1/20 listed skills and 0/6 locations appeared in the posting.,greenhouse,2026-08-24T04:38:53+00:00,2026-09-07T17:08:39Z
6d80b081baeaee135e680ddb9b9c7fe2,Stripe,Sales Development Representative (Mandarin-speaking),Singapore,https://stripe.com/jobs/search?gh_jid=8123400,3,Heuristic overlap: 1/20 listed skills and 0/6 locations appeared in the posting.,greenhouse,2026-08-14T13:40:23+00:00,2026-09-07T17:08:39Z
f4926c464d9f04754826d47e42f8e4ad,Stripe,"Sales Manager, AI",New York; San Francisco,https://stripe.com/jobs/search?gh_jid=8163534,7,Heuristic overlap: 2/20 listed skills and 0/6 locations appeared in the posting.,greenhouse,2026-09-03T17:59:01+00:00,2026-09-07T17:08:39Z
5c2cff8bc2c5d4f8a89942ed41f6adbf,Stripe,"Sales Manager, Enterprise",Sydney,https://stripe.com/jobs/search?gh_jid=8174158,3,Heuristic overlap: 1/20 listed skills and 0/6 locations appeared in the posting.,greenhouse,2026-09-03T06:35:34+00:00,2026-09-07T17:08:39Z
001ad3ce61333b424084c830c4c0428a,Stripe,"Sales Manager, Enterprise Platforms, Grower","New York, NY",https://stripe.com/jobs/search?gh_jid=8155376,3,Heuristic overlap: 1/20 listed skills and 0/6 locations appeared in the posting.,greenhouse,2026-09-01T20:28:43+00:00,2026-09-07T17:08:39Z
e4625f7fde3bacfb511bd071b9083c68,Stripe,"Sales Manager, Enterprise Platforms, Hunter Team","New York, NY",https://stripe.com/jobs/search?gh_jid=8155378,7,Heuristic overlap: 2/20 listed skills and 0/6 locations appeared in the posting.,greenhouse,2026-09-04T02:24:22+00:00,2026-09-07T17:08:39Z
f203442b2f4ba49c7bb2889055c9e63c,Stripe,"Sales Manager, Funded Startups",Berlin,https://stripe.com/jobs/search?gh_jid=8125729,0,Heuristic overlap: 0/20 listed skills and 0/6 locations appeared in the posting.,greenhouse,2026-08-17T20:26:56+00:00,2026-09-07T17:08:39Z
eff97d9324d8376b20ef7c77bd116dcf,Stripe,Sales Manager (Greater China),Singapore,https://stripe.com/jobs/search?gh_jid=8174150,3,Heuristic overlap: 1/20 listed skills and 0/6 locations appeared in the posting.,greenhouse,2026-09-07T01:08:29+00:00,2026-09-07T17:08:39Z
845e46935ced2b8ed7841ff3d5ab67e9,Stripe,"Sales Manager, Product - Issuing & Treasury","NYC, SF",https://stripe.com/jobs/search?gh_jid=8070701,3,Heuristic overlap: 1/20 listed skills and 0/6 locations appeared in the posting.,greenhouse,2026-07-29T16:39:56+00:00,2026-09-07T17:08:39Z
760a08575229c53b8eacdd8e40dc13bf,Stripe,"Sales Manager, SMB","Dublin, Ireland",https://stripe.com/jobs/search?gh_jid=8176730,7,Heuristic overlap: 2/20 listed skills and 0/6 locations appeared in the posting.,greenhouse,2026-09-07T10:57:35+00:00,2026-09-07T17:08:39Z
09d0630dacc1919c2f561dccc252803b,Stripe,"Sales Manager, SMB (Hunter)",Chicago,https://stripe.com/jobs/search?gh_jid=8112959,7,Heuristic overlap: 2/20 listed skills and 0/6 locations appeared in the posting.,greenhouse,2026-08-14T21:03:00+00:00,2026-09-07T17:08:39Z
aa3c7d76a776680c903dcc5570f7ae74,Stripe,Sales Strategy & Operations Analyst ,US,https://stripe.com/jobs/search?gh_jid=8164674,14,Heuristic overlap: 4/20 listed skills and 0/6 locations appeared in the posting.,greenhouse,2026-09-01T15:26:22+00:00,2026-09-07T17:08:39Z
01f0ed33a95d8a97d330a0ae0c4a7b2f,Stripe,Sales Strategy & Operations Business Partner,Sydney,https://stripe.com/jobs/search?gh_jid=8106775,7,Heuristic overlap: 2/20 listed skills and 0/6 locations appeared in the posting.,greenhouse,2026-08-11T16:02:42+00:00,2026-09-07T17:08:39Z
302b5a2207691439c1dd2f85bf731764,Stripe,Sales Strategy & Operations Business Partner,"(San Francisco, Chicago, NYC)",https://stripe.com/jobs/search?gh_jid=8089882,7,Heuristic overlap: 2/20 listed skills and 0/6 locations appeared in the posting.,greenhouse,2026-07-30T14:01:13+00:00,2026-09-07T17:08:39Z
4fe376efc198f86c876a9649e584206e,Stripe,"Science Lead, Intercept ","New York City, San Francisco, US-Remote",https://stripe.com/jobs/search?gh_jid=8060152,5,Heuristic overlap: 0/20 listed skills and 1/6 locations appeared in the posting.,greenhouse,2026-07-16T11:05:31+00:00,2026-09-07T17:08:39Z
899568757200f552b53065cd4d544daf,Stripe,"SDC Manager, GTM Accelerate",Mexico City,https://stripe.com/jobs/search?gh_jid=8056309,3,Heuristic overlap: 1/20 listed skills and 0/6 locations appeared in the posting.,greenhouse,2026-08-06T10:13:26+00:00,2026-09-07T17:08:39Z
a33153298789a91ccfdb5fae35ae94a8,Stripe,"Security Engineer, Privy",NYC-Privy,https://stripe.com/jobs/search?gh_jid=8073092,10,Heuristic overlap: 3/20 listed skills and 0/6 locations appeared in the posting.,greenhouse,2026-07-30T20:41:25+00:00,2026-09-07T17:08:39Z
d7b7e04cf9ed293175fe3e7428465e10,Stripe,Security Incident Response Engineer,US Remote,https://stripe.com/jobs/search?gh_jid=8142302,12,Heuristic overlap: 2/20 listed skills and 1/6 locations appeared in the posting.,greenhouse,2026-08-19T20:33:11+00:00,2026-09-07T17:08:39Z
96008e15207d4ad1dc5c264ecf1e23e2,Stripe,Security Incident Response Manager - Abuse Operations ,Dublin,https://stripe.com/jobs/search?gh_jid=8172493,10,Heuristic overlap: 3/20 listed skills and 0/6 locations appeared in the posting.,greenhouse,2026-09-03T17:37:28+00:00,2026-09-07T17:08:39Z
88330e4dbf5050fda50fac4e953c2d3c,Stripe,Seller Systems Team Lead,Bengaluru,https://stripe.com/jobs/search?gh_jid=8175820,8,Heuristic overlap: 1/20 listed skills and 1/6 locations appeared in the posting.,greenhouse,2026-09-03T12:49:36+00:00,2026-09-07T17:08:39Z
73413f895c463723830a3ee4a70460f7,Stripe,"Senior Brand Designer, Experiential",US,https://stripe.com/jobs/search?gh_jid=8131129,7,Heuristic overlap: 2/20 listed skills and 0/6 locations appeared in the posting.,greenhouse,2026-08-21T16:36:42+00:00,2026-09-07T17:08:39Z
c74e206f1cd38d92631279b89b4c5c17,Stripe,"Senior Brand Designer, Link",US,https://stripe.com/jobs/search?gh_jid=8172672,7,Heuristic overlap: 2/20 listed skills and 0/6 locations appeared in the posting.,greenhouse,2026-09-02T15:40:18+00:00,2026-09-07T17:08:39Z
2eede9d45816f50607413ee15980b59e,Stripe,Senior Leadership Recruiter ,"Seattle, Washington",https://stripe.com/jobs/search?gh_jid=8167556,3,Heuristic overlap: 1/20 listed skills and 0/6 locations appeared in the posting.,greenhouse,2026-09-02T19:53:46+00:00,2026-09-07T17:08:39Z
b10809d4bd525adc1e27b559557c0fa9,Stripe,Senior Mechanical and Industrial Design Engineer,"Taipei,Taiwan",https://stripe.com/jobs/search?gh_jid=8170920,7,Heuristic overlap: 2/20 listed skills and 0/6 locations appeared in the posting.,greenhouse,2026-09-04T10:33:08+00:00,2026-09-07T17:08:39Z
ba8ebb3213d1b062d88e2da3f1d6eaa7,Stripe,Senior Software Engineer,"South San Francisco, CA",https://stripe.com/jobs/search?gh_jid=8175099,0,Heuristic overlap: 0/20 listed skills and 0/6 locations appeared in the posting.,greenhouse,2026-09-02T21:34:08+00:00,2026-09-07T17:08:39Z
54b38e1a9bfe04e56cd6faa15fd68810,Stripe,"Senior Software Engineer, Docs Product","New York, NY",https://stripe.com/jobs/search?gh_jid=8177860,3,Heuristic overlap: 1/20 listed skills and 0/6 locations appeared in the posting.,greenhouse,2026-09-03T18:24:41+00:00,2026-09-07T17:08:39Z
27042a0e5cbe7b3e5a33353fc194f153,Stripe,"Senior Staff Product Designer, Dashboard Studio",United States,https://stripe.com/jobs/search?gh_jid=8174316,3,Heuristic overlap: 1/20 listed skills and 0/6 locations appeared in the posting.,greenhouse,2026-09-02T18:22:31+00:00,2026-09-07T17:08:39Z
f0ec0da600eb5d16eabddce59ce81b45,Stripe,"Senior Staff Product Designer, Data & AI",US / Canada,https://stripe.com/jobs/search?gh_jid=8128499,3,Heuristic overlap: 1/20 listed skills and 0/6 locations appeared in the posting.,greenhouse,2026-08-14T18:57:51+00:00,2026-09-07T17:08:39Z
e8e957ee5a0c77fe718119e0fe175268,Stripe,"Social Media, Customer Support Associate",Bengaluru,https://stripe.com/jobs/search?gh_jid=7962437,8,Heuristic overlap: 1/20 listed skills and 1/6 locations appeared in the posting.,greenhouse,2026-07-15T05:11:09+00:00,2026-09-07T17:08:39Z
21cd4d366bc8882fbab77a3dce8d8988,Stripe,Software Engineer,"Chicago, IL",https://stripe.com/jobs/search?gh_jid=8137972,7,Heuristic overlap: 2/20 listed skills and 0/6 locations appeared in the posting.,greenhouse,2026-08-17T21:52:22+00:00,2026-09-07T17:08:39Z
8c8f4150ef21b5042ee52704196df781,Stripe,Software Engineer,"Seattle, WA",https://stripe.com/jobs/search?gh_jid=8174105,14,Heuristic overlap: 4/20 listed skills and 0/6 locations appeared in the posting.,greenhouse,2026-09-02T16:57:08+00:00,2026-09-07T17:08:39Z
48819cdef522d1c0ec24f262d2078e48,Stripe,"Software Engineer, Authorization Infrastructure",N/A,https://stripe.com/jobs/search?gh_jid=8069941,3,Heuristic overlap: 1/20 listed skills and 0/6 locations appeared in the posting.,greenhouse,2026-07-20T20:59:05+00:00,2026-09-07T17:08:39Z
cf411a797ddf58d804d73302213d061a,Stripe,"Software Engineer, Backend Engineer- Credit Coverage","New York, NY",https://stripe.com/jobs/search?gh_jid=8130578,7,Heuristic overlap: 2/20 listed skills and 0/6 locations appeared in the posting.,greenhouse,2026-08-14T17:38:23+00:00,2026-09-07T17:08:39Z
a6ee9e0398932b8560b6031cffde30ba,Stripe,"Software Engineer, Connect Tax Reporting","Bucharest, Romania",https://stripe.com/jobs/search?gh_jid=8078337,7,Heuristic overlap: 2/20 listed skills and 0/6 locations appeared in the posting.,greenhouse,2026-07-29T18:08:02+00:00,2026-09-07T17:08:39Z
d0097f97c5ebf4faa97fbce196da558e,Stripe,"Software Engineer, Intern",Bengaluru,https://stripe.com/jobs/search?gh_jid=8031833,12,Heuristic overlap: 2/20 listed skills and 1/6 locations appeared in the posting.,greenhouse,2026-07-10T05:33:52+00:00,2026-09-07T17:08:39Z
a4806d6724702ac5adc9f5b06a7e5901,Stripe,"Software Engineer, Intern",Singapore,https://stripe.com/jobs/search?gh_jid=8130883,7,Heuristic overlap: 2/20 listed skills and 0/6 locations appeared in the posting.,greenhouse,2026-09-07T05:44:20+00:00,2026-09-07T17:08:39Z
8144ff207575bc676bd25a10c159b98d,Stripe,"Software Engineer, Intern",London,https://stripe.com/jobs/search?gh_jid=8130867,7,Heuristic overlap: 2/20 listed skills and 0/6 locations appeared in the posting.,greenhouse,2026-08-31T22:30:38+00:00,2026-09-07T17:08:39Z
f991002093e92e030db58926327a945a,Stripe,"Software Engineer, Intern ",Bucharest,https://stripe.com/jobs/search?gh_jid=8130807,7,Heuristic overlap: 2/20 listed skills and 0/6 locations appeared in the posting.,greenhouse,2026-08-31T22:56:01+00:00,2026-09-07T17:08:39Z
bff85b70de162debcdbdf34c0ce53473,Stripe,"Software Engineer, Intern (Summer or Winter)",Dublin,https://stripe.com/jobs/search?gh_jid=8097801,7,Heuristic overlap: 2/20 listed skills and 0/6 locations appeared in the posting.,greenhouse,2026-08-17T13:46:14+00:00,2026-09-07T17:08:39Z
e2d45d27656de925ab2baf5e05deaeee,Stripe,"Software Engineer, Intern (Summer or Winter)","San Francisco, Seattle, New York City",https://stripe.com/jobs/search?gh_jid=8128745,7,Heuristic overlap: 2/20 listed skills and 0/6 locations appeared in the posting.,greenhouse,2026-08-31T22:20:45+00:00,2026-09-07T17:08:39Z
855a32041c6ed4532268d8cecdd00719,Stripe,"Software Engineer, Intern (Summer or Winter)",Toronto,https://stripe.com/jobs/search?gh_jid=8130805,7,Heuristic overlap: 2/20 listed skills and 0/6 locations appeared in the posting.,greenhouse,2026-08-31T23:21:48+00:00,2026-09-07T17:08:39Z
805020d768e10c0268471e7d3634040d,Stripe,"Software Engineer, Machine Learning Infrastructure","Toronto, Canada",https://stripe.com/jobs/search?gh_jid=8084476,0,Heuristic overlap: 0/20 listed skills and 0/6 locations appeared in the posting.,greenhouse,2026-07-24T23:34:58+00:00,2026-09-07T17:08:39Z
8837c8d68b3a2d49ada8d99114cb2073,Stripe,"Software Engineer, New Grad",Toronto,https://stripe.com/jobs/search?gh_jid=8157838,7,Heuristic overlap: 2/20 listed skills and 0/6 locations appeared in the posting.,greenhouse,2026-08-31T23:16:04+00:00,2026-09-07T17:08:39Z
2217f91090373f9d2fe7818a8e119664,Stripe,"Software Engineer, New Grad",Singapore,https://stripe.com/jobs/search?gh_jid=8160776,7,Heuristic overlap: 2/20 listed skills and 0/6 locations appeared in the posting.,greenhouse,2026-09-03T03:28:52+00:00,2026-09-07T17:08:39Z
dc061f8e37ee192de4893bee1b572b47,Stripe,"Software Engineer, New Grad","San Francisco, Seattle, New York",https://stripe.com/jobs/search?gh_jid=8128744,7,Heuristic overlap: 2/20 listed skills and 0/6 locations appeared in the posting.,greenhouse,2026-08-31T22:22:27+00:00,2026-09-07T17:08:39Z
ce8ff454942f150a855263bb28603a0f,Stripe,"Software Engineer, New Grad",Dublin,https://stripe.com/jobs/search?gh_jid=8130881,7,Heuristic overlap: 2/20 listed skills and 0/6 locations appeared in the posting.,greenhouse,2026-08-31T23:07:03+00:00,2026-09-07T17:08:39Z
277c9c4858d5600ee25be55e4b28b594,Stripe,"Software Engineer, New Grad",Bucharest,https://stripe.com/jobs/search?gh_jid=8130922,7,Heuristic overlap: 2/20 listed skills and 0/6 locations appeared in the posting.,greenhouse,2026-08-31T23:03:34+00:00,2026-09-07T17:08:39Z
944e2791102adb583d9b778bef2ffcfd,Stripe,"Software Engineer, New Grad",London,https://stripe.com/jobs/search?gh_jid=8130930,7,Heuristic overlap: 2/20 listed skills and 0/6 locations appeared in the posting.,greenhouse,2026-08-31T22:32:53+00:00,2026-09-07T17:08:39Z
087217dc3d3af25dabe3ab932600f500,Stripe,"Software Engineer, New Grad - Frontend",Barcelona,https://stripe.com/jobs/search?gh_jid=8130927,7,Heuristic overlap: 2/20 listed skills and 0/6 locations appeared in the posting.,greenhouse,2026-08-31T22:35:45+00:00,2026-09-07T17:08:39Z
c95e568862883c456710da2e69e293da,Stripe,"Software Engineer, Online Database Infrastructure","Seattle, WA",https://stripe.com/jobs/search?gh_jid=8177930,3,Heuristic overlap: 1/20 listed skills and 0/6 locations appeared in the posting.,greenhouse,2026-09-03T18:57:02+00:00,2026-09-07T17:08:39Z
932a6e862b194ff932c88ee28cbae6a3,Stripe,"Software Engineer, Platform Infrastructure","San Francisco, New York City, Seattle, Chicago, US-Remote",https://stripe.com/jobs/search?gh_jid=8127182,16,Heuristic overlap: 3/20 listed skills and 1/6 locations appeared in the posting.,greenhouse,2026-09-01T16:36:00+00:00,2026-09-07T17:08:39Z
33adadc4b57e084f854635774f149456,Stripe,"Software Engineer, Stripe Tax ","Dublin, Ireland",https://stripe.com/jobs/search?gh_jid=8076626,0,Heuristic overlap: 0/20 listed skills and 0/6 locations appeared in the posting.,greenhouse,2026-07-23T14:35:40+00:00,2026-09-07T17:08:39Z
a13afe05ed20f8ff6b2960adf1bdeeb8,Stripe,"Software Engineer, Vulnerability Management",US - Remote,https://stripe.com/jobs/search?gh_jid=8089353,8,Heuristic overlap: 1/20 listed skills and 1/6 locations appeared in the posting.,greenhouse,2026-08-05T00:01:19+00:00,2026-09-07T17:08:39Z
9f2d3d37cbd1f6afc94dfe46266d194c,Stripe,Software Quality Assurance Engineer,"Taipei,Taiwan",https://stripe.com/jobs/search?gh_jid=8153331,10,Heuristic overlap: 3/20 listed skills and 0/6 locations appeared in the posting.,greenhouse,2026-08-25T07:28:16+00:00,2026-09-07T17:08:39Z
5f9df1417ef1ad31d288ab13049b2ba5,Stripe,"Solutions Architect, Enterprise ",Israel,https://stripe.com/jobs/search?gh_jid=8113401,3,Heuristic overlap: 1/20 listed skills and 0/6 locations appeared in the posting.,greenhouse,2026-08-11T15:04:55+00:00,2026-09-07T17:08:39Z
5bd21b93ef7e95b745ccc9874e4d5121,Stripe,"Solutions Architect, Enterprise (German fluency)",LOCATION,https://stripe.com/jobs/search?gh_jid=8144202,3,Heuristic overlap: 1/20 listed skills and 0/6 locations appeared in the posting.,greenhouse,2026-08-24T15:19:46+00:00,2026-09-07T17:08:39Z
ae15ce40a840587cc7eeba76800ee6eb,Stripe,"Specialist Solutions Architect, Billing",Remote,https://stripe.com/jobs/search?gh_jid=7728618,8,Heuristic overlap: 1/20 listed skills and 1/6 locations appeared in the posting.,greenhouse,2026-07-09T19:42:53+00:00,2026-09-07T17:08:39Z
8e9d928fb38bc3caec592a9b2153b22c,Stripe,"Specialist Solutions Architect, Data","SF, NY, Remote",https://stripe.com/jobs/search?gh_jid=8144262,12,Heuristic overlap: 2/20 listed skills and 1/6 locations appeared in the posting.,greenhouse,2026-08-27T00:33:39+00:00,2026-09-07T17:08:39Z
e6b5ae412ce25abeca7959c2bb690a83,Stripe,"Specialist Solutions Architect, Money Management","NYC, SF, Chi, Remote",https://stripe.com/jobs/search?gh_jid=7370967,8,Heuristic overlap: 1/20 listed skills and 1/6 locations appeared in the posting.,greenhouse,2026-07-09T17:25:51+00:00,2026-09-07T17:08:39Z
d5bc2d9ee9a7e3c6800753db9c440fb3,Stripe,"Specialist Solutions Architect, Payments","London, Dublin",https://stripe.com/jobs/search?gh_jid=8119967,3,Heuristic overlap: 1/20 listed skills and 0/6 locations appeared in the posting.,greenhouse,2026-08-20T10:42:18+00:00,2026-09-07T17:08:39Z
0d10508f089a0f50c6f933eb62f755cc,Stripe,"Specialist Solutions Architect, Payments ",Singapore,https://stripe.com/jobs/search?gh_jid=8119970,3,Heuristic overlap: 1/20 listed skills and 0/6 locations appeared in the posting.,greenhouse,2026-08-26T00:49:07+00:00,2026-09-07T17:08:39Z
e67548b4c77360de808475034e1c8074,Stripe,Staff Backend Engineer - CI Services  ,Dublin,https://stripe.com/jobs/search?gh_jid=8089815,0,Heuristic overlap: 0/20 listed skills and 0/6 locations appeared in the posting.,greenhouse,2026-08-05T11:54:25+00:00,2026-09-07T17:08:39Z
15216131fdcb856754f1cd6ef47aadcd,Stripe,Staff Backend Engineer - UI Platform,Barcelona,https://stripe.com/jobs/search?gh_jid=8130377,3,Heuristic overlap: 1/20 listed skills and 0/6 locations appeared in the posting.,greenhouse,2026-08-21T07:53:55+00:00,2026-09-07T17:08:39Z
8f76ccccf7169b81dcd7209e37b4b935,Stripe,"Staff Engineer, Core Infrastructure","Bengaluru, India",https://stripe.com/jobs/search?gh_jid=8070949,20,Heuristic overlap: 3/20 listed skills and 2/6 locations appeared in the posting.,greenhouse,2026-07-30T04:27:59+00:00,2026-09-07T17:08:39Z
18199b61d6ac83cb687c15b589755f37,Stripe,"Staff Engineer, Revenue & Finance Automation",Bengaluru,https://stripe.com/jobs/search?gh_jid=8090473,8,Heuristic overlap: 1/20 listed skills and 1/6 locations appeared in the posting.,greenhouse,2026-08-03T06:58:49+00:00,2026-09-07T17:08:39Z
28684bf905c2a07c15530f766bba7558,Stripe,"Staff Fullstack Engineer, User Auth Experience",Canada,https://stripe.com/jobs/search?gh_jid=8113221,3,Heuristic overlap: 1/20 listed skills and 0/6 locations appeared in the posting.,greenhouse,2026-08-06T21:14:57+00:00,2026-09-07T17:08:39Z
6b09c0d39b68a10aec0fc519634bf2b9,Stripe,"Staff Machine Learning Engineer, Financial Connections",New York,https://stripe.com/jobs/search?gh_jid=8148653,0,Heuristic overlap: 0/20 listed skills and 0/6 locations appeared in the posting.,greenhouse,2026-08-25T01:06:11+00:00,2026-09-07T17:08:39Z
5745e232ced771028d3c27e6f81fe6c6,Stripe,"Staff Product Manager, Billing ","SF, NY, SEA, Remote-US",https://stripe.com/jobs/search?gh_jid=7983725,8,Heuristic overlap: 1/20 listed skills and 1/6 locations appeared in the posting.,greenhouse,2026-08-21T17:39:57+00:00,2026-09-07T17:08:39Z
ddccbdd348527de2ba37c87a97e49544,Stripe,"Staff Product Manager, Connect",N/A,https://stripe.com/jobs/search?gh_jid=8065034,3,Heuristic overlap: 1/20 listed skills and 0/6 locations appeared in the posting.,greenhouse,2026-07-20T14:48:43+00:00,2026-09-07T17:08:39Z
bd2de572f6d4ae77e990e5b65fa32a15,Stripe,"Staff Product Manager, Issuing",London,https://stripe.com/jobs/search?gh_jid=8043083,7,Heuristic overlap: 2/20 listed skills and 0/6 locations appeared in the posting.,greenhouse,2026-07-10T15:42:29+00:00,2026-09-07T17:08:39Z
a914a3e44cd4953dccc46dd75c00a947,Stripe,"Staff Product Manager, Local Payment Methods Growth",Dublin,https://stripe.com/jobs/search?gh_jid=7737526,7,Heuristic overlap: 2/20 listed skills and 0/6 locations appeared in the posting.,greenhouse,2026-08-19T19:50:48+00:00,2026-09-07T17:08:39Z
a76abcc2e33e6a69f0c2bc02670565d3,Stripe,"Staff Product Manager, Local Payment Methods Growth",London,https://stripe.com/jobs/search?gh_jid=8142649,7,Heuristic overlap: 2/20 listed skills and 0/6 locations appeared in the posting.,greenhouse,2026-08-19T19:50:49+00:00,2026-09-07T17:08:39Z
a1e1b1eaaf4931348168fabb1f1cb361,Stripe,"Staff Product Manager, Stripe Tax","Dublin, Ireland",https://stripe.com/jobs/search?gh_jid=8124304,0,Heuristic overlap: 0/20 listed skills and 0/6 locations appeared in the posting.,greenhouse,2026-08-12T07:14:52+00:00,2026-09-07T17:08:39Z
5692dbb5d0d08e77e806eaf8dbfa7374,Stripe,"Staff Program Manager, Event Design",US,https://stripe.com/jobs/search?gh_jid=8127894,7,Heuristic overlap: 2/20 listed skills and 0/6 locations appeared in the posting.,greenhouse,2026-08-25T15:58:25+00:00,2026-09-07T17:08:39Z
8dadd7584c933701cfbbb5e517aa4746,Stripe,"Staff Software Engineer, API Platform","San Francisco, Seattle",https://stripe.com/jobs/search?gh_jid=8055701,16,Heuristic overlap: 3/20 listed skills and 1/6 locations appeared in the posting.,greenhouse,2026-07-10T21:00:09+00:00,2026-09-07T17:08:39Z
8efb623edc38e08bcba03618cb04b488,Stripe,"Staff Software Engineer, Business Data",Seattle,https://stripe.com/jobs/search?gh_jid=8112037,7,Heuristic overlap: 2/20 listed skills and 0/6 locations appeared in the posting.,greenhouse,2026-08-06T14:27:42+00:00,2026-09-07T17:08:39Z
93691ca034a9412eef547b25ee8b82df,Stripe,"Staff Software Engineer, Card Issuing and Payments","NYC, SEA, San Francisco",https://stripe.com/jobs/search?gh_jid=8177513,7,Heuristic overlap: 2/20 listed skills and 0/6 locations appeared in the posting.,greenhouse,2026-09-03T16:26:06+00:00,2026-09-07T17:08:39Z
fd7ce48622fa48ed8ea4d78a58c00fe6,Stripe,"Staff Software Engineer, Dashboard",San Francisco,https://stripe.com/jobs/search?gh_jid=8076151,3,Heuristic overlap: 1/20 listed skills and 0/6 locations appeared in the posting.,greenhouse,2026-08-13T00:27:36+00:00,2026-09-07T17:08:39Z
15f73619e6c4db45fab6f9c0960bbacf,Stripe,"Staff Software Engineer, Data Quality and Governance",Seattle,https://stripe.com/jobs/search?gh_jid=8112042,7,Heuristic overlap: 2/20 listed skills and 0/6 locations appeared in the posting.,greenhouse,2026-08-06T14:27:43+00:00,2026-09-07T17:08:39Z
1c8db36cc8e26f4849ec1967c79c97f8,Stripe,"Staff Software Engineer, Deployment Platform",Seattle,https://stripe.com/jobs/search?gh_jid=8038771,5,Heuristic overlap: 0/20 listed skills and 1/6 locations appeared in the posting.,greenhouse,2026-07-13T20:49:55+00:00,2026-09-07T17:08:39Z
14bd8bfeff834c28b92857968cc8f794,Stripe,"Staff Software Engineer, Financial Crimes",Toronto,https://stripe.com/jobs/search?gh_jid=8120494,7,Heuristic overlap: 2/20 listed skills and 0/6 locations appeared in the posting.,greenhouse,2026-08-11T19:17:09+00:00,2026-09-07T17:08:39Z
b4e1c87a95d447e1872bd556eeba3534,Stripe,"Staff Software Engineer, Link",N/A,https://stripe.com/jobs/search?gh_jid=8082847,7,Heuristic overlap: 2/20 listed skills and 0/6 locations appeared in the posting.,greenhouse,2026-08-15T03:19:43+00:00,2026-09-07T17:08:39Z
b525bd0076c1180c4e6c6d32ed1bef1f,Stripe,"Staff Software Engineer, Payments Intelligence","Seattle, New York, San Francisco",https://stripe.com/jobs/search?gh_jid=7986004,10,Heuristic overlap: 3/20 listed skills and 0/6 locations appeared in the posting.,greenhouse,2026-08-04T14:01:16+00:00,2026-09-07T17:08:39Z
403d0ec1166985df958ff490a74dd272,Stripe,"Staff Software Engineer, Payment Systems","Seattle, New York, San Francisco",https://stripe.com/jobs/search?gh_jid=8172164,10,Heuristic overlap: 3/20 listed skills and 0/6 locations appeared in the posting.,greenhouse,2026-09-01T21:57:56+00:00,2026-09-07T17:08:39Z
5a2fbd09abdf9525ed2c5cde277c7dfe,Stripe,"Staff Software Engineer, Product Risk",Toronto,https://stripe.com/jobs/search?gh_jid=8112043,7,Heuristic overlap: 2/20 listed skills and 0/6 locations appeared in the posting.,greenhouse,2026-08-06T14:27:44+00:00,2026-09-07T17:08:39Z
46e0577a1634ef25c92a60f40ad5bcb9,Stripe,"Staff Software Engineer, Service Infrastructure",AMER,https://stripe.com/jobs/search?gh_jid=8090141,16,Heuristic overlap: 3/20 listed skills and 1/6 locations appeared in the posting.,greenhouse,2026-07-27T23:58:50+00:00,2026-09-07T17:08:39Z
f92db2a0474123dc78779fe0446824b1,Stripe,"Staff Software Engineer, Storage Abstractions","San Francisco, Seattle",https://stripe.com/jobs/search?gh_jid=8171539,16,Heuristic overlap: 3/20 listed skills and 1/6 locations appeared in the posting.,greenhouse,2026-09-01T18:44:06+00:00,2026-09-07T17:08:39Z
deaf762e6cad87861edc8df33413d625,Stripe,"Strategic Account Executive, Platforms",London,https://stripe.com/jobs/search?gh_jid=8129954,3,Heuristic overlap: 1/20 listed skills and 0/6 locations appeared in the posting.,greenhouse,2026-08-18T10:47:04+00:00,2026-09-07T17:08:39Z
c2660967685a276b0c5e5bd5034b1135,Stripe,"Strategic Business Performance, Central Strategy & Operations","US-Chicago, US-Remote, US-Seattle, US-San Francisco",https://stripe.com/jobs/search?gh_jid=8155580,12,Heuristic overlap: 2/20 listed skills and 1/6 locations appeared in the posting.,greenhouse,2026-08-27T19:53:49+00:00,2026-09-07T17:08:39Z
68802099c54345a3dbcec8a593d69544,Stripe,Strategic Capacity Planning Specialist,Dublin,https://stripe.com/jobs/search?gh_jid=8168554,7,Heuristic overlap: 2/20 listed skills and 0/6 locations appeared in the posting.,greenhouse,2026-09-02T10:57:19+00:00,2026-09-07T17:08:39Z
2c8b9002236ca353bb4f5fbcc29f5b62,Stripe,"Strategic Sourcing Manager, Tech & Product","SF, NYC, SEA",https://stripe.com/jobs/search?gh_jid=8072213,3,Heuristic overlap: 1/20 listed skills and 0/6 locations appeared in the posting.,greenhouse,2026-07-20T16:43:47+00:00,2026-09-07T17:08:39Z
a029b4bdfed7cfb26e8b4b9f8de75d96,Stripe,"Strategy and Operations Business Partner, Global Payments Performance",Chicago,https://stripe.com/jobs/search?gh_jid=8171928,3,Heuristic overlap: 1/20 listed skills and 0/6 locations appeared in the posting.,greenhouse,2026-09-04T14:59:57+00:00,2026-09-07T17:08:39Z
72e75a03a904571a272db63400e416e9,Stripe,"Strategy and Operations Lead, Deal Pricing","New York City, Washington DC, Remote",https://stripe.com/jobs/search?gh_jid=8044391,12,Heuristic overlap: 2/20 listed skills and 1/6 locations appeared in the posting.,greenhouse,2026-07-21T02:43:18+00:00,2026-09-07T17:08:39Z
6eef0e74930f6f95997a735c3c951b58,Stripe,"Strategy & Ops, Enterprise",San Francisco,https://stripe.com/jobs/search?gh_jid=8053933,3,Heuristic overlap: 1/20 listed skills and 0/6 locations appeared in the posting.,greenhouse,2026-07-31T17:36:13+00:00,2026-09-07T17:08:39Z
159e374e31f031a635bbe9f04e6b5393,Stripe,"Support Operations, Privy",NYC,https://stripe.com/jobs/search?gh_jid=8162819,3,Heuristic overlap: 1/20 listed skills and 0/6 locations appeared in the posting.,greenhouse,2026-08-27T21:21:49+00:00,2026-09-07T17:08:39Z
c2ddf611ff66e46cb2771a641d6c3b03,Stripe,Technical Account Manager,Sydney,https://stripe.com/jobs/search?gh_jid=8044158,7,Heuristic overlap: 2/20 listed skills and 0/6 locations appeared in the posting.,greenhouse,2026-07-13T08:55:49+00:00,2026-09-07T17:08:39Z
023118dc41e2b9ccc8844c1830506ef3,Stripe,"Technical Account Manager, Billing",San Francisco,https://stripe.com/jobs/search?gh_jid=8142304,7,Heuristic overlap: 2/20 listed skills and 0/6 locations appeared in the posting.,greenhouse,2026-08-24T15:15:03+00:00,2026-09-07T17:08:39Z
b782f13e2c3806ac3e023b660a78a0b9,Stripe,Technical Account Manager - GCN,Singapore,https://stripe.com/jobs/search?gh_jid=7955056,7,Heuristic overlap: 2/20 listed skills and 0/6 locations appeared in the posting.,greenhouse,2026-07-13T08:58:42+00:00,2026-09-07T17:08:39Z
3f8d2c0415e006425b17b0fb3b3ef3f6,Stripe,Technical Program Manager,"South San Francisco, CA",https://stripe.com/jobs/search?gh_jid=8171297,7,Heuristic overlap: 2/20 listed skills and 0/6 locations appeared in the posting.,greenhouse,2026-09-01T17:39:03+00:00,2026-09-07T17:08:39Z
43c1e8d824fd3cce5b7cd6c65d872e63,Stripe,"Technical Program Manager, Growth","Toronto, Remote Canada ",https://stripe.com/jobs/search?gh_jid=8114397,8,Heuristic overlap: 1/20 listed skills and 1/6 locations appeared in the posting.,greenhouse,2026-08-07T17:12:13+00:00,2026-09-07T17:08:39Z
201044c9a1f249231443f17814d347e5,Stripe,"Technical Program Manager, Infrastructure","South San Francisco, CA ",https://stripe.com/jobs/search?gh_jid=8126047,7,Heuristic overlap: 2/20 listed skills and 0/6 locations appeared in the posting.,greenhouse,2026-08-12T17:14:52+00:00,2026-09-07T17:08:39Z
fc91bcc3b7886b34d9f2ab877a86be2f,Stripe,"Technical Program Manager, Manager ",Dublin,https://stripe.com/jobs/search?gh_jid=8007738,3,Heuristic overlap: 1/20 listed skills and 0/6 locations appeared in the posting.,greenhouse,2026-07-21T12:57:54+00:00,2026-09-07T17:08:39Z
05674c6531d7e86510cbd89050041ad6,Stripe,Technical Recruiter (Fixed Term Contract),"SF, SEA, NYC, CHI, ATL",https://stripe.com/jobs/search?gh_jid=8154525,3,Heuristic overlap: 1/20 listed skills and 0/6 locations appeared in the posting.,greenhouse,2026-08-24T22:20:43+00:00,2026-09-07T17:08:39Z
4952517366af8426fc157b0487fa7ce8,Stripe,Technical Recruiter (Fixed Term Contract),Singapore,https://stripe.com/jobs/search?gh_jid=8142856,7,Heuristic overlap: 2/20 listed skills and 0/6 locations appeared in the posting.,greenhouse,2026-08-26T10:04:46+00:00,2026-09-07T17:08:39Z
1de3f997a5b6011d87ba4bcc34f7e94b,Stripe,Technical Solutions Engineering Manager,San Francisco or Seattle,https://stripe.com/jobs/search?gh_jid=8079858,0,Heuristic overlap: 0/20 listed skills and 0/6 locations appeared in the posting.,greenhouse,2026-07-29T14:01:53+00:00,2026-09-07T17:08:39Z
26bf7c5993e7829445ec53b4228499ba,Stripe,"Technical Support Engineer (EMEA), Metronome","London, Dublin",https://stripe.com/jobs/search?gh_jid=7737248,7,Heuristic overlap: 2/20 listed skills and 0/6 locations appeared in the posting.,greenhouse,2026-09-01T12:32:46+00:00,2026-09-07T17:08:39Z
82f5f6ce6807a7bd18d288abc4dacd15,Stripe,"Technical Support Engineer, Metronome","San Francisco, CA",https://stripe.com/jobs/search?gh_jid=7733725,7,Heuristic overlap: 2/20 listed skills and 0/6 locations appeared in the posting.,greenhouse,2026-07-15T23:48:46+00:00,2026-09-07T17:08:39Z
31e193fd69bd53208ec9d0f95a8fc3c8,Stripe,"Technical Support Engineer, Metronome","Dublin, Ireland",https://stripe.com/jobs/search?gh_jid=7860377,7,Heuristic overlap: 2/20 listed skills and 0/6 locations appeared in the posting.,greenhouse,2026-07-15T23:53:04+00:00,2026-09-07T17:08:39Z
d58345f4dde39defa18386efde4d887d,Stripe,Tech Ops Team Lead,Bengaluru,https://stripe.com/jobs/search?gh_jid=8045862,8,Heuristic overlap: 1/20 listed skills and 1/6 locations appeared in the posting.,greenhouse,2026-07-16T06:30:03+00:00,2026-09-07T17:08:39Z
60d7d7bacd8e2198ab6d16a7811fc0aa,Stripe,Thailand Compliance Officer & Money Laundering Reporting Officer,Bangkok,https://stripe.com/jobs/search?gh_jid=8076966,0,Heuristic overlap: 0/20 listed skills and 0/6 locations appeared in the posting.,greenhouse,2026-07-27T07:18:45+00:00,2026-09-07T17:08:39Z
c000aff73aa0c504abfc75ba2613faef,Stripe,Training Program Manager,Mexico City,https://stripe.com/jobs/search?gh_jid=8172111,3,Heuristic overlap: 1/20 listed skills and 0/6 locations appeared in the posting.,greenhouse,2026-09-03T23:09:56+00:00,2026-09-07T17:08:39Z
178aed696529959ef7e6799d21b85d14,Stripe,"Treasury Finance AI and Quantitative Analytics, Americas",NYC,https://stripe.com/jobs/search?gh_jid=8079132,10,Heuristic overlap: 3/20 listed skills and 0/6 locations appeared in the posting.,greenhouse,2026-07-24T20:45:39+00:00,2026-09-07T17:08:39Z
5b886754c918201049480379534c984d,Stripe,UK Public Sector Lead,London,https://stripe.com/jobs/search?gh_jid=8096121,10,Heuristic overlap: 3/20 listed skills and 0/6 locations appeared in the posting.,greenhouse,2026-08-13T13:08:45+00:00,2026-09-07T17:08:39Z
2675678e8cdb1fc6e51f1409f7d6d95b,Stripe,University Recruiter,"Dublin, London",https://stripe.com/jobs/search?gh_jid=8128011,3,Heuristic overlap: 1/20 listed skills and 0/6 locations appeared in the posting.,greenhouse,2026-08-19T08:50:30+00:00,2026-09-07T17:08:39Z
ed38365a9b93a237193e894f8613d166,Stripe,University Recruiting Manager,"Singapore, Dublin",https://stripe.com/jobs/search?gh_jid=8094669,7,Heuristic overlap: 2/20 listed skills and 0/6 locations appeared in the posting.,greenhouse,2026-07-30T13:06:17+00:00,2026-09-07T17:08:39Z
cb6436096cea02f0f46bbeb7db3d5a31,Stripe,User Escalation Specialist ,Chicago,https://stripe.com/jobs/search?gh_jid=8180318,0,Heuristic overlap: 0/20 listed skills and 0/6 locations appeared in the posting.,greenhouse,2026-09-04T20:41:52+00:00,2026-09-07T17:08:39Z
25096d5833afc53b8d753d7cb0b000f6,Stripe,User Escalation Specialist ,Dublin,https://stripe.com/jobs/search?gh_jid=8045340,0,Heuristic overlap: 0/20 listed skills and 0/6 locations appeared in the posting.,greenhouse,2026-07-14T09:17:49+00:00,2026-09-07T17:08:39Z
f5af897ff3e84dc0fc5f378b88bcdbb5,Stripe,U.S. Federal Government Relations Director,"DC, Maryland, Virginia",https://stripe.com/jobs/search?gh_jid=8070044,12,Heuristic overlap: 2/20 listed skills and 1/6 locations appeared in the posting.,greenhouse,2026-07-24T17:22:49+00:00,2026-09-07T17:08:39Z
14b92aca5fafe4b000a6c91c33774ed0,Stripe,"UX Research Manager, Payments",Canada,https://stripe.com/jobs/search?gh_jid=8165259,10,Heuristic overlap: 3/20 listed skills and 0/6 locations appeared in the posting.,greenhouse,2026-09-01T12:11:08+00:00,2026-09-07T17:08:39Z
260f7f82ff82b9498202e96400070be1,Stripe,Verifications Operations Associate,Bengaluru,https://stripe.com/jobs/search?gh_jid=8022703,12,Heuristic overlap: 2/20 listed skills and 1/6 locations appeared in the posting.,greenhouse,2026-09-02T06:23:15+00:00,2026-09-07T17:08:39Z
395d89d516e2d486e0f64aa45aaa9661,Stripe,Voice Support Operations Associate ,Bengaluru,https://stripe.com/jobs/search?gh_jid=8168793,8,Heuristic overlap: 1/20 listed skills and 1/6 locations appeared in the posting.,greenhouse,2026-09-03T00:37:42+00:00,2026-09-07T17:08:39Z
76fa0e45775246d3ff71e6c4382484d1,Stripe,Workplace Experience Manager,New York City,https://stripe.com/jobs/search?gh_jid=8092411,7,Heuristic overlap: 2/20 listed skills and 0/6 locations appeared in the posting.,greenhouse,2026-07-28T19:15:54+00:00,2026-09-07T17:08:39Z
ac3f66062868fc7642a3391fb741c46e,Stripe,Workplace Operations Manager - Dublin,Dublin,https://stripe.com/jobs/search?gh_jid=8120185,7,Heuristic overlap: 2/20 listed skills and 0/6 locations appeared in the posting.,greenhouse,2026-08-13T08:22:56+00:00,2026-09-07T17:08:39Z
a7cfba84775c6cdef987c08ced6ff0f2,Twitch,"Director of Content & Partnerships, Brazil","Sao Paulo, Brazil",https://job-boards.greenhouse.io/twitch/jobs/8779882002,3,Heuristic overlap: 1/20 listed skills and 0/6 locations appeared in the posting.,greenhouse,2026-09-02T22:47:19+00:00,2026-09-07T17:08:39Z
fdc75a3e27dc232f4da392f124ee9139,Twitch,Localization Program Manager,"Irvine, CA",https://job-boards.greenhouse.io/twitch/jobs/8648201002,3,Heuristic overlap: 1/20 listed skills and 0/6 locations appeared in the posting.,greenhouse,2026-07-24T00:40:53+00:00,2026-09-07T17:08:39Z
fec0517fa225a987aa7ec0f6ceef6d99,Twitch,Localization Program Manager,"Seattle, WA",https://job-boards.greenhouse.io/twitch/jobs/8648200002,3,Heuristic overlap: 1/20 listed skills and 0/6 locations appeared in the posting.,greenhouse,2026-07-24T00:40:34+00:00,2026-09-07T17:08:39Z
304591004fa3226819add1d2c0905d04,Twitch,Localization Program Manager,"San Francisco, CA",https://job-boards.greenhouse.io/twitch/jobs/8643189002,3,Heuristic overlap: 1/20 listed skills and 0/6 locations appeared in the posting.,greenhouse,2026-07-24T00:40:33+00:00,2026-09-07T17:08:39Z
f8fc28051d35b02ab1c2c734985ed42a,Twitch,"Manager, Product & Platforms Business Development","San Francisco, CA",https://job-boards.greenhouse.io/twitch/jobs/8643186002,0,Heuristic overlap: 0/20 listed skills and 0/6 locations appeared in the posting.,greenhouse,2026-07-24T01:06:52+00:00,2026-09-07T17:08:39Z
98f10ada2059e82839e5ec9751207368,Twitch,Partnerships Associate,New York City,https://job-boards.greenhouse.io/twitch/jobs/8739356002,3,Heuristic overlap: 1/20 listed skills and 0/6 locations appeared in the posting.,greenhouse,2026-08-21T22:14:26+00:00,2026-09-07T17:08:39Z
9992f4604784c5f7012050d1efcadc44,Twitch,Partnerships Associate,"Irvine, CA",https://job-boards.greenhouse.io/twitch/jobs/8739355002,3,Heuristic overlap: 1/20 listed skills and 0/6 locations appeared in the posting.,greenhouse,2026-08-21T22:14:25+00:00,2026-09-07T17:08:39Z
d9912e242a547219fbb22a2210c4088b,Twitch,Partnerships Associate,"Seattle, WA",https://job-boards.greenhouse.io/twitch/jobs/8739354002,3,Heuristic overlap: 1/20 listed skills and 0/6 locations appeared in the posting.,greenhouse,2026-08-21T22:14:23+00:00,2026-09-07T17:08:39Z
3f2636a89d0a71c85b36df5f65dd85fc,Twitch,Partnerships Associate,"San Francisco, CA",https://job-boards.greenhouse.io/twitch/jobs/8739325002,3,Heuristic overlap: 1/20 listed skills and 0/6 locations appeared in the posting.,greenhouse,2026-08-21T22:14:20+00:00,2026-09-07T17:08:39Z
64ccad760930cb9c6cd834b8d47cc050,Twitch,People Engagement Program Manager,"San Francisco, CA",https://job-boards.greenhouse.io/twitch/jobs/8662188002,3,Heuristic overlap: 1/20 listed skills and 0/6 locations appeared in the posting.,greenhouse,2026-07-31T21:05:35+00:00,2026-09-07T17:08:39Z
b2b52f48cdf43d19b622964747433a18,Twitch,"Senior Manager, Business Development","San Francisco, CA",https://job-boards.greenhouse.io/twitch/jobs/8688065002,3,Heuristic overlap: 1/20 listed skills and 0/6 locations appeared in the posting.,greenhouse,2026-08-06T22:40:11+00:00,2026-09-07T17:08:39Z
2d3ed060e537577f28caa9b1b8f8fa53,Twitch,"Senior Product Manager, Platform Core Engineering","San Francisco, CA",https://job-boards.greenhouse.io/twitch/jobs/8647255002,3,Heuristic overlap: 1/20 listed skills and 0/6 locations appeared in the posting.,greenhouse,2026-07-23T23:57:41+00:00,2026-09-07T17:08:39Z
11dc32ad78407c51fd3096fe969c3c5d,Twitch,"Senior Product Manager, Platform Core Engineering","Seattle, WA",https://job-boards.greenhouse.io/twitch/jobs/8648165002,3,Heuristic overlap: 1/20 listed skills and 0/6 locations appeared in the posting.,greenhouse,2026-07-23T23:57:41+00:00,2026-09-07T17:08:39Z
ca1698ea2da825e59b5effe624f51be8,Twitch,"Senior Product Manager, Platform Core Engineering","Irvine, CA",https://job-boards.greenhouse.io/twitch/jobs/8648174002,3,Heuristic overlap: 1/20 listed skills and 0/6 locations appeared in the posting.,greenhouse,2026-07-23T23:57:42+00:00,2026-09-07T17:08:39Z
7190644ca74609bf5ee0979568886ee7,Twitch,"Senior Product Manager, Platform Core Engineering",New York City,https://job-boards.greenhouse.io/twitch/jobs/8648175002,3,Heuristic overlap: 1/20 listed skills and 0/6 locations appeared in the posting.,greenhouse,2026-07-23T23:57:43+00:00,2026-09-07T17:08:39Z
05e066ee63da32ae73394e296e9f03a6,Twitch,Senior Tax Analyst - Tax Operations,"San Francisco, CA",https://job-boards.greenhouse.io/twitch/jobs/8687968002,0,Heuristic overlap: 0/20 listed skills and 0/6 locations appeared in the posting.,greenhouse,2026-08-06T22:36:25+00:00,2026-09-07T17:08:39Z
22e87eba19e381cfc1ffaca5fd93fbf1,Twitch,Senior Tax Analyst - Tax Operations,"Seattle, WA",https://job-boards.greenhouse.io/twitch/jobs/8687985002,0,Heuristic overlap: 0/20 listed skills and 0/6 locations appeared in the posting.,greenhouse,2026-08-06T22:36:26+00:00,2026-09-07T17:08:39Z
c855f3ac13fb4c5b388cf5aa79ad3350,Twitch,"Senior UX Designer, Monetization","Seattle, WA",https://job-boards.greenhouse.io/twitch/jobs/8635694002,3,Heuristic overlap: 1/20 listed skills and 0/6 locations appeared in the posting.,greenhouse,2026-07-15T20:03:23+00:00,2026-09-07T17:08:39Z
5522808bcab5fe1152c8cded75d4203e,Twitch,"Senior UX Designer, Monetization","San Francisco, CA",https://job-boards.greenhouse.io/twitch/jobs/8633655002,3,Heuristic overlap: 1/20 listed skills and 0/6 locations appeared in the posting.,greenhouse,2026-07-15T20:03:22+00:00,2026-09-07T17:08:39Z
a8fd1dc643ed89011c24ace556d78718,Twitch,"Senior UX Designer, Monetization","Irvine, CA",https://job-boards.greenhouse.io/twitch/jobs/8635691002,3,Heuristic overlap: 1/20 listed skills and 0/6 locations appeared in the posting.,greenhouse,2026-07-15T20:03:23+00:00,2026-09-07T17:08:39Z
289d3321239015550e7ac00b176070c7,Twitch,"Software Development Engineer, Security Platform","Seattle, WA",https://job-boards.greenhouse.io/twitch/jobs/8739185002,10,Heuristic overlap: 3/20 listed skills and 0/6 locations appeared in the posting.,greenhouse,2026-08-21T21:46:08+00:00,2026-09-07T17:08:39Z
5cee0eabbdd19172c3b31406272b3e7e,Twitch,"Software Development Engineer, Security Platform","San Francisco, CA",https://job-boards.greenhouse.io/twitch/jobs/8739060002,10,Heuristic overlap: 3/20 listed skills and 0/6 locations appeared in the posting.,greenhouse,2026-08-21T21:45:58+00:00,2026-09-07T17:08:39Z
99b09f1f04c666f2f2195b176c6a92d4,Twitch,"Software Development Engineer, Security Platform","Irvine, CA",https://job-boards.greenhouse.io/twitch/jobs/8739196002,10,Heuristic overlap: 3/20 listed skills and 0/6 locations appeared in the posting.,greenhouse,2026-08-21T21:46:08+00:00,2026-09-07T17:08:39Z
e14ebd8c40623010775d3c7311149ece,Twitch,"Software Engineer I, Discovery","San Francisco, CA",https://job-boards.greenhouse.io/twitch/jobs/8623578002,7,Heuristic overlap: 2/20 listed skills and 0/6 locations appeared in the posting.,greenhouse,2026-07-14T22:43:05+00:00,2026-09-07T17:08:39Z
2772b6c4d5c4f88af5489f5c3fda3753,Twitch,"Software Engineer II, Fintech","Seattle, WA",https://job-boards.greenhouse.io/twitch/jobs/8747649002,7,Heuristic overlap: 2/20 listed skills and 0/6 locations appeared in the posting.,greenhouse,2026-08-25T20:04:29+00:00,2026-09-07T17:08:39Z
ecea91678f28277e0113e73a0f5c6c9d,Twitch,"Software Engineer II, Fintech",New York City,https://job-boards.greenhouse.io/twitch/jobs/8747652002,7,Heuristic overlap: 2/20 listed skills and 0/6 locations appeared in the posting.,greenhouse,2026-08-25T20:04:28+00:00,2026-09-07T17:08:39Z
a06d0c3eaa1921243c17c4d4ce475125,Twitch,"Software Engineer I, Memberships","San Francisco, CA",https://job-boards.greenhouse.io/twitch/jobs/8748320002,7,Heuristic overlap: 2/20 listed skills and 0/6 locations appeared in the posting.,greenhouse,2026-08-26T16:56:43+00:00,2026-09-07T17:08:39Z
6d4b253a9c94736bdacace28651675f1,Twitch,"Software Engineer I, Memberships","Seattle, WA",https://job-boards.greenhouse.io/twitch/jobs/8751076002,7,Heuristic overlap: 2/20 listed skills and 0/6 locations appeared in the posting.,greenhouse,2026-08-26T16:56:45+00:00,2026-09-07T17:08:39Z
ce05605ee386d42911c521b7a6e4d60f,Twitch,"Software Engineer I, Payments","San Francisco, CA",https://job-boards.greenhouse.io/twitch/jobs/8700578002,3,Heuristic overlap: 1/20 listed skills and 0/6 locations appeared in the posting.,greenhouse,2026-08-14T20:13:21+00:00,2026-09-07T17:08:39Z
cbfd3ca272b1cd398fe3e6963013af57,Twitch,"Sr. Product Manager, Commerce","San Francisco, CA",https://job-boards.greenhouse.io/twitch/jobs/8686796002,3,Heuristic overlap: 1/20 listed skills and 0/6 locations appeared in the posting.,greenhouse,2026-08-06T20:29:24+00:00,2026-09-07T17:08:39Z
af5f7ae32f92fa99c52529ded7c56d02,Twitch,"Sr. Product Manager, Commerce","Los Angeles, CA",https://job-boards.greenhouse.io/twitch/jobs/8686812002,3,Heuristic overlap: 1/20 listed skills and 0/6 locations appeared in the posting.,greenhouse,2026-08-06T20:29:25+00:00,2026-09-07T17:08:39Z
202ab46de5ad6784e251ab40c9b17f15,Twitch,"Sr. Product Manager, Commerce","Seattle, WA",https://job-boards.greenhouse.io/twitch/jobs/8686811002,3,Heuristic overlap: 1/20 listed skills and 0/6 locations appeared in the posting.,greenhouse,2026-08-06T20:29:24+00:00,2026-09-07T17:08:39Z
c85f4fb7fc1d494db94b86010ad26fc6,Airbnb,"Automation Engineer, Quality Engineering",Brazil,https://careers.airbnb.com/positions/8154749?gh_jid=8154749,7,Heuristic overlap: 2/20 listed skills and 0/6 locations appeared in the posting.,greenhouse,2026-08-24T19:41:54+00:00,2026-09-07T17:08:39Z
cc9e6f8f755d54136d0c0842904305eb,Airbnb,Compensation Partner,"San Francisco, United States",https://careers.airbnb.com/positions/8104102?gh_jid=8104102,10,Heuristic overlap: 3/20 listed skills and 0/6 locations appeared in the posting.,greenhouse,2026-08-03T23:04:46+00:00,2026-09-07T17:08:39Z
b314aef0f9c5fda79d5aa02dc8184c68,Airbnb,Complex Claims Manager,Canada,https://careers.airbnb.com/positions/8152131?gh_jid=8152131,8,Heuristic overlap: 1/20 listed skills and 1/6 locations appeared in the posting.,greenhouse,2026-08-24T14:18:12+00:00,2026-09-07T17:08:39Z
4f4b50059caff128d18fe4b7373328d7,Airbnb,Complex Claims Manager,United States,https://careers.airbnb.com/positions/8153094?gh_jid=8153094,8,Heuristic overlap: 1/20 listed skills and 1/6 locations appeared in the posting.,greenhouse,2026-08-24T14:18:09+00:00,2026-09-07T17:08:39Z
a1f7145f8c1bbfa6976e7f4a424f04fd,Airbnb,"Customer Service Partner Operations Manager, Mandarin Speaking (Manila Based) ","Manila, Philippines",https://careers.airbnb.com/positions/8172735?gh_jid=8172735,7,Heuristic overlap: 2/20 listed skills and 0/6 locations appeared in the posting.,greenhouse,2026-09-02T09:33:30+00:00,2026-09-07T17:08:39Z
9dff239ed70d8f71e9fc4fc68f0c02dc,Airbnb,"Customer Service Partner Operations Manager, Mandarin Speaking (Seoul Based) ","Seoul, Korea",https://careers.airbnb.com/positions/8172732?gh_jid=8172732,7,Heuristic overlap: 2/20 listed skills and 0/6 locations appeared in the posting.,greenhouse,2026-09-02T09:33:32+00:00,2026-09-07T17:08:39Z
c06e84cb862cac547436e507317f5244,Airbnb,"Customer Service Partner Operations Manager, Mandarin Speaking (Singapore Based) ",Singapore,https://careers.airbnb.com/positions/8172706?gh_jid=8172706,7,Heuristic overlap: 2/20 listed skills and 0/6 locations appeared in the posting.,greenhouse,2026-09-02T09:33:34+00:00,2026-09-07T17:08:39Z
11148591dc8bdb40d71547d2845d674f,Airbnb,"Customer Service Partner Operations Manager, Mandarin Speaking (Tokyo Based) ","Tokyo, Japan",https://careers.airbnb.com/positions/8172734?gh_jid=8172734,7,Heuristic overlap: 2/20 listed skills and 0/6 locations appeared in the posting.,greenhouse,2026-09-02T09:33:38+00:00,2026-09-07T17:08:39Z
0266f67bf58011667fc4ae222d0769c1,Airbnb,Gestionnaire des réclamations complexes,Canada,https://careers.airbnb.com/positions/8152132?gh_jid=8152132,3,Heuristic overlap: 1/20 listed skills and 0/6 locations appeared in the posting.,greenhouse,2026-08-24T14:18:14+00:00,2026-09-07T17:08:39Z
79d0aa909ba4448a1b63cc819d6755f8,Airbnb,"Gestionnaire, Qualité, AirCover ",Canada,https://careers.airbnb.com/positions/8164421?gh_jid=8164421,3,Heuristic overlap: 1/20 listed skills and 0/6 locations appeared in the posting.,greenhouse,2026-08-31T19:06:49+00:00,2026-09-07T17:08:39Z
e9ced9a0e9ebfc8bb834450daa441b37,Airbnb,"Gestionnaire, Soutien Premium",Canada,https://careers.airbnb.com/positions/7862110?gh_jid=7862110,10,Heuristic overlap: 3/20 listed skills and 0/6 locations appeared in the posting.,greenhouse,2026-07-17T22:27:07+00:00,2026-09-07T17:08:39Z
36f8e76e8e31faf3945fe769d258ad6f,Airbnb,"Growth Marketing Lead, SEM",United States,https://careers.airbnb.com/positions/8070656?gh_jid=8070656,12,Heuristic overlap: 2/20 listed skills and 1/6 locations appeared in the posting.,greenhouse,2026-07-22T23:53:08+00:00,2026-09-07T17:08:39Z
ae62e727dfd2cfb4388848986a02f84c,Airbnb,HR Generalist / HR Business Partner,United States,https://careers.airbnb.com/positions/8084251?gh_jid=8084251,8,Heuristic overlap: 1/20 listed skills and 1/6 locations appeared in the posting.,greenhouse,2026-07-24T20:55:28+00:00,2026-09-07T17:08:39Z
90e2c0df9180239bd0652bed9ee1a69f,Airbnb,"Lead, Advanced Analytics, Community Support",United States,https://careers.airbnb.com/positions/8125981?gh_jid=8125981,12,Heuristic overlap: 2/20 listed skills and 1/6 locations appeared in the posting.,greenhouse,2026-08-13T21:23:22+00:00,2026-09-07T17:08:39Z
e12c3b66d3d88645a1dd3a5094f8c391,Airbnb,Lead Localization Operations Program Manager,United States ,https://careers.airbnb.com/positions/8120458?gh_jid=8120458,12,Heuristic overlap: 2/20 listed skills and 1/6 locations appeared in the posting.,greenhouse,2026-08-11T17:50:34+00:00,2026-09-07T17:08:39Z
107272b9d2ca71132e409c0c9da97188,Airbnb,"Localization Manager, Italian","Milan, Italy",https://careers.airbnb.com/positions/8165843?gh_jid=8165843,7,Heuristic overlap: 2/20 listed skills and 0/6 locations appeared in the posting.,greenhouse,2026-09-01T10:05:15+00:00,2026-09-07T17:08:39Z
2aee6e29f7041ac337b0b9d8e1565778,Airbnb,"Manager, Premium Support",Canada,https://careers.airbnb.com/positions/7862109?gh_jid=7862109,12,Heuristic overlap: 2/20 listed skills and 1/6 locations appeared in the posting.,greenhouse,2026-07-17T22:27:10+00:00,2026-09-07T17:08:39Z
dfd95fb48b3b99d27af6dda718f628a4,Airbnb,"Manager, Premium Support (French/English)",Ireland,https://careers.airbnb.com/positions/8071424?gh_jid=8071424,7,Heuristic overlap: 2/20 listed skills and 0/6 locations appeared in the posting.,greenhouse,2026-07-17T15:48:22+00:00,2026-09-07T17:08:39Z
543609ee24111a84eb7564e96a7fb59a,Airbnb,"Manager, Quality, AirCover",Canada,https://careers.airbnb.com/positions/8114339?gh_jid=8114339,8,Heuristic overlap: 1/20 listed skills and 1/6 locations appeared in the posting.,greenhouse,2026-08-31T18:48:17+00:00,2026-09-07T17:08:39Z
29b524e5e1f4e98353489e759b1e05f8,Airbnb,Market Manager,"Sao Paulo, Brazil",https://careers.airbnb.com/positions/8131269?gh_jid=8131269,3,Heuristic overlap: 1/20 listed skills and 0/6 locations appeared in the posting.,greenhouse,2026-08-17T14:50:16+00:00,2026-09-07T17:08:39Z
2d71ae3c7ad550de4e86ecf27e93bff1,Airbnb,Market Manager,"San Diego, United States ",https://careers.airbnb.com/positions/8134685?gh_jid=8134685,8,Heuristic overlap: 1/20 listed skills and 1/6 locations appeared in the posting.,greenhouse,2026-08-17T20:27:52+00:00,2026-09-07T17:08:39Z
d68706056ebbae8cac3f817c2ca1218d,Airbnb,Market Manager,"Gurugram, India",https://careers.airbnb.com/positions/8146630?gh_jid=8146630,8,Heuristic overlap: 1/20 listed skills and 1/6 locations appeared in the posting.,greenhouse,2026-08-21T11:32:58+00:00,2026-09-07T17:08:39Z
a123dbb6fbf4195dcdd40df75d9c4988,Airbnb,Market Manager,Mexico,https://careers.airbnb.com/positions/8131310?gh_jid=8131310,3,Heuristic overlap: 1/20 listed skills and 0/6 locations appeared in the posting.,greenhouse,2026-08-17T14:50:31+00:00,2026-09-07T17:08:39Z
f0c5f6bf82468fbfd98f65305ad7ccf3,Airbnb,Market Manager,"Ohio, United States, Indiana, United States, Kentucky, United States, Illinois, United States",https://careers.airbnb.com/positions/8129503?gh_jid=8129503,3,Heuristic overlap: 1/20 listed skills and 0/6 locations appeared in the posting.,greenhouse,2026-08-14T20:41:42+00:00,2026-09-07T17:08:39Z
34ab4b7280b784f9199aac20fcb10c52,Airbnb,Market Manager,"Ontario, Canada",https://careers.airbnb.com/positions/8129515?gh_jid=8129515,8,Heuristic overlap: 1/20 listed skills and 1/6 locations appeared in the posting.,greenhouse,2026-08-17T14:49:50+00:00,2026-09-07T17:08:39Z
458a72b42ade498a4804eedb7fb5d303,Airbnb,"Market Manager, Australia","Sydney, Australia",https://careers.airbnb.com/positions/8140993?gh_jid=8140993,3,Heuristic overlap: 1/20 listed skills and 0/6 locations appeared in the posting.,greenhouse,2026-08-19T06:04:28+00:00,2026-09-07T17:08:39Z
17a93eba0af414047cd88306492ac9b0,Airbnb,"Payments Partnerships Manager, Host Payouts",United States ,https://careers.airbnb.com/positions/8075714?gh_jid=8075714,8,Heuristic overlap: 1/20 listed skills and 1/6 locations appeared in the posting.,greenhouse,2026-07-21T15:38:47+00:00,2026-09-07T17:08:39Z
4354a65acc7f735994522eab5203769d,Airbnb,"Product Manager, Identity",United States,https://careers.airbnb.com/positions/8055637?gh_jid=8055637,7,Heuristic overlap: 2/20 listed skills and 0/6 locations appeared in the posting.,greenhouse,2026-07-20T16:20:53+00:00,2026-09-07T17:08:39Z
98a20ed6b8b6df452fc641f05ee11670,Airbnb,"Product Manager, People to Meet","San Francisco, CA, Seattle, WA, New York, NY",https://careers.airbnb.com/positions/8112204?gh_jid=8112204,7,Heuristic overlap: 2/20 listed skills and 0/6 locations appeared in the posting.,greenhouse,2026-08-14T23:57:01+00:00,2026-09-07T17:08:39Z
74eabde2338635c7a3e1845434d866d6,Airbnb,"Product Manager, Pricing",United States,https://careers.airbnb.com/positions/8096359?gh_jid=8096359,8,Heuristic overlap: 1/20 listed skills and 1/6 locations appeared in the posting.,greenhouse,2026-08-04T19:45:48+00:00,2026-09-07T17:08:39Z
e1148ee0ca603caf2dfb29ae3381c0bf,Airbnb,"Product Manager, Search","San Francisco, United States",https://careers.airbnb.com/positions/8104444?gh_jid=8104444,7,Heuristic overlap: 2/20 listed skills and 0/6 locations appeared in the posting.,greenhouse,2026-08-05T17:39:47+00:00,2026-09-07T17:08:39Z
6ab62a1747d37c8ddd958e8a32484a41,Airbnb,"Product Manager, Services","San Francisco, CA, Seattle WA, New York, NY",https://careers.airbnb.com/positions/8081925?gh_jid=8081925,7,Heuristic overlap: 2/20 listed skills and 0/6 locations appeared in the posting.,greenhouse,2026-07-23T23:40:17+00:00,2026-09-07T17:08:39Z
86e6f947b3366ae58c165c8e836d732a,Airbnb,"Product Program Manager, Roadmap Planning & Program Management","San Francisco, United States ",https://careers.airbnb.com/positions/8094412?gh_jid=8094412,3,Heuristic overlap: 1/20 listed skills and 0/6 locations appeared in the posting.,greenhouse,2026-07-29T20:19:39+00:00,2026-09-07T17:08:39Z
280d7666ae93e8ca655f7bf913406ffa,Airbnb,"Programs Operations Lead, Growth Levers","San Francisco, California, United States ",https://careers.airbnb.com/positions/8103590?gh_jid=8103590,10,Heuristic overlap: 3/20 listed skills and 0/6 locations appeared in the posting.,greenhouse,2026-08-12T16:01:33+00:00,2026-09-07T17:08:39Z
f235e955564b313e857ea3a215792879,Airbnb,"Regional Operations Manager, Premium Support",Canada,https://careers.airbnb.com/positions/8110189?gh_jid=8110189,12,Heuristic overlap: 2/20 listed skills and 1/6 locations appeared in the posting.,greenhouse,2026-08-07T13:13:44+00:00,2026-09-07T17:08:39Z
15ebf3f9803e5107adc1b7f18b79c3fe,Airbnb,"Responsable des opérations régionales, Support Premium",Canada,https://careers.airbnb.com/positions/8110190?gh_jid=8110190,7,Heuristic overlap: 2/20 listed skills and 0/6 locations appeared in the posting.,greenhouse,2026-08-07T13:13:46+00:00,2026-09-07T17:08:39Z
a387156ba19b2797f7a50e6916961202,Airbnb,Sales Operations Lead,United States ,https://careers.airbnb.com/positions/8155005?gh_jid=8155005,8,Heuristic overlap: 1/20 listed skills and 1/6 locations appeared in the posting.,greenhouse,2026-08-24T22:19:35+00:00,2026-09-07T17:08:39Z
0bedbb64588d6bbccc83684487934a33,Airbnb,"Senior Business Solutions Engineer, BizTech(LegalTech)","Bangalore, India",https://careers.airbnb.com/positions/8053132?gh_jid=8053132,7,Heuristic overlap: 2/20 listed skills and 0/6 locations appeared in the posting.,greenhouse,2026-07-10T09:03:39+00:00,2026-09-07T17:08:39Z
e20c76f4b75cf1bc9eed8d1d6f239047,Airbnb,Senior Community Growth Manager,Brazil,https://careers.airbnb.com/positions/8178467?gh_jid=8178467,3,Heuristic overlap: 1/20 listed skills and 0/6 locations appeared in the posting.,greenhouse,2026-09-03T23:46:48+00:00,2026-09-07T17:08:39Z
f47a74d647858458dd469c9dc76b6217,Airbnb,"Senior Connectivity Partner Manager, Bangkok (SEA/IN)","Bangkok, Thailand",https://careers.airbnb.com/positions/8141377?gh_jid=8141377,3,Heuristic overlap: 1/20 listed skills and 0/6 locations appeared in the posting.,greenhouse,2026-08-19T12:55:06+00:00,2026-09-07T17:08:39Z
5d71bbf3fb70ba778f6bd0f578881cb7,Airbnb,"Senior Counsel, Litigation","California, United States ",https://careers.airbnb.com/positions/8142807?gh_jid=8142807,7,Heuristic overlap: 2/20 listed skills and 0/6 locations appeared in the posting.,greenhouse,2026-08-19T22:11:28+00:00,2026-09-07T17:08:39Z
b87b69c1d25181e3c52c27c0bd3a0ad4,Airbnb,Senior Data Scientist - Payments (Inference),Remote - USA,https://careers.airbnb.com/positions/8123037?gh_jid=8123037,16,Heuristic overlap: 3/20 listed skills and 1/6 locations appeared in the posting.,greenhouse,2026-08-14T17:25:31+00:00,2026-09-07T17:08:39Z
7d4a2f93cc9c29d79f3de75590a0c546,Airbnb,"Senior Data Scientist, Trust (Inference)",Remote - USA,https://careers.airbnb.com/positions/8059216?gh_jid=8059216,16,Heuristic overlap: 3/20 listed skills and 1/6 locations appeared in the posting.,greenhouse,2026-07-15T16:13:40+00:00,2026-09-07T17:08:39Z
2fb3b246108639fa6d02796ac6ab8227,Airbnb,"Senior Engineering Manager, Media Foundation",United States,https://careers.airbnb.com/positions/7968034?gh_jid=7968034,12,Heuristic overlap: 2/20 listed skills and 1/6 locations appeared in the posting.,greenhouse,2026-08-04T18:01:36+00:00,2026-09-07T17:08:39Z
60eda0a1a578680da33ac857c2092bbc,Airbnb,"Senior Host Development Lead, Education","San Francisco, United States ",https://careers.airbnb.com/positions/8142636?gh_jid=8142636,12,Heuristic overlap: 2/20 listed skills and 1/6 locations appeared in the posting.,greenhouse,2026-08-31T16:38:31+00:00,2026-09-07T17:08:39Z
46333bc90c72548a39fdd6dc2d141b74,Airbnb,"Senior Machine Learning Engineer, Query Intelligence",United States,https://careers.airbnb.com/positions/8065789?gh_jid=8065789,16,Heuristic overlap: 3/20 listed skills and 1/6 locations appeared in the posting.,greenhouse,2026-07-14T23:54:51+00:00,2026-09-07T17:08:39Z
87e7864eb7ac14f7b660588128c4e397,Airbnb,"Senior Machine Learning Engineer, Trust","San Francisco, CA",https://careers.airbnb.com/positions/8130355?gh_jid=8130355,8,Heuristic overlap: 1/20 listed skills and 1/6 locations appeared in the posting.,greenhouse,2026-08-14T21:27:57+00:00,2026-09-07T17:08:39Z
b20dfc731634b726bad05109061ec5fb,Airbnb,"Senior Manager, Field Operations","Mexico City, Mexico",https://careers.airbnb.com/positions/8044801?gh_jid=8044801,3,Heuristic overlap: 1/20 listed skills and 0/6 locations appeared in the posting.,greenhouse,2026-07-13T16:04:04+00:00,2026-09-07T17:08:39Z
99e4ecccf816f74db3a08da83c9d2adc,Airbnb,"Senior Manager, Machine Learning Engineering - Communication & Connectivity",Remote - US,https://careers.airbnb.com/positions/8070121?gh_jid=8070121,16,Heuristic overlap: 3/20 listed skills and 1/6 locations appeared in the posting.,greenhouse,2026-07-22T21:32:00+00:00,2026-09-07T17:08:39Z
d2d69676089e45270e9ff692c81a00a0,Airbnb,"Senior Manager, Platform Management (Payments)",United States ,https://careers.airbnb.com/positions/8175521?gh_jid=8175521,12,Heuristic overlap: 2/20 listed skills and 1/6 locations appeared in the posting.,greenhouse,2026-09-03T01:58:21+00:00,2026-09-07T17:08:39Z
bb52c7d5d020b18398cb326c9b22cf0d,Airbnb,"Senior Manager, Quality, Specialty",United States ,https://careers.airbnb.com/positions/8114342?gh_jid=8114342,8,Heuristic overlap: 1/20 listed skills and 1/6 locations appeared in the posting.,greenhouse,2026-08-31T17:58:05+00:00,2026-09-07T17:08:39Z
f94580fae1f4a5530aa451e9f6b75714,Airbnb,"Senior Manager, Scaled Operations, FSI",United States ,https://careers.airbnb.com/positions/8143116?gh_jid=8143116,8,Heuristic overlap: 1/20 listed skills and 1/6 locations appeared in the posting.,greenhouse,2026-08-20T13:43:01+00:00,2026-09-07T17:08:39Z
aede6a2aa244aa90a82a3c76c80debed,Airbnb,"Senior Manager, Supply Enablement",United States ,https://careers.airbnb.com/positions/8125873?gh_jid=8125873,12,Heuristic overlap: 2/20 listed skills and 1/6 locations appeared in the posting.,greenhouse,2026-08-17T21:44:01+00:00,2026-09-07T17:08:39Z
66289467cc330e1c6010a570881e059b,Airbnb,"Senior Manager, Technical Program Management (Search & AI Foundations)",United States,https://careers.airbnb.com/positions/8077683?gh_jid=8077683,12,Heuristic overlap: 2/20 listed skills and 1/6 locations appeared in the posting.,greenhouse,2026-07-21T19:29:19+00:00,2026-09-07T17:08:39Z
fd618d5c3b0c971b7a45660d7803c37a,Airbnb,Senior Market Manager,"Sao Paulo, Brazil",https://careers.airbnb.com/positions/8138055?gh_jid=8138055,3,Heuristic overlap: 1/20 listed skills and 0/6 locations appeared in the posting.,greenhouse,2026-08-17T23:14:18+00:00,2026-09-07T17:08:39Z
4bc25ae1384ba8302c74b1920e384bc0,Airbnb,"Senior Market Manager, Vietnamese Speaking (Bangkok Based) ",Vietnam,https://careers.airbnb.com/positions/8167204?gh_jid=8167204,3,Heuristic overlap: 1/20 listed skills and 0/6 locations appeared in the posting.,greenhouse,2026-08-31T14:49:12+00:00,2026-09-07T17:08:39Z
d971f647a29929b30f309e29d475b6ba,Airbnb,"Senior Market Manager, Vietnamese Speaking (Bangkok Based) ","Bangkok, Thailand",https://careers.airbnb.com/positions/8141266?gh_jid=8141266,3,Heuristic overlap: 1/20 listed skills and 0/6 locations appeared in the posting.,greenhouse,2026-08-19T12:55:34+00:00,2026-09-07T17:08:39Z
56262d852def57679f8a0dc5cb1f5c55,Airbnb,"Senior Platform Manager, Data Products, Finance Accounting",United States,https://careers.airbnb.com/positions/8070705?gh_jid=8070705,16,Heuristic overlap: 3/20 listed skills and 1/6 locations appeared in the posting.,greenhouse,2026-07-20T16:54:52+00:00,2026-09-07T17:08:39Z
dd5f1d4703ddc5be0649298b259b9640,Airbnb,"Senior Platform Manager, Payment Platform Accounts",United States ,https://careers.airbnb.com/positions/8082863?gh_jid=8082863,8,Heuristic overlap: 1/20 listed skills and 1/6 locations appeared in the posting.,greenhouse,2026-07-24T15:52:41+00:00,2026-09-07T17:08:39Z
7304f1a0a8361e998b1e87456b2b11cd,Airbnb,"Senior Product Program Manager, Roadmap Planning & Program Management ","San Francisco, United States ",https://careers.airbnb.com/positions/8094462?gh_jid=8094462,3,Heuristic overlap: 1/20 listed skills and 0/6 locations appeared in the posting.,greenhouse,2026-07-29T20:22:14+00:00,2026-09-07T17:08:39Z
bb39d0f41982f0a98fa005fa3d942599,Airbnb,Senior Programs & Business Operations Lead,United States ,https://careers.airbnb.com/positions/8163221?gh_jid=8163221,5,Heuristic overlap: 0/20 listed skills and 1/6 locations appeared in the posting.,greenhouse,2026-08-28T00:35:55+00:00,2026-09-07T17:08:39Z
c10dce6af1923505aebb0ba15f9a99d4,Airbnb,"Senior Social Content Operations Manager, China",China,https://careers.airbnb.com/positions/8078406?gh_jid=8078406,5,Heuristic overlap: 0/20 listed skills and 1/6 locations appeared in the posting.,greenhouse,2026-07-22T09:22:48+00:00,2026-09-07T17:08:39Z
1386b44f8ecb7f9006509ce2addaabef,Airbnb,"Senior Software Engineer(AI/ML), Trust","Bangalore, India",https://careers.airbnb.com/positions/8154477?gh_jid=8154477,3,Heuristic overlap: 1/20 listed skills and 0/6 locations appeared in the posting.,greenhouse,2026-08-25T09:58:30+00:00,2026-09-07T17:08:39Z
53dc8f8c4c1dae69672fa72a7a118976,Airbnb,"Senior Software Engineer, Payments Platform ","Remote, USA",https://careers.airbnb.com/positions/8138002?gh_jid=8138002,16,Heuristic overlap: 3/20 listed skills and 1/6 locations appeared in the posting.,greenhouse,2026-08-19T21:13:04+00:00,2026-09-07T17:08:39Z
4ccb028a2d6f681873da9e7d48664d56,Airbnb,"Senior Specialist, Premium Support",Canada,https://careers.airbnb.com/positions/8107160?gh_jid=8107160,8,Heuristic overlap: 1/20 listed skills and 1/6 locations appeared in the posting.,greenhouse,2026-08-05T15:03:52+00:00,2026-09-07T17:08:39Z
9f7dff84d35372a4479c4db6d0fee7a1,Airbnb,"Senior Specialist, Premium Support (English/Spanish)","Nevada, United States ",https://careers.airbnb.com/positions/8132178?gh_jid=8132178,12,Heuristic overlap: 2/20 listed skills and 1/6 locations appeared in the posting.,greenhouse,2026-08-18T13:41:11+00:00,2026-09-07T17:08:39Z
f4d5981c6c64f718908b38c7b062dc98,Airbnb,"Senior Specialist, Premium Support (Portuguese/English)",Canada,https://careers.airbnb.com/positions/8091849?gh_jid=8091849,8,Heuristic overlap: 1/20 listed skills and 1/6 locations appeared in the posting.,greenhouse,2026-08-04T21:34:03+00:00,2026-09-07T17:08:39Z
c559798e05025ca466a9a8d74cd4a15c,Airbnb,"Senior Staff Software Engineer, Marketing Technology","Remote, USA",https://careers.airbnb.com/positions/8095365?gh_jid=8095365,12,Heuristic overlap: 2/20 listed skills and 1/6 locations appeared in the posting.,greenhouse,2026-07-29T22:14:52+00:00,2026-09-07T17:08:39Z
5e0786dce477fb4c7e848a3601666984,Airbnb,Spécialiste au Support Premium,Canada,https://careers.airbnb.com/positions/8080767?gh_jid=8080767,7,Heuristic overlap: 2/20 listed skills and 0/6 locations appeared in the posting.,greenhouse,2026-07-28T15:33:36+00:00,2026-09-07T17:08:39Z
f86269053efc1794ea2815c0269f062c,Airbnb,"Spécialiste principal(e), Soutien Premium",Canada,https://careers.airbnb.com/positions/8107161?gh_jid=8107161,3,Heuristic overlap: 1/20 listed skills and 0/6 locations appeared in the posting.,greenhouse,2026-08-05T15:03:54+00:00,2026-09-07T17:08:39Z
89f34c756539d6d6d6aa499a13d65b27,Airbnb,"Specialist, Premium Support",Canada,https://careers.airbnb.com/positions/8080766?gh_jid=8080766,3,Heuristic overlap: 1/20 listed skills and 0/6 locations appeared in the posting.,greenhouse,2026-07-28T15:33:37+00:00,2026-09-07T17:08:39Z
4d39fdf5e29b942debf9fc614213b02b,Airbnb,Staff Backend Engineer - Ads Platform,Remote - USA,https://careers.airbnb.com/positions/8074897?gh_jid=8074897,12,Heuristic overlap: 2/20 listed skills and 1/6 locations appeared in the posting.,greenhouse,2026-07-22T19:52:40+00:00,2026-09-07T17:08:39Z
d3ef4a40843a22cd5aa4e2cc477c937d,Airbnb,"Staff Backend Engineer, Host Pricing & Availability",Remote - USA,https://careers.airbnb.com/positions/8078019?gh_jid=8078019,8,Heuristic overlap: 1/20 listed skills and 1/6 locations appeared in the posting.,greenhouse,2026-07-28T16:33:45+00:00,2026-09-07T17:08:39Z
46dae261622ecf99e90efa7679aa6380,Airbnb,"Staff Experience Designer, International",Singapore,https://careers.airbnb.com/positions/8121074?gh_jid=8121074,10,Heuristic overlap: 3/20 listed skills and 0/6 locations appeared in the posting.,greenhouse,2026-08-11T08:20:47+00:00,2026-09-07T17:08:39Z
bf7ef7450d89d6d0a651071c7a930a5a,Airbnb,"Staff Machine Learning Engineer, Traffic Intelligence",United States,https://careers.airbnb.com/positions/8129371?gh_jid=8129371,12,Heuristic overlap: 2/20 listed skills and 1/6 locations appeared in the posting.,greenhouse,2026-08-13T23:22:22+00:00,2026-09-07T17:08:39Z
c91517253eb8393fcc35ac96d3527e5d,Airbnb,"Staff Platform Manager, Conversational Products",United States ,https://careers.airbnb.com/positions/8136554?gh_jid=8136554,12,Heuristic overlap: 2/20 listed skills and 1/6 locations appeared in the posting.,greenhouse,2026-08-19T21:50:25+00:00,2026-09-07T17:08:39Z
13e99ef83ce8a8baa5273e96a27f5fd5,Airbnb,Staff Platform Manager - GTM & Ops Tooling,United States ,https://careers.airbnb.com/positions/8163100?gh_jid=8163100,12,Heuristic overlap: 2/20 listed skills and 1/6 locations appeared in the posting.,greenhouse,2026-09-01T22:44:32+00:00,2026-09-07T17:08:39Z
0c5fe0ac3b00a2155c5a6fc56750bdc2,Airbnb,"Staff Platform Manager, Loyalty Platform Lead (Product Management)","Bangalore, India",https://careers.airbnb.com/positions/8091831?gh_jid=8091831,7,Heuristic overlap: 2/20 listed skills and 0/6 locations appeared in the posting.,greenhouse,2026-08-03T13:26:27+00:00,2026-09-07T17:08:39Z
e87083a87fcaf1505b0052dec725d15d,Airbnb,"Staff Platform Manager, Payments Regional Growth",Brazil,https://careers.airbnb.com/positions/8120611?gh_jid=8120611,0,Heuristic overlap: 0/20 listed skills and 0/6 locations appeared in the posting.,greenhouse,2026-08-11T16:34:28+00:00,2026-09-07T17:08:39Z
e2d57431bfb18a5553ab0c78828d3240,Airbnb,"Staff Platform Manager, Payments Regional Growth",Mexico,https://careers.airbnb.com/positions/8120721?gh_jid=8120721,0,Heuristic overlap: 0/20 listed skills and 0/6 locations appeared in the posting.,greenhouse,2026-08-11T16:34:29+00:00,2026-09-07T17:08:39Z
bb9ad76e7e4bdab1c70b8b2a5615849f,Airbnb,"Staff Software Engineer, Passport & Commerce (Backend)",United States,https://careers.airbnb.com/positions/8130817?gh_jid=8130817,16,Heuristic overlap: 3/20 listed skills and 1/6 locations appeared in the posting.,greenhouse,2026-08-14T20:03:51+00:00,2026-09-07T17:08:39Z
9335dab8f7bbcf56d8e0ceb87a306afb,Airbnb,"Staff Software Engineer, Payments Compliance",Remote - US,https://careers.airbnb.com/positions/8130787?gh_jid=8130787,30,Heuristic overlap: 7/20 listed skills and 1/6 locations appeared in the posting.,greenhouse,2026-08-18T17:29:51+00:00,2026-09-07T17:08:39Z
dd1ac0c89525306b3025839678e8d84e,Airbnb,"Staff Software Engineer, Service Tools",USA,https://careers.airbnb.com/positions/8154739?gh_jid=8154739,8,Heuristic overlap: 1/20 listed skills and 1/6 locations appeared in the posting.,greenhouse,2026-08-25T03:36:42+00:00,2026-09-07T17:08:39Z
cf23eab7120880caa157a03aa8a520a1,Airbnb,"Staff UX Researcher, Payments Growth (Mixed Methods)",United States,https://careers.airbnb.com/positions/8113284?gh_jid=8113284,0,Heuristic overlap: 0/20 listed skills and 0/6 locations appeared in the posting.,greenhouse,2026-08-10T22:55:52+00:00,2026-09-07T17:08:39Z
ba056b26b362772ff6964a7fa15d2e98,Airbnb,Staff UX Writer (Host),United States,https://careers.airbnb.com/positions/8171646?gh_jid=8171646,5,Heuristic overlap: 0/20 listed skills and 1/6 locations appeared in the posting.,greenhouse,2026-09-02T12:43:14+00:00,2026-09-07T17:08:39Z
ceb496316aba15eb3cdbb7fac1791bc4,Airbnb,"Superviseur (-e), Soutien Premium Bilingue (français/anglais)",Canada,https://careers.airbnb.com/positions/8080626?gh_jid=8080626,10,Heuristic overlap: 3/20 listed skills and 0/6 locations appeared in the posting.,greenhouse,2026-07-28T15:34:02+00:00,2026-09-07T17:08:39Z
b0bcf8d9a0f0e3aa0fe38de19adcbe81,Airbnb,"Supervisor, Community Support","Gurugram, India",https://careers.airbnb.com/positions/8090493?gh_jid=8090493,7,Heuristic overlap: 2/20 listed skills and 0/6 locations appeared in the posting.,greenhouse,2026-08-04T06:00:55+00:00,2026-09-07T17:08:39Z
00e9abe251a1be1589285c5ebdf197d0,Airbnb,"Supervisor, Premium Support (French/English)",Canada,https://careers.airbnb.com/positions/8080625?gh_jid=8080625,7,Heuristic overlap: 2/20 listed skills and 0/6 locations appeared in the posting.,greenhouse,2026-07-28T15:34:02+00:00,2026-09-07T17:08:39Z
cd96628751ff0868d8f17caeb8da486a,Airbnb,"Tech Lead Manager, Oracle ERP","Bangalore, India",https://careers.airbnb.com/positions/8102684?gh_jid=8102684,10,Heuristic overlap: 3/20 listed skills and 0/6 locations appeared in the posting.,greenhouse,2026-08-03T15:56:35+00:00,2026-09-07T17:08:39Z
971aef6bd7da09cc905e948200f6b4f5,Airbnb,"Vendor Manager, Operational Vendor Support (Insurance)",United States ,https://careers.airbnb.com/positions/8120259?gh_jid=8120259,8,Heuristic overlap: 1/20 listed skills and 1/6 locations appeared in the posting.,greenhouse,2026-08-11T16:52:15+00:00,2026-09-07T17:08:39Z
d791b9df7e4b0112a5e7b5c5ea567a09,Airbnb,Workplace Operations Program Manager,"San Francisco, United States",https://careers.airbnb.com/positions/8079378?gh_jid=8079378,7,Heuristic overlap: 2/20 listed skills and 0/6 locations appeared in the posting.,greenhouse,2026-07-22T14:09:04+00:00,2026-09-07T17:08:39Z
6fe45af2812045816b5ab5475121763f,Dropbox,Account Executive,Remote - US: Select locations,https://jobs.dropbox.com/listing/8159652?gh_jid=8159652,5,Heuristic overlap: 0/20 listed skills and 1/6 locations appeared in the posting.,greenhouse,2026-09-01T13:20:17+00:00,2026-09-07T17:08:39Z
de07c1301948b753604470a66ab74671,Dropbox,"Business Development Manager, Strategic Partnerships",Remote - US: Select locations,https://jobs.dropbox.com/listing/8048847?gh_jid=8048847,8,Heuristic overlap: 1/20 listed skills and 1/6 locations appeared in the posting.,greenhouse,2026-07-22T17:53:11+00:00,2026-09-07T17:08:39Z
291ae0164199b470770ee773c2e67d30,Dropbox,"Business Development Manager, Strategic Partnerships",Remote - Canada: Select locations,https://jobs.dropbox.com/listing/8048848?gh_jid=8048848,8,Heuristic overlap: 1/20 listed skills and 1/6 locations appeared in the posting.,greenhouse,2026-07-22T17:53:12+00:00,2026-09-07T17:08:39Z
b9c7c1b2380793af1c055829d46f3bdd,Dropbox,Business Development Representative - Japan (Remote),Remote - Japan,https://jobs.dropbox.com/listing/8130079?gh_jid=8130079,8,Heuristic overlap: 1/20 listed skills and 1/6 locations appeared in the posting.,greenhouse,2026-09-01T14:23:03+00:00,2026-09-07T17:08:39Z
ddd62a27422639ba64032e4cbef5368e,Dropbox,"Data Analytics Partner, People Analytics",Remote - Canada: Select locations,https://jobs.dropbox.com/listing/8126575?gh_jid=8126575,8,Heuristic overlap: 1/20 listed skills and 1/6 locations appeared in the posting.,greenhouse,2026-08-18T15:47:46+00:00,2026-09-07T17:08:39Z
b4241aaab96ca8ed15c0dac115b96411,Dropbox,"Data Analytics Partner, People Analytics",Remote - US: Select locations,https://jobs.dropbox.com/listing/8126572?gh_jid=8126572,8,Heuristic overlap: 1/20 listed skills and 1/6 locations appeared in the posting.,greenhouse,2026-08-18T15:47:44+00:00,2026-09-07T17:08:39Z
d2a1feab35f9157ec91fc1d767bd9f96,Dropbox,Director of Media Strategy & Activation (Paid Media),Remote - US: Select locations,https://jobs.dropbox.com/listing/8096461?gh_jid=8096461,16,Heuristic overlap: 3/20 listed skills and 1/6 locations appeared in the posting.,greenhouse,2026-08-10T19:53:49+00:00,2026-09-07T17:08:39Z
349ac1ebd5a4d3b4580315087e8be4b1,Dropbox,"Director, Sales Compensation",Remote - US: All locations,https://jobs.dropbox.com/listing/8121667?gh_jid=8121667,12,Heuristic overlap: 2/20 listed skills and 1/6 locations appeared in the posting.,greenhouse,2026-08-11T15:52:07+00:00,2026-09-07T17:08:39Z
3ba26653df492c2910946b04dbfa627e,Dropbox,"Director, Sales Compensation",Remote - Canada: Select locations,https://jobs.dropbox.com/listing/8121672?gh_jid=8121672,12,Heuristic overlap: 2/20 listed skills and 1/6 locations appeared in the posting.,greenhouse,2026-08-11T15:52:10+00:00,2026-09-07T17:08:39Z
189df1c10bf3d4fba5661c87c00ee9fd,Dropbox,Enterprise Context Architect,Remote - Canada: Select locations,https://jobs.dropbox.com/listing/8036650?gh_jid=8036650,5,Heuristic overlap: 0/20 listed skills and 1/6 locations appeared in the posting.,greenhouse,2026-08-03T15:24:36+00:00,2026-09-07T17:08:39Z
1ee7fdc40cc8f8e33e8c97ef45451e11,Dropbox,Enterprise Context Architect,Remote - US: Select locations,https://jobs.dropbox.com/listing/8036649?gh_jid=8036649,5,Heuristic overlap: 0/20 listed skills and 1/6 locations appeared in the posting.,greenhouse,2026-08-03T15:24:35+00:00,2026-09-07T17:08:39Z
7d06e3ee54f43b16aeed7c71350cda7e,Dropbox,"Infrastructure Software Engineer, Metadata Core",Remote - Poland,https://jobs.dropbox.com/listing/7958409?gh_jid=7958409,26,Heuristic overlap: 6/20 listed skills and 1/6 locations appeared in the posting.,greenhouse,2026-08-05T10:31:33+00:00,2026-09-07T17:08:39Z
9c98abfb477c91cf6a1fabe12b9df84f,Dropbox,"Principal, Market & Competitive Intelligence Manager",Remote - Canada: Select locations,https://jobs.dropbox.com/listing/7862213?gh_jid=7862213,16,Heuristic overlap: 3/20 listed skills and 1/6 locations appeared in the posting.,greenhouse,2026-08-17T17:49:57+00:00,2026-09-07T17:08:39Z
6c0ae2b570727744fefa7dd4161924c5,Dropbox,"Principal, Market & Competitive Intelligence Manager",Remote - US: Select locations,https://jobs.dropbox.com/listing/7862212?gh_jid=7862212,16,Heuristic overlap: 3/20 listed skills and 1/6 locations appeared in the posting.,greenhouse,2026-08-17T17:49:58+00:00,2026-09-07T17:08:39Z
65df2879fe92b4bc95b3249769efc5d2,Dropbox,"Program Manager, Customers",Remote - Canada: Select locations,https://jobs.dropbox.com/listing/8177610?gh_jid=8177610,8,Heuristic overlap: 1/20 listed skills and 1/6 locations appeared in the posting.,greenhouse,2026-09-04T13:34:24+00:00,2026-09-07T17:08:39Z
b8563a2f541ffcf09c4557b188f2e98e,Dropbox,"Program Manager, Customers",Remote - US: Select locations,https://jobs.dropbox.com/listing/8177609?gh_jid=8177609,8,Heuristic overlap: 1/20 listed skills and 1/6 locations appeared in the posting.,greenhouse,2026-09-04T13:34:22+00:00,2026-09-07T17:08:39Z
5456081d96aebe95e8424f82bb423fc9,Dropbox,"Program Manager, Workforce Planning",Remote - Canada: Select locations,https://jobs.dropbox.com/listing/8092225?gh_jid=8092225,12,Heuristic overlap: 2/20 listed skills and 1/6 locations appeared in the posting.,greenhouse,2026-07-31T15:14:44+00:00,2026-09-07T17:08:39Z
8fde8d98c2050d6faa7fc6fa22792e4c,Dropbox,"Program Manager, Workforce Planning",Remote - US: Select locations,https://jobs.dropbox.com/listing/8092224?gh_jid=8092224,12,Heuristic overlap: 2/20 listed skills and 1/6 locations appeared in the posting.,greenhouse,2026-07-31T15:14:45+00:00,2026-09-07T17:08:39Z
8ed974ed6e2ff850437e52c711fdeda2,Dropbox,Regional Sales Operations Manager - EMEA (Remote),Remote - Ireland; Remote - United Kingdom,https://jobs.dropbox.com/listing/8075216?gh_jid=8075216,8,Heuristic overlap: 1/20 listed skills and 1/6 locations appeared in the posting.,greenhouse,2026-07-27T11:07:44+00:00,2026-09-07T17:08:39Z
d43a964becf699286ae599aa4c40a460,Dropbox,Regional Sales Strategy & Operations Manager - APJ (Remote),Remote - Japan,https://jobs.dropbox.com/listing/8075225?gh_jid=8075225,8,Heuristic overlap: 1/20 listed skills and 1/6 locations appeared in the posting.,greenhouse,2026-07-21T15:23:52+00:00,2026-09-07T17:08:39Z
f990199ee1dcccdf9299c6e68f0adeb3,Dropbox,Renewals Strategy Principal Program Manager,Remote - US: Select locations,https://jobs.dropbox.com/listing/8094537?gh_jid=8094537,12,Heuristic overlap: 2/20 listed skills and 1/6 locations appeared in the posting.,greenhouse,2026-08-20T22:30:37+00:00,2026-09-07T17:08:39Z
b179e374fbd888068753c6eed0105507,Dropbox,Senior Account Based Marketing Manager,Remote - Canada: Select locations,https://jobs.dropbox.com/listing/8096471?gh_jid=8096471,12,Heuristic overlap: 2/20 listed skills and 1/6 locations appeared in the posting.,greenhouse,2026-08-20T13:25:33+00:00,2026-09-07T17:08:39Z
6859ec1cdd94edd8397a871a1a697a6b,Dropbox,Senior Account Based Marketing Manager ,Remote - US: Select locations,https://jobs.dropbox.com/listing/8096470?gh_jid=8096470,12,Heuristic overlap: 2/20 listed skills and 1/6 locations appeared in the posting.,greenhouse,2026-08-20T13:25:31+00:00,2026-09-07T17:08:39Z
042915adff498a9727601b06eebef0b4,Dropbox,Senior Account Executive,Remote - US: Select locations,https://jobs.dropbox.com/listing/8159724?gh_jid=8159724,5,Heuristic overlap: 0/20 listed skills and 1/6 locations appeared in the posting.,greenhouse,2026-09-01T10:18:35+00:00,2026-09-07T17:08:39Z
b56c83fb19297f7c82071f36991ce0b0,Dropbox,Senior Account Executive - LATAM,Remote - US: Select locations,https://jobs.dropbox.com/listing/8159659?gh_jid=8159659,8,Heuristic overlap: 1/20 listed skills and 1/6 locations appeared in the posting.,greenhouse,2026-08-28T14:55:14+00:00,2026-09-07T17:08:39Z
5d5bf52e8b0d97460b21bab8eeb80f69,Dropbox,"Senior Director, Global Tax Reporting",Remote - US: All locations,https://jobs.dropbox.com/listing/8094857?gh_jid=8094857,16,Heuristic overlap: 3/20 listed skills and 1/6 locations appeared in the posting.,greenhouse,2026-08-26T15:36:06+00:00,2026-09-07T17:08:39Z
88367eeefe1fade83e430130bbe42020,Dropbox,Senior Growth Account Executive ,Remote - Ireland; Remote - United Kingdom,https://jobs.dropbox.com/listing/8051403?gh_jid=8051403,8,Heuristic overlap: 1/20 listed skills and 1/6 locations appeared in the posting.,greenhouse,2026-07-16T13:44:42+00:00,2026-09-07T17:08:39Z
934188a78ea5ee5dc1a416a30042ff07,Dropbox,"Senior Manager, Data Engineering",Remote - Canada: Select locations,https://jobs.dropbox.com/listing/8090065?gh_jid=8090065,19,Heuristic overlap: 4/20 listed skills and 1/6 locations appeared in the posting.,greenhouse,2026-08-04T17:49:51+00:00,2026-09-07T17:08:39Z
873a86ed1888a413e268804172143479,Dropbox,"Senior Manager, Data Engineering",Remote - US: Select locations,https://jobs.dropbox.com/listing/8090062?gh_jid=8090062,12,Heuristic overlap: 2/20 listed skills and 1/6 locations appeared in the posting.,greenhouse,2026-07-29T21:04:04+00:00,2026-09-07T17:08:39Z
7cb5c2de6aae5f89a9362ff6bc6bc180,Dropbox,"Senior Partner Marketing Manager, AI & ISV Ecosystem",Remote - Canada: Select locations,https://jobs.dropbox.com/listing/8109600?gh_jid=8109600,12,Heuristic overlap: 2/20 listed skills and 1/6 locations appeared in the posting.,greenhouse,2026-08-31T14:03:57+00:00,2026-09-07T17:08:39Z
820aceef853a20e86c76b40026355626,Dropbox,"Senior Partner Marketing Manager, AI & ISV Ecosystem",Remote - US: Select locations,https://jobs.dropbox.com/listing/8109599?gh_jid=8109599,12,Heuristic overlap: 2/20 listed skills and 1/6 locations appeared in the posting.,greenhouse,2026-08-31T14:03:55+00:00,2026-09-07T17:08:39Z
ad552acb4504922a67d3ea4edc84734f,Dropbox,Software Engineering Intern (Summer 2027),Remote - US: All locations,https://jobs.dropbox.com/listing/8106224?gh_jid=8106224,12,Heuristic overlap: 2/20 listed skills and 1/6 locations appeared in the posting.,greenhouse,2026-09-07T15:06:46+00:00,2026-09-07T17:08:39Z
756aaf9091e232005e27d3b287021bc9,Dropbox,Staff Product Designer,Remote - US: Select locations,https://jobs.dropbox.com/listing/8092712?gh_jid=8092712,12,Heuristic overlap: 2/20 listed skills and 1/6 locations appeared in the posting.,greenhouse,2026-08-03T19:08:27+00:00,2026-09-07T17:08:39Z
287a02897301665f991052651ae5a3a0,Dropbox,Staff Product Designer,Remote - Canada: Select locations,https://jobs.dropbox.com/listing/8092715?gh_jid=8092715,12,Heuristic overlap: 2/20 listed skills and 1/6 locations appeared in the posting.,greenhouse,2026-08-03T19:08:29+00:00,2026-09-07T17:08:39Z
fece3178aeb092b21d4bc48988651a52,Databricks,"Account Executive, Commercial - Hunter","Tokyo, Japan",https://databricks.com/company/careers/open-positions/job?gh_jid=8758263002,0,Heuristic overlap: 0/20 listed skills and 0/6 locations appeared in the posting.,greenhouse,2026-08-27T23:45:30+00:00,2026-09-07T17:08:39Z
935fb370c7022cf20aa8011f6d10352d,Databricks,AI Engineer - FDE (Forward Deployed Engineer),"Munich, Germany",https://databricks.com/company/careers/open-positions/job?gh_jid=8749859002,5,Heuristic overlap: 0/20 listed skills and 1/6 locations appeared in the posting.,greenhouse,2026-08-26T08:18:22+00:00,2026-09-07T17:08:39Z
7c4aae5d2582cbce624c21f29882c91f,Databricks,AI Engineer - FDE (Forward Deployed Engineer),"Amsterdam, Netherlands",https://databricks.com/company/careers/open-positions/job?gh_jid=8747605002,5,Heuristic overlap: 0/20 listed skills and 1/6 locations appeared in the posting.,greenhouse,2026-08-26T08:18:20+00:00,2026-09-07T17:08:39Z
5262cd5ffe509e59bb9dcc0df7cd9f03,Databricks,AI Engineer - FDE (Forward Deployed Engineer) - U.S. Federal Sector,"Maryland; Virginia; Washington, D.C.",https://databricks.com/company/careers/open-positions/job?gh_jid=8760167002,5,Heuristic overlap: 0/20 listed skills and 1/6 locations appeared in the posting.,greenhouse,2026-08-28T14:56:31+00:00,2026-09-07T17:08:39Z
cc6bf8133e96763410b26b83801f3c6c,Databricks,AI Engineer — GTM Analytics,United States,https://databricks.com/company/careers/open-positions/job?gh_jid=8638847002,18,Heuristic overlap: 5/20 listed skills and 0/6 locations appeared in the posting.,greenhouse,2026-07-30T17:59:18+00:00,2026-09-07T17:08:39Z
a8f3b071cbc73f2b9f3487f26435966b,Databricks,"Alliance RVP, Boston Consulting Group (BCG)","Atlanta, Georgia; Boston, Massachusetts; Chicago, Illinois; Dallas, Texas; New York City, New York; San Francisco, California; Seattle, Washington",https://databricks.com/company/careers/open-positions/job?gh_jid=8632401002,8,Heuristic overlap: 1/20 listed skills and 1/6 locations appeared in the posting.,greenhouse,2026-07-15T21:53:21+00:00,2026-09-07T17:08:39Z
2f45c9512fec237e9d244de9609978b8,Databricks,"Alliance RVP, McKinsey","Atlanta, Georgia; Boston, Massachusetts; Chicago, Illinois; Dallas, Texas; New York City, New York; San Francisco, California; Seattle, Washington",https://databricks.com/company/careers/open-positions/job?gh_jid=8632403002,8,Heuristic overlap: 1/20 listed skills and 1/6 locations appeared in the posting.,greenhouse,2026-07-15T22:02:31+00:00,2026-09-07T17:08:39Z
1755fb5af26e7237811c1f04dfc2f973,Databricks,AMER Energy Industry Go-To-Market (GTM) Leader,United States,https://databricks.com/company/careers/open-positions/job?gh_jid=8675320002,7,Heuristic overlap: 2/20 listed skills and 0/6 locations appeared in the posting.,greenhouse,2026-08-04T16:59:17+00:00,2026-09-07T17:08:39Z
961762448e3024b20a185419e3804b59,Databricks,Credit and Collections Manager,"Bengaluru, India",https://databricks.com/company/careers/open-positions/job?gh_jid=8756138002,12,Heuristic overlap: 2/20 listed skills and 1/6 locations appeared in the posting.,greenhouse,2026-08-31T18:35:16+00:00,2026-09-07T17:08:39Z
ed60ad622e24591ba60b67f85263154c,Databricks,Delivery Solutions Architect,"Melbourne, Australia; Queensland, Australia",https://databricks.com/company/careers/open-positions/job?gh_jid=8735820002,3,Heuristic overlap: 1/20 listed skills and 0/6 locations appeared in the posting.,greenhouse,2026-08-31T01:45:15+00:00,2026-09-07T17:08:39Z
ec0cdcc9249e57c47cf01d7a000da47e,Databricks,"	Delivery Solutions Architect - Communications, Media, Entertainment & Games",United States,https://databricks.com/company/careers/open-positions/job?gh_jid=8735569002,7,Heuristic overlap: 2/20 listed skills and 0/6 locations appeared in the posting.,greenhouse,2026-08-21T02:29:17+00:00,2026-09-07T17:08:39Z
36f304eaa251de215bc4aada9d4ca30a,Databricks,Delivery Solutions Architect - Healthcare & Life Sciences,United States,https://databricks.com/company/careers/open-positions/job?gh_jid=8597642002,3,Heuristic overlap: 1/20 listed skills and 0/6 locations appeared in the posting.,greenhouse,2026-08-10T23:59:34+00:00,2026-09-07T17:08:39Z
e9e47329b951f2355a84fb7a1093aafd,Databricks,Delivery Solutions Architect - Oil & Gas,Remote - Texas,https://databricks.com/company/careers/open-positions/job?gh_jid=8687483002,8,Heuristic overlap: 1/20 listed skills and 1/6 locations appeared in the posting.,greenhouse,2026-08-06T17:24:09+00:00,2026-09-07T17:08:39Z
1072be5bb20618e6b1e9cacddc02db54,Databricks,Delivery Solutions Architect - Retail,"Denver, Colorado; West Coast - United States",https://databricks.com/company/careers/open-positions/job?gh_jid=8511491002,3,Heuristic overlap: 1/20 listed skills and 0/6 locations appeared in the posting.,greenhouse,2026-08-13T18:24:22+00:00,2026-09-07T17:08:39Z
9e4375b503efa1f86536eea4988fb71f,Databricks,Delivery Solutions Architect - Startups & Emerging Enterprise,Remote - California; Remote - Colorado; Remote - Illinois; Remote - Massachusetts; Remote - New York; Remote - Oregon; Remote - Texas; Remote - Washington,https://databricks.com/company/careers/open-positions/job?gh_jid=8549248002,8,Heuristic overlap: 1/20 listed skills and 1/6 locations appeared in the posting.,greenhouse,2026-07-15T15:53:36+00:00,2026-09-07T17:08:39Z
418f050915c6ac8800aa2ce3cf20ef71,Databricks,Deployment Strategist,India,https://databricks.com/company/careers/open-positions/job?gh_jid=8630011002,3,Heuristic overlap: 1/20 listed skills and 0/6 locations appeared in the posting.,greenhouse,2026-07-28T13:12:25+00:00,2026-09-07T17:08:39Z
f92bccf87fbecb09da28d702ba6f7305,Databricks,Deployment Strategist,Remote - India,https://databricks.com/company/careers/open-positions/job?gh_jid=8637736002,8,Heuristic overlap: 1/20 listed skills and 1/6 locations appeared in the posting.,greenhouse,2026-07-30T08:51:02+00:00,2026-09-07T17:08:39Z
46380137f94e7876259ebc9dbc4ebde0,Databricks,"Director, Alliance",Germany,https://databricks.com/company/careers/open-positions/job?gh_jid=8688832002,12,Heuristic overlap: 2/20 listed skills and 1/6 locations appeared in the posting.,greenhouse,2026-08-24T12:47:15+00:00,2026-09-07T17:08:39Z
71c5826365e6bfbf4435064e4dcc2aea,Databricks,"Director, Americas Field Marketing at Databricks",United States,https://databricks.com/company/careers/open-positions/job?gh_jid=8636157002,10,Heuristic overlap: 3/20 listed skills and 0/6 locations appeared in the posting.,greenhouse,2026-07-16T18:37:25+00:00,2026-09-07T17:08:39Z
7e6b160f55119dbf5941d3f1e5d5d759,Databricks,"Director, Enterprise ",Singapore,https://databricks.com/company/careers/open-positions/job?gh_jid=8603672002,3,Heuristic overlap: 1/20 listed skills and 0/6 locations appeared in the posting.,greenhouse,2026-08-24T06:04:27+00:00,2026-09-07T17:08:39Z
b477ab350e32d55630b1e5006c80c779,Databricks,"Director, Enterprise - Growth","London, United Kingdom",https://databricks.com/company/careers/open-positions/job?gh_jid=8656357002,7,Heuristic overlap: 2/20 listed skills and 0/6 locations appeared in the posting.,greenhouse,2026-07-30T16:08:45+00:00,2026-09-07T17:08:39Z
3085ea63302e21f7c4cbc0c93e8b7c70,Databricks,"Director, Enterprise Sales","Amsterdam, Netherlands",https://databricks.com/company/careers/open-positions/job?gh_jid=8720906002,7,Heuristic overlap: 2/20 listed skills and 0/6 locations appeared in the posting.,greenhouse,2026-08-20T17:27:31+00:00,2026-09-07T17:08:39Z
7d12df1776482af496cd5296ccaa0e63,Databricks,"Director, Field Engineering (CPG & Retail)",United States,https://databricks.com/company/careers/open-positions/job?gh_jid=8693320002,7,Heuristic overlap: 2/20 listed skills and 0/6 locations appeared in the posting.,greenhouse,2026-08-11T02:18:48+00:00,2026-09-07T17:08:39Z
b80aad2681b2db6bf6d9f71bd1f55d96,Databricks,"Director, Field Engineering - Financial Services ","Georgia; Illinois; New York; Texas; Washington, D.C.",https://databricks.com/company/careers/open-positions/job?gh_jid=8628960002,3,Heuristic overlap: 1/20 listed skills and 0/6 locations appeared in the posting.,greenhouse,2026-07-13T13:17:27+00:00,2026-09-07T17:08:39Z
8609ae5167b463810bba138571c2ee45,Databricks,"Director, Global Delivery Excellence",United States,https://databricks.com/company/careers/open-positions/job?gh_jid=8644002002,7,Heuristic overlap: 2/20 listed skills and 0/6 locations appeared in the posting.,greenhouse,2026-07-28T15:25:52+00:00,2026-09-07T17:08:39Z
00e2604c53eb1b55c7afebf2fca51339,Databricks,"Director, Marketing Strategy and AI Transformation",United States,https://databricks.com/company/careers/open-positions/job?gh_jid=8735590002,8,Heuristic overlap: 1/20 listed skills and 1/6 locations appeared in the posting.,greenhouse,2026-08-28T16:38:10+00:00,2026-09-07T17:08:39Z
0beda5c63c1fa166920008e4713e3c34,Databricks,"Director, Paid Media",United States,https://databricks.com/company/careers/open-positions/job?gh_jid=8638631002,3,Heuristic overlap: 1/20 listed skills and 0/6 locations appeared in the posting.,greenhouse,2026-07-21T16:23:57+00:00,2026-09-07T17:08:39Z
88ea16e730d63609dd76502c132ad7ee,Databricks,"Director, People M&A","San Francisco, California",https://databricks.com/company/careers/open-positions/job?gh_jid=8637368002,3,Heuristic overlap: 1/20 listed skills and 0/6 locations appeared in the posting.,greenhouse,2026-07-21T00:47:56+00:00,2026-09-07T17:08:39Z
db5c465f75ab4ca6a0c7158e0ccb4bb0,Databricks,"Director, Web Marketing",United States,https://databricks.com/company/careers/open-positions/job?gh_jid=8638642002,7,Heuristic overlap: 2/20 listed skills and 0/6 locations appeared in the posting.,greenhouse,2026-08-06T18:41:43+00:00,2026-09-07T17:08:39Z
500e3a0647a26aab2116e9971b8c72f6,Databricks,EMEA Sr. Marketing Campaigns Manager - Executive Audiences,"London, United Kingdom",https://databricks.com/company/careers/open-positions/job?gh_jid=8702738002,10,Heuristic overlap: 3/20 listed skills and 0/6 locations appeared in the posting.,greenhouse,2026-08-17T08:53:35+00:00,2026-09-07T17:08:39Z
cb12f6029e8598e51b7f6262ef326874,Databricks,Emerging Enterprise Core Account Executive,"Paris, France",https://databricks.com/company/careers/open-positions/job?gh_jid=8727545002,3,Heuristic overlap: 1/20 listed skills and 0/6 locations appeared in the posting.,greenhouse,2026-08-19T13:48:40+00:00,2026-09-07T17:08:39Z
66e919bc58462602372693f88f61c8a5,Databricks,"Engineering Manager, CustomerLake Profile Agents","New York City, New York",https://databricks.com/company/careers/open-positions/job?gh_jid=8709386002,0,Heuristic overlap: 0/20 listed skills and 0/6 locations appeared in the posting.,greenhouse,2026-08-13T22:11:15+00:00,2026-09-07T17:08:39Z
b11185e129a5623ac3e2d0667bb4d24c,Databricks,Enterprise Account Executive - CMEG ,"Boston, Massachusetts",https://databricks.com/company/careers/open-positions/job?gh_jid=8695183002,5,Heuristic overlap: 0/20 listed skills and 1/6 locations appeared in the posting.,greenhouse,2026-08-12T21:00:56+00:00,2026-09-07T17:08:39Z
2cf936a912e966b607c731038c5b9efb,Databricks,Enterprise Account Executive - Gaming ,Nevada,https://databricks.com/company/careers/open-positions/job?gh_jid=8588516002,5,Heuristic overlap: 0/20 listed skills and 1/6 locations appeared in the posting.,greenhouse,2026-08-24T13:33:54+00:00,2026-09-07T17:08:39Z
0a3f8916efa17fb8a24adbfcbdd7b42d,Databricks,"Enterprise Account Executive, Healthcare",Remote - Massachusetts; Remote - New York; Tennessee,https://databricks.com/company/careers/open-positions/job?gh_jid=8686323002,5,Heuristic overlap: 0/20 listed skills and 1/6 locations appeared in the posting.,greenhouse,2026-08-06T13:42:07+00:00,2026-09-07T17:08:39Z
3d89ccc1b8642d7842c4d5b6525c76d2,Databricks,"Enterprise Account Executive, Nordics","Stockholm, Sweden",https://databricks.com/company/careers/open-positions/job?gh_jid=8736885002,0,Heuristic overlap: 0/20 listed skills and 0/6 locations appeared in the posting.,greenhouse,2026-08-28T16:06:15+00:00,2026-09-07T17:08:39Z
75a886bb228aef32464e9202a641c38a,Databricks,Enterprise Account Executive - QSR,Remote - North Carolina,https://databricks.com/company/careers/open-positions/job?gh_jid=8641388002,5,Heuristic overlap: 0/20 listed skills and 1/6 locations appeared in the posting.,greenhouse,2026-08-26T21:29:09+00:00,2026-09-07T17:08:39Z
6bb83129469d48d89d51e0ec365232ea,Databricks,Enterprise Account Executive - Retail ,Remote - Texas,https://databricks.com/company/careers/open-positions/job?gh_jid=8582321002,5,Heuristic overlap: 0/20 listed skills and 1/6 locations appeared in the posting.,greenhouse,2026-08-31T19:52:44+00:00,2026-09-07T17:08:39Z
66b70c462e993a3a423b1cab1a4fdc28,Databricks,Enterprise Account Executive - Retail ,"London, United Kingdom",https://databricks.com/company/careers/open-positions/job?gh_jid=8622319002,0,Heuristic overlap: 0/20 listed skills and 0/6 locations appeared in the posting.,greenhouse,2026-07-14T10:11:55+00:00,2026-09-07T17:08:39Z
db9b5e17fa4e13df5fc0784a9d54f3eb,Databricks,"Enterprise Account Executive, State and Local","Maryland; Philadelphia, Pennsylvania",https://databricks.com/company/careers/open-positions/job?gh_jid=8631661002,0,Heuristic overlap: 0/20 listed skills and 0/6 locations appeared in the posting.,greenhouse,2026-08-25T12:46:38+00:00,2026-09-07T17:08:39Z
e1cbd694f446f76106f8ef4f0706a8c4,Databricks,Enterprise Account Executive – Utilities,"London, United Kingdom",https://databricks.com/company/careers/open-positions/job?gh_jid=8737171002,0,Heuristic overlap: 0/20 listed skills and 0/6 locations appeared in the posting.,greenhouse,2026-08-26T16:00:18+00:00,2026-09-07T17:08:39Z
f68d107fb6613e5b6b2d360f26680fb2,Databricks,Enterprise Geo Hunter Account Executive - Financial Services,Northeast - United States,https://databricks.com/company/careers/open-positions/job?gh_jid=8770533002,0,Heuristic overlap: 0/20 listed skills and 0/6 locations appeared in the posting.,greenhouse,2026-09-04T05:32:56+00:00,2026-09-07T17:08:39Z
eec3444e87d41aa91d4dc8ad3a8ae6d9,Databricks,"Enterprise Hunter Account Executive, Benelux ","Amsterdam, Netherlands",https://databricks.com/company/careers/open-positions/job?gh_jid=8642499002,0,Heuristic overlap: 0/20 listed skills and 0/6 locations appeared in the posting.,greenhouse,2026-07-29T08:46:59+00:00,2026-09-07T17:08:39Z
a39fbc538acf0242cca8d25d2fb80a89,Databricks,"Event Marketing Manager, 3P & Partner",United States,https://databricks.com/company/careers/open-positions/job?gh_jid=8638637002,7,Heuristic overlap: 2/20 listed skills and 0/6 locations appeared in the posting.,greenhouse,2026-07-21T17:10:10+00:00,2026-09-07T17:08:39Z
23ef6ae44f132d7bed606bcc982e4e01,Databricks,Evergreen - FDE Brazil,Brazil,https://databricks.com/company/careers/open-positions/job?gh_jid=8638732002,7,Heuristic overlap: 2/20 listed skills and 0/6 locations appeared in the posting.,greenhouse,2026-07-17T16:28:37+00:00,2026-09-07T17:08:39Z
aca73ade90441f672439197271172066,Databricks,Executive Assistant,"Belgrade, Serbia",https://databricks.com/company/careers/open-positions/job?gh_jid=8701067002,3,Heuristic overlap: 1/20 listed skills and 0/6 locations appeared in the posting.,greenhouse,2026-08-24T08:50:11+00:00,2026-09-07T17:08:39Z
cd5a0515973fd1bb415b94cb6e62ba99,Databricks,"Executive Assistant, R&D","Belgrade, Serbia",https://databricks.com/company/careers/open-positions/job?gh_jid=8743120002,7,Heuristic overlap: 2/20 listed skills and 0/6 locations appeared in the posting.,greenhouse,2026-09-04T11:36:59+00:00,2026-09-07T17:08:39Z
0fd9f960c2ea2e3ab1f10ec8470f8eaa,Databricks,Field CTO - Public Sector,"Maryland; Virginia; Washington, D.C.",https://databricks.com/company/careers/open-positions/job?gh_jid=8583083002,3,Heuristic overlap: 1/20 listed skills and 0/6 locations appeared in the posting.,greenhouse,2026-07-14T15:00:45+00:00,2026-09-07T17:08:39Z
dac31db1f9333b2f5144bf257e52633b,Databricks,Field Engineering Enablement Leader,United States,https://databricks.com/company/careers/open-positions/job?gh_jid=8701065002,7,Heuristic overlap: 2/20 listed skills and 0/6 locations appeared in the posting.,greenhouse,2026-08-18T20:51:35+00:00,2026-09-07T17:08:39Z
3b3040d5af7cf9782de0518c517875ae,Databricks,"Field Engineering Manager, Specialist Solutions Architects - Nordics",Sweden,https://databricks.com/company/careers/open-positions/job?gh_jid=8677627002,3,Heuristic overlap: 1/20 listed skills and 0/6 locations appeared in the posting.,greenhouse,2026-08-07T15:43:37+00:00,2026-09-07T17:08:39Z
bb1e0e774439232b585794b8f36e1cfa,Databricks,"Field Marketing Manager, Mexico",Mexico City,https://databricks.com/company/careers/open-positions/job?gh_jid=8641466002,10,Heuristic overlap: 3/20 listed skills and 0/6 locations appeared in the posting.,greenhouse,2026-08-03T19:23:46+00:00,2026-09-07T17:08:39Z
b6e8a0f7be87c8f108d45f66458f4539,Databricks,Forward Deployed Engineer,"Berlin, Germany; Munich, Germany",https://databricks.com/company/careers/open-positions/job?gh_jid=8648494002,7,Heuristic overlap: 2/20 listed skills and 0/6 locations appeared in the posting.,greenhouse,2026-08-24T08:39:05+00:00,2026-09-07T17:08:39Z
8bea6ab2e55a66c686dcee6419a02491,Databricks,Forward Deployed Engineer (FDE) - Public Sector,United States,https://databricks.com/company/careers/open-positions/job?gh_jid=8611108002,7,Heuristic overlap: 2/20 listed skills and 0/6 locations appeared in the posting.,greenhouse,2026-07-23T20:18:50+00:00,2026-09-07T17:08:39Z
5da58fbde011871b30a1b974272640d3,Databricks,Forward Deployed Engineering - Senior Architect,"London, United Kingdom",https://databricks.com/company/careers/open-positions/job?gh_jid=8656202002,7,Heuristic overlap: 2/20 listed skills and 0/6 locations appeared in the posting.,greenhouse,2026-07-30T08:34:11+00:00,2026-09-07T17:08:39Z
7f7c5aa16ba29c0c4fe78f430fa073c5,Databricks,Full Stack Developer (AI Agents),"Bengaluru, India",https://databricks.com/company/careers/open-positions/job?gh_jid=8632126002,16,Heuristic overlap: 3/20 listed skills and 1/6 locations appeared in the posting.,greenhouse,2026-07-30T06:43:08+00:00,2026-09-07T17:08:39Z
cda1993f8dfca2c0bc170978bf9855d9,Databricks,"Geo Core Account Executive, Central America & Caribbean","Florida, United States",https://databricks.com/company/careers/open-positions/job?gh_jid=8707779002,0,Heuristic overlap: 0/20 listed skills and 0/6 locations appeared in the posting.,greenhouse,2026-08-13T19:06:04+00:00,2026-09-07T17:08:39Z
0a44badbe75869f110fc9306445d5d59,Databricks,Global Cash & Treasury Operations Manager,"Mountain View, California; San Francisco, California",https://databricks.com/company/careers/open-positions/job?gh_jid=8679976002,3,Heuristic overlap: 1/20 listed skills and 0/6 locations appeared in the posting.,greenhouse,2026-08-27T20:05:12+00:00,2026-09-07T17:08:39Z
7c2cca8d434832fce5e48da86434d057,Databricks,"Global Senior Workplace Manager, Food and Beverage","San Francisco, California",https://databricks.com/company/careers/open-positions/job?gh_jid=8603394002,7,Heuristic overlap: 2/20 listed skills and 0/6 locations appeared in the posting.,greenhouse,2026-09-03T22:33:18+00:00,2026-09-07T17:08:39Z
aed700d8491cc53d0ac87f9cba979166,Databricks,"Global Workplace Services Manager, Events & Experiences","San Francisco, California",https://databricks.com/company/careers/open-positions/job?gh_jid=8603392002,7,Heuristic overlap: 2/20 listed skills and 0/6 locations appeared in the posting.,greenhouse,2026-09-03T16:58:14+00:00,2026-09-07T17:08:39Z
0b2734b2a9ee3a67eba80495854088f0,Databricks,Infrastructure & Platform Senior Specialist Solutions Engineer,"London, United Kingdom",https://databricks.com/company/careers/open-positions/job?gh_jid=8657553002,10,Heuristic overlap: 3/20 listed skills and 0/6 locations appeared in the posting.,greenhouse,2026-09-03T14:44:42+00:00,2026-09-07T17:08:39Z
643f8d2be684eb9e923ad4fb19e93070,Databricks,Infrastructure & Platform Specialist Solutions Architect (SSA) ,"London, United Kingdom",https://databricks.com/company/careers/open-positions/job?gh_jid=8642617002,10,Heuristic overlap: 3/20 listed skills and 0/6 locations appeared in the posting.,greenhouse,2026-07-24T17:00:13+00:00,2026-09-07T17:08:39Z
bc1ebdd453a3bb3209153d194d054e14,Databricks,International Accounts Payable Manager,"Bengaluru, India",https://databricks.com/company/careers/open-positions/job?gh_jid=8717004002,8,Heuristic overlap: 1/20 listed skills and 1/6 locations appeared in the posting.,greenhouse,2026-08-31T19:00:04+00:00,2026-09-07T17:08:39Z
716368c3191fae048677287679e78cbf,Databricks,Lakebase Associate Director- Financial Services,United States,https://databricks.com/company/careers/open-positions/job?gh_jid=8571578002,10,Heuristic overlap: 3/20 listed skills and 0/6 locations appeared in the posting.,greenhouse,2026-08-24T13:11:32+00:00,2026-09-07T17:08:39Z
208fbb8fd06d206356552bff9d83bac2,Databricks,Lakebase Associate Director Specialist-MFG,United States,https://databricks.com/company/careers/open-positions/job?gh_jid=8569498002,10,Heuristic overlap: 3/20 listed skills and 0/6 locations appeared in the posting.,greenhouse,2026-07-31T19:50:36+00:00,2026-09-07T17:08:39Z
51ec0c0b980a9fbf0ab74c15826460e9,Databricks,"Lakebase Sales Specialist, Associate Director (Switzerland, Austria, Eastern Europe)","Zürich, Switzerland",https://databricks.com/company/careers/open-positions/job?gh_jid=8569514002,10,Heuristic overlap: 3/20 listed skills and 0/6 locations appeared in the posting.,greenhouse,2026-08-18T09:58:03+00:00,2026-09-07T17:08:39Z
d9bc36bb16ebc55a8dc1b5ba01351ff8,Databricks,"Lead Engagement Manager, FDE - CMEG","Dallas, Texas; New Jersey; New York",https://databricks.com/company/careers/open-positions/job?gh_jid=8654148002,7,Heuristic overlap: 2/20 listed skills and 0/6 locations appeared in the posting.,greenhouse,2026-08-04T20:16:10+00:00,2026-09-07T17:08:39Z
7d1977d3988ce11cdc4738c500513cea,Databricks,"Lead GTM Enablement & Scale Architect, Product Enablement",United States,https://databricks.com/company/careers/open-positions/job?gh_jid=8644006002,7,Heuristic overlap: 2/20 listed skills and 0/6 locations appeared in the posting.,greenhouse,2026-08-03T15:42:14+00:00,2026-09-07T17:08:39Z
cfc3f177fb448ca88cca656df87d85ce,Databricks,"Manager, Delivery Solutions Architects - Emerging Enterprise",Remote - California; Remote - Colorado; Remote - Illinois; Remote - Massachusetts; Remote - New York; Remote - Oregon; Remote - Pennsylvania; Remote - Texas; Remote - Washington,https://databricks.com/company/careers/open-positions/job?gh_jid=8642263002,12,Heuristic overlap: 2/20 listed skills and 1/6 locations appeared in the posting.,greenhouse,2026-07-30T19:17:41+00:00,2026-09-07T17:08:39Z
d171865ce1a1253682f4046f77089eb1,Databricks,"Manager, Delivery Solutions Architects - Public Sector",Maryland; Remote - Virginia; Remote - Washington D.C.,https://databricks.com/company/careers/open-positions/job?gh_jid=8739519002,5,Heuristic overlap: 0/20 listed skills and 1/6 locations appeared in the posting.,greenhouse,2026-08-26T19:49:58+00:00,2026-09-07T17:08:39Z
14053d8a51a3ecfb1aac4658a594ab61,Databricks,"Manager, Developer Relations - Open Source","San Francisco, California",https://databricks.com/company/careers/open-positions/job?gh_jid=8716189002,7,Heuristic overlap: 2/20 listed skills and 0/6 locations appeared in the posting.,greenhouse,2026-08-14T20:22:43+00:00,2026-09-07T17:08:39Z
bd69bd1a75bc011890d04ddaf76bb766,Databricks,"Manager, Developer Relations - Open Source","Seattle, Washington",https://databricks.com/company/careers/open-positions/job?gh_jid=8716713002,7,Heuristic overlap: 2/20 listed skills and 0/6 locations appeared in the posting.,greenhouse,2026-08-14T20:22:44+00:00,2026-09-07T17:08:39Z
442bc585b4568841ff57f6e350dd606a,Databricks,"Manager, Field Engineering","Sao Paulo, Brazil",https://databricks.com/company/careers/open-positions/job?gh_jid=8589185002,3,Heuristic overlap: 1/20 listed skills and 0/6 locations appeared in the posting.,greenhouse,2026-09-03T05:12:17+00:00,2026-09-07T17:08:39Z
8aab5f361c3ac1cb418bf29977350a13,Databricks,"Manager, Forward Deployed Engineering","Tokyo, Japan",https://databricks.com/company/careers/open-positions/job?gh_jid=8535419002,10,Heuristic overlap: 3/20 listed skills and 0/6 locations appeared in the posting.,greenhouse,2026-07-28T02:40:05+00:00,2026-09-07T17:08:39Z
5dd27c5bbc631ac382b7d185741640ad,Databricks,"Manager, Forward Deployed Engineering",Singapore,https://databricks.com/company/careers/open-positions/job?gh_jid=8629997002,3,Heuristic overlap: 1/20 listed skills and 0/6 locations appeared in the posting.,greenhouse,2026-07-15T03:18:53+00:00,2026-09-07T17:08:39Z
788eb473ed45c870f33cb9e997ce479f,Databricks,"Manager, Technical Solutions Spark","Bengaluru, India",https://databricks.com/company/careers/open-positions/job?gh_jid=8619213002,8,Heuristic overlap: 1/20 listed skills and 1/6 locations appeared in the posting.,greenhouse,2026-09-02T03:37:03+00:00,2026-09-07T17:08:39Z
769210656c89d5df9c4d8e48535301d8,Databricks,Named Core Account Executive,"Calgary, Canada; Vancouver, Canada",https://databricks.com/company/careers/open-positions/job?gh_jid=8652588002,0,Heuristic overlap: 0/20 listed skills and 0/6 locations appeared in the posting.,greenhouse,2026-08-27T03:13:43+00:00,2026-09-07T17:08:39Z
a4b342cb698dcae3e9c90a9d8a33dcbb,Databricks,Named Core Account Executive ,"Calgary, Canada; Vancouver, Canada",https://databricks.com/company/careers/open-positions/job?gh_jid=8693555002,0,Heuristic overlap: 0/20 listed skills and 0/6 locations appeared in the posting.,greenhouse,2026-08-14T19:38:46+00:00,2026-09-07T17:08:39Z
898e24c241e3e9ca964c829512bae190,Databricks,Named Core Account Executive-Manufacturing ,"Boston, Massachusetts; Kentucky; United States",https://databricks.com/company/careers/open-positions/job?gh_jid=8770524002,5,Heuristic overlap: 0/20 listed skills and 1/6 locations appeared in the posting.,greenhouse,2026-09-01T20:24:21+00:00,2026-09-07T17:08:39Z
1094e52cf76944ca56a226436aba97c6,Databricks,Named Core Account Executive (Public Sector),Singapore,https://databricks.com/company/careers/open-positions/job?gh_jid=8537058002,0,Heuristic overlap: 0/20 listed skills and 0/6 locations appeared in the posting.,greenhouse,2026-08-04T07:33:17+00:00,2026-09-07T17:08:39Z
75c5018118a6116a530ee31203d42dcc,Databricks,Named Core Account Executive - Retail,"Munich, Germany",https://databricks.com/company/careers/open-positions/job?gh_jid=8700402002,0,Heuristic overlap: 0/20 listed skills and 0/6 locations appeared in the posting.,greenhouse,2026-09-07T10:35:46+00:00,2026-09-07T17:08:39Z
5e8460c1a05476bfbf1f789f509ab6f7,Databricks,Named Enterprise Account Executive,"Stockholm, Sweden",https://databricks.com/company/careers/open-positions/job?gh_jid=8536436002,0,Heuristic overlap: 0/20 listed skills and 0/6 locations appeared in the posting.,greenhouse,2026-08-18T15:05:18+00:00,2026-09-07T17:08:39Z
deec6cc7cc7d3c38b69d653ff7c2dc7d,Databricks,"Named Enterprise Account Executive, Financial Services","Milan, Italy",https://databricks.com/company/careers/open-positions/job?gh_jid=8660983002,0,Heuristic overlap: 0/20 listed skills and 0/6 locations appeared in the posting.,greenhouse,2026-08-04T13:51:04+00:00,2026-09-07T17:08:39Z
d18c708838942da873599519fa9ba8fe,Databricks,P2P Data & Automation Analyst,"San Francisco, California",https://databricks.com/company/careers/open-positions/job?gh_jid=8633071002,7,Heuristic overlap: 2/20 listed skills and 0/6 locations appeared in the posting.,greenhouse,2026-08-03T19:42:27+00:00,2026-09-07T17:08:39Z
5d19efaa9cf1f65c45358498232c126c,Databricks,Partner Enablement Operations Manager,"Bengaluru, India; Mumbai, India",https://databricks.com/company/careers/open-positions/job?gh_jid=8644000002,12,Heuristic overlap: 2/20 listed skills and 1/6 locations appeared in the posting.,greenhouse,2026-08-04T14:43:57+00:00,2026-09-07T17:08:39Z
e81b59d9c17f75231ce9848ac9130ffb,Databricks,"Partner Engineer: Partner Intelligence, AI & Apps","San Francisco, California",https://databricks.com/company/careers/open-positions/job?gh_jid=8643542002,3,Heuristic overlap: 1/20 listed skills and 0/6 locations appeared in the posting.,greenhouse,2026-07-22T23:17:24+00:00,2026-09-07T17:08:39Z
c1ee7e8c21251e2e1f3cfd3297acda2c,Databricks,"Partner Sales Director, Manufacturing & Energy",United States,https://databricks.com/company/careers/open-positions/job?gh_jid=8639997002,3,Heuristic overlap: 1/20 listed skills and 0/6 locations appeared in the posting.,greenhouse,2026-07-28T23:13:03+00:00,2026-09-07T17:08:39Z
c5e0ef20366962ae5e8fdb5f457be936,Databricks,Partner Sales & Pre-sales Enablement Lead,United States,https://databricks.com/company/careers/open-positions/job?gh_jid=8643998002,7,Heuristic overlap: 2/20 listed skills and 0/6 locations appeared in the posting.,greenhouse,2026-07-27T14:27:54+00:00,2026-09-07T17:08:39Z
36ab046b512e7a6adebc6a7fab1b57a8,Databricks, Partner Solutions Architect ,"Tokyo, Japan",https://databricks.com/company/careers/open-positions/job?gh_jid=8785221002,3,Heuristic overlap: 1/20 listed skills and 0/6 locations appeared in the posting.,greenhouse,2026-09-07T11:10:07+00:00,2026-09-07T17:08:39Z
cdadfaefbd61013bd094a3bf983feff4,Databricks,Payroll Tax Manager,"Mountain View, California; San Francisco, California",https://databricks.com/company/careers/open-positions/job?gh_jid=8604587002,7,Heuristic overlap: 2/20 listed skills and 0/6 locations appeared in the posting.,greenhouse,2026-07-31T01:05:41+00:00,2026-09-07T17:08:39Z
4edb8fece4a28109065efd38b81db9bb,Databricks,Pre-sales Engineering Manager (Retail & CPG),"London, United Kingdom",https://databricks.com/company/careers/open-positions/job?gh_jid=8686919002,3,Heuristic overlap: 1/20 listed skills and 0/6 locations appeared in the posting.,greenhouse,2026-08-12T15:05:51+00:00,2026-09-07T17:08:39Z
cbfc7e4e85b69aaac636e003b18c1d8b,Databricks,"Principal Event Marketing Manager, Data + AI World Tour",United States,https://databricks.com/company/careers/open-positions/job?gh_jid=8638646002,7,Heuristic overlap: 2/20 listed skills and 0/6 locations appeared in the posting.,greenhouse,2026-08-03T16:09:54+00:00,2026-09-07T17:08:39Z
c33c979f874511153c51a8bea0a7999a,Databricks,"Procurement Operations Leader, Buy Desk ","San Francisco, California",https://databricks.com/company/careers/open-positions/job?gh_jid=8304676002,3,Heuristic overlap: 1/20 listed skills and 0/6 locations appeared in the posting.,greenhouse,2026-07-30T21:20:11+00:00,2026-09-07T17:08:39Z
bb8c97a3f61f41aee7040fc8052861f5,Databricks,Product Operations Manager,Costa Rica,https://databricks.com/company/careers/open-positions/job?gh_jid=8720202002,10,Heuristic overlap: 3/20 listed skills and 0/6 locations appeared in the posting.,greenhouse,2026-08-24T20:53:04+00:00,2026-09-07T17:08:39Z
fbab33347cfa71c2c07cdf2fd373c49f,Databricks,Product Specialist - Gen AI  (Sr. Specialist Solutions Architect) ,"Amsterdam, Netherlands",https://databricks.com/company/careers/open-positions/job?gh_jid=8750467002,10,Heuristic overlap: 3/20 listed skills and 0/6 locations appeared in the posting.,greenhouse,2026-08-26T13:28:27+00:00,2026-09-07T17:08:39Z
cf9b1642a918d4f3df4fdf83ec508cec,Databricks,Product Specialist - Gen AI  (Sr. Specialist Solutions Architect) ,"Paris, France",https://databricks.com/company/careers/open-positions/job?gh_jid=8746260002,10,Heuristic overlap: 3/20 listed skills and 0/6 locations appeared in the posting.,greenhouse,2026-08-26T13:24:00+00:00,2026-09-07T17:08:39Z
8f78f9dd732960908b7ed4f2f6829ef3,Databricks,Recruiter (Contract),Singapore,https://databricks.com/company/careers/open-positions/job?gh_jid=8729618002,3,Heuristic overlap: 1/20 listed skills and 0/6 locations appeared in the posting.,greenhouse,2026-08-19T12:42:50+00:00,2026-09-07T17:08:39Z
e5ea5fa0c565b0a30157265299d60164,Databricks,"Recruiter, GTM & Field Engineering","London, United Kingdom",https://databricks.com/company/careers/open-positions/job?gh_jid=8771700002,3,Heuristic overlap: 1/20 listed skills and 0/6 locations appeared in the posting.,greenhouse,2026-09-04T16:50:44+00:00,2026-09-07T17:08:39Z
9eb1516e25a3c2a85b50635990a0fc10,Databricks,"Sales Leader, Hunter VC-Backed Startups","San Francisco, California",https://databricks.com/company/careers/open-positions/job?gh_jid=8614178002,7,Heuristic overlap: 2/20 listed skills and 0/6 locations appeared in the posting.,greenhouse,2026-08-27T17:24:21+00:00,2026-09-07T17:08:39Z
8d21a7682ae15e85978f518e3672bcc7,Databricks,"Sales Leader, VC-Backed Startups","San Francisco, California",https://databricks.com/company/careers/open-positions/job?gh_jid=8738676002,7,Heuristic overlap: 2/20 listed skills and 0/6 locations appeared in the posting.,greenhouse,2026-08-27T15:19:34+00:00,2026-09-07T17:08:39Z
189854d1613f846dc4c2f09d737a5fc4,Databricks,"SAP Consolidations Manager, International Accounting","Bengaluru, India",https://databricks.com/company/careers/open-positions/job?gh_jid=8688875002,13,Heuristic overlap: 1/20 listed skills and 2/6 locations appeared in the posting.,greenhouse,2026-08-29T18:25:05+00:00,2026-09-07T17:08:39Z
2e57082a88bcd7075e4ea1d6aa696889,Databricks,SAP Functional SME,"Bengaluru, India",https://databricks.com/company/careers/open-positions/job?gh_jid=8688851002,8,Heuristic overlap: 1/20 listed skills and 1/6 locations appeared in the posting.,greenhouse,2026-08-25T19:42:19+00:00,2026-09-07T17:08:39Z
88a468781cb53da3d8dd4254ed37d4c7,Databricks,SAP Functional SME,"Mountain View, California",https://databricks.com/company/careers/open-positions/job?gh_jid=8679970002,3,Heuristic overlap: 1/20 listed skills and 0/6 locations appeared in the posting.,greenhouse,2026-08-10T02:33:09+00:00,2026-09-07T17:08:39Z
69734e7bb116790f9f81854f02360371,Databricks,SAP Technical Lead,"Mountain View, California",https://databricks.com/company/careers/open-positions/job?gh_jid=8679972002,7,Heuristic overlap: 2/20 listed skills and 0/6 locations appeared in the posting.,greenhouse,2026-09-01T20:02:26+00:00,2026-09-07T17:08:39Z
82a78b1b8ffa2590ba42c6788ccc2aad,Databricks,Scale Sales Enablement Lead,United States,https://databricks.com/company/careers/open-positions/job?gh_jid=8548500002,7,Heuristic overlap: 2/20 listed skills and 0/6 locations appeared in the posting.,greenhouse,2026-08-18T12:16:58+00:00,2026-09-07T17:08:39Z
6a7e4f43c6ec1813259c9e5c13802afa,Databricks,Senior AI Engineer - FDE (Forward Deployed Engineer),"Tokyo, Japan",https://databricks.com/company/careers/open-positions/job?gh_jid=8569392002,0,Heuristic overlap: 0/20 listed skills and 0/6 locations appeared in the posting.,greenhouse,2026-08-03T12:53:32+00:00,2026-09-07T17:08:39Z
1925991dcbbb9b48e5d8f4cbf2c9b6ed,Databricks,Senior Applied ML Engineer - ML4Sys ,"San Francisco, California",https://databricks.com/company/careers/open-positions/job?gh_jid=8656900002,3,Heuristic overlap: 1/20 listed skills and 0/6 locations appeared in the posting.,greenhouse,2026-08-03T16:11:51+00:00,2026-09-07T17:08:39Z
49ef33277f1849adbb4d82a728017b2a,Databricks,Senior Designated Support Engineer,"Sydney, Australia",https://databricks.com/company/careers/open-positions/job?gh_jid=8740680002,14,Heuristic overlap: 4/20 listed skills and 0/6 locations appeared in the posting.,greenhouse,2026-08-22T16:47:59+00:00,2026-09-07T17:08:39Z
1f19247bf4e4d57e116b4aaeecfe031d,Databricks,"Senior Director, Alliance",EMEA,https://databricks.com/company/careers/open-positions/job?gh_jid=8688840002,7,Heuristic overlap: 2/20 listed skills and 0/6 locations appeared in the posting.,greenhouse,2026-08-26T10:32:26+00:00,2026-09-07T17:08:39Z
4b06b0e5b2beda86ce4e0aba531b2742,Databricks,Senior Engineering Manager for Self-Serve (Learning),"Mountain View, California",https://databricks.com/company/careers/open-positions/job?gh_jid=7987657002,3,Heuristic overlap: 1/20 listed skills and 0/6 locations appeared in the posting.,greenhouse,2026-08-21T23:19:12+00:00,2026-09-07T17:08:39Z
493686b276577da8f56663d087289f82,Databricks,Senior Forward Deployed Engineer,"Bengaluru, India",https://databricks.com/company/careers/open-positions/job?gh_jid=8629999002,12,Heuristic overlap: 2/20 listed skills and 1/6 locations appeared in the posting.,greenhouse,2026-08-21T09:50:35+00:00,2026-09-07T17:08:39Z
6a522e0cad5501eda213db7fc254bd25,Databricks,"Senior Fullstack Software Engineer - Enterprise Configuration & Administration, CustomerLake","New York City, New York",https://databricks.com/company/careers/open-positions/job?gh_jid=8715639002,10,Heuristic overlap: 3/20 listed skills and 0/6 locations appeared in the posting.,greenhouse,2026-08-14T15:45:21+00:00,2026-09-07T17:08:39Z
21b915c6de2474bc49cb61369e008fa3,Databricks,Senior Go-To-Market (GTM) Analytics Engineer (AI & Pipelines),"Belgrade, Serbia",https://databricks.com/company/careers/open-positions/job?gh_jid=8638849002,7,Heuristic overlap: 2/20 listed skills and 0/6 locations appeared in the posting.,greenhouse,2026-08-03T15:18:49+00:00,2026-09-07T17:08:39Z
2d052d4d87f313b045217adcea16b7c9,Databricks,Senior SAP Developer,"Bengaluru, India",https://databricks.com/company/careers/open-positions/job?gh_jid=8679980002,8,Heuristic overlap: 1/20 listed skills and 1/6 locations appeared in the posting.,greenhouse,2026-08-10T02:29:46+00:00,2026-09-07T17:08:39Z
4ab7c9dfc3b0794221ec69c6c5b9d4dd,Databricks,"Senior Software Engineer, AI Native Web Platform","Mountain View, California",https://databricks.com/company/careers/open-positions/job?gh_jid=8635216002,0,Heuristic overlap: 0/20 listed skills and 0/6 locations appeared in the posting.,greenhouse,2026-07-15T20:33:01+00:00,2026-09-07T17:08:39Z
111597aec028f1e9fa366f7d07bfcf3c,Databricks,Senior Solutions Architect,"Mumbai, India",https://databricks.com/company/careers/open-positions/job?gh_jid=8620637002,7,Heuristic overlap: 2/20 listed skills and 0/6 locations appeared in the posting.,greenhouse,2026-08-12T05:04:57+00:00,2026-09-07T17:08:39Z
2b338e607d483137a8c1eabf49563ffa,Databricks,Senior Solutions Architect,Central - United States; Northeast - United States; Southeast - United States,https://databricks.com/company/careers/open-positions/job?gh_jid=8567957002,7,Heuristic overlap: 2/20 listed skills and 0/6 locations appeared in the posting.,greenhouse,2026-07-28T16:17:11+00:00,2026-09-07T17:08:39Z
cb97c7ac3f09fb48ce08cde6ac1f642a,Databricks,Senior Solutions Architect,"Bengaluru, India",https://databricks.com/company/careers/open-positions/job?gh_jid=8661245002,12,Heuristic overlap: 2/20 listed skills and 1/6 locations appeared in the posting.,greenhouse,2026-08-11T02:53:05+00:00,2026-09-07T17:08:39Z
cb97c7ac3f09fb48ce08cde6ac1f642a,Databricks,Senior Solutions Architect,"Bengaluru, India",https://databricks.com/company/careers/open-positions/job?gh_jid=8652984002,12,Heuristic overlap: 2/20 listed skills and 1/6 locations appeared in the posting.,greenhouse,2026-08-29T06:49:24+00:00,2026-09-07T17:08:39Z
ad6db4d4c6fcf3eccaca844698030622,Databricks,Senior Solutions Architect (EDW Enterprise Data Warehouse Migrations),"London, United Kingdom",https://databricks.com/company/careers/open-positions/job?gh_jid=8704938002,10,Heuristic overlap: 3/20 listed skills and 0/6 locations appeared in the posting.,greenhouse,2026-08-17T07:46:40+00:00,2026-09-07T17:08:39Z
8933e25999f2d2a2eb076b87f2f3c5bb,Databricks,Senior Solutions Architect (EDW Enterprise Data Warehouse Migrations),"Milan, Italy",https://databricks.com/company/careers/open-positions/job?gh_jid=8720254002,10,Heuristic overlap: 3/20 listed skills and 0/6 locations appeared in the posting.,greenhouse,2026-08-17T07:55:20+00:00,2026-09-07T17:08:39Z
584bc94e799e8f8ec9b1030928ea8827,Databricks,Senior Solutions Architect (EDW Enterprise Data Warehouse Migrations),"Paris, France",https://databricks.com/company/careers/open-positions/job?gh_jid=8720251002,10,Heuristic overlap: 3/20 listed skills and 0/6 locations appeared in the posting.,greenhouse,2026-08-17T07:49:59+00:00,2026-09-07T17:08:39Z
5f7753d2052bc38a82bad20172161700,Databricks,Senior Solutions Architect (EDW Enterprise Data Warehouse Migrations),"Amsterdam, Netherlands",https://databricks.com/company/careers/open-positions/job?gh_jid=8720252002,10,Heuristic overlap: 3/20 listed skills and 0/6 locations appeared in the posting.,greenhouse,2026-08-17T07:49:58+00:00,2026-09-07T17:08:39Z
ec68522dc895e364774c93114d27694b,Databricks,Senior Solutions Architect (EDW Enterprise Data Warehouse Migrations),"Berlin, Germany; Munich, Germany",https://databricks.com/company/careers/open-positions/job?gh_jid=8720253002,10,Heuristic overlap: 3/20 listed skills and 0/6 locations appeared in the posting.,greenhouse,2026-08-17T07:55:20+00:00,2026-09-07T17:08:39Z
c89e6d25333e98610b1933ca9dd53ee0,Databricks,Senior Solutions Engineer,India,https://databricks.com/company/careers/open-positions/job?gh_jid=8747434002,3,Heuristic overlap: 1/20 listed skills and 0/6 locations appeared in the posting.,greenhouse,2026-08-29T07:32:10+00:00,2026-09-07T17:08:39Z
4361e942322eaf42a2ed0116a46264c5,Databricks,Senior Solutions Engineer - Benelux Geo,"Amsterdam, Netherlands",https://databricks.com/company/careers/open-positions/job?gh_jid=8768938002,3,Heuristic overlap: 1/20 listed skills and 0/6 locations appeared in the posting.,greenhouse,2026-09-02T07:39:14+00:00,2026-09-07T17:08:39Z
e8b9d7acf09b1b31ab787d5b618fc8e2,Databricks,"Senior Solutions Engineer (Presales, Technical, Data and AI)","London, United Kingdom",https://databricks.com/company/careers/open-positions/job?gh_jid=8675639002,3,Heuristic overlap: 1/20 listed skills and 0/6 locations appeared in the posting.,greenhouse,2026-08-20T14:47:39+00:00,2026-09-07T17:08:39Z
0ed9c2663d0456331b37e3b9f81f1183,Databricks,Senior Specialist Solutions Architect (AI/ML),"London, United Kingdom",https://databricks.com/company/careers/open-positions/job?gh_jid=8615245002,7,Heuristic overlap: 2/20 listed skills and 0/6 locations appeared in the posting.,greenhouse,2026-07-10T15:46:47+00:00,2026-09-07T17:08:39Z
1cb103299b70ef2df45195ea67a5e11e,Databricks,Senior Specialist Solutions Engineer - Platform Security and Cloud Infrastructure,"Amsterdam, Netherlands",https://databricks.com/company/careers/open-positions/job?gh_jid=8687202002,3,Heuristic overlap: 1/20 listed skills and 0/6 locations appeared in the posting.,greenhouse,2026-08-06T16:20:42+00:00,2026-09-07T17:08:39Z
65c3e63e2114325a2a2dd4bbf6f9da97,Databricks,Software Engineering Intern (2027 Start) - Winter,"Bellevue, Washington; Mountain View, California; San Francisco, California",https://databricks.com/company/careers/open-positions/job?gh_jid=8732364002,7,Heuristic overlap: 2/20 listed skills and 0/6 locations appeared in the posting.,greenhouse,2026-08-20T23:40:25+00:00,2026-09-07T17:08:39Z
716b4d439f56d01e60d71b8d7acda090,Databricks,"Software Engineer, Web Products","Mountain View, California",https://databricks.com/company/careers/open-positions/job?gh_jid=8635225002,0,Heuristic overlap: 0/20 listed skills and 0/6 locations appeared in the posting.,greenhouse,2026-07-15T23:15:33+00:00,2026-09-07T17:08:39Z
cdc3cc69d3e4520d4c7a4d237e34d2af,Databricks,Solutions Architect,Singapore,https://databricks.com/company/careers/open-positions/job?gh_jid=8783421002,7,Heuristic overlap: 2/20 listed skills and 0/6 locations appeared in the posting.,greenhouse,2026-09-04T00:46:57+00:00,2026-09-07T17:08:39Z
bd42bc256489d228e059b68e3788d2cf,Databricks,Solutions Architect,"Pune, India",https://databricks.com/company/careers/open-positions/job?gh_jid=8641892002,16,Heuristic overlap: 3/20 listed skills and 1/6 locations appeared in the posting.,greenhouse,2026-07-23T04:34:18+00:00,2026-09-07T17:08:39Z
c196b7072e85e477fa0b3d9241518ec4,Databricks,Solutions Architect,"San Francisco, California",https://databricks.com/company/careers/open-positions/job?gh_jid=8568031002,12,Heuristic overlap: 2/20 listed skills and 1/6 locations appeared in the posting.,greenhouse,2026-08-26T18:47:55+00:00,2026-09-07T17:08:39Z
cdc3cc69d3e4520d4c7a4d237e34d2af,Databricks,Solutions Architect,Singapore,https://databricks.com/company/careers/open-positions/job?gh_jid=8783431002,7,Heuristic overlap: 2/20 listed skills and 0/6 locations appeared in the posting.,greenhouse,2026-09-04T00:52:32+00:00,2026-09-07T17:08:39Z
aff9c314150cf9cf397ff61503e2d013,Databricks,Solutions Architect,Central - United States,https://databricks.com/company/careers/open-positions/job?gh_jid=8633225002,7,Heuristic overlap: 2/20 listed skills and 0/6 locations appeared in the posting.,greenhouse,2026-07-20T18:38:55+00:00,2026-09-07T17:08:39Z
aff9c314150cf9cf397ff61503e2d013,Databricks,Solutions Architect,Central - United States,https://databricks.com/company/careers/open-positions/job?gh_jid=8633227002,12,Heuristic overlap: 2/20 listed skills and 1/6 locations appeared in the posting.,greenhouse,2026-07-20T19:38:56+00:00,2026-09-07T17:08:39Z
d20c117d8726ceb93f417c007243f27d,Databricks,Solutions Architect,"Auckland, New Zealand",https://databricks.com/company/careers/open-positions/job?gh_jid=8603684002,7,Heuristic overlap: 2/20 listed skills and 0/6 locations appeared in the posting.,greenhouse,2026-07-14T00:30:01+00:00,2026-09-07T17:08:39Z
c0f476beceae9e1ac199f53a10e6ffa0,Databricks,Solutions Architect,"Atlanta, Georgia; Chicago, Illinois",https://databricks.com/company/careers/open-positions/job?gh_jid=8697993002,12,Heuristic overlap: 2/20 listed skills and 1/6 locations appeared in the posting.,greenhouse,2026-09-03T13:09:44+00:00,2026-09-07T17:08:39Z
c0f476beceae9e1ac199f53a10e6ffa0,Databricks,Solutions Architect,"Atlanta, Georgia; Chicago, Illinois",https://databricks.com/company/careers/open-positions/job?gh_jid=8697987002,12,Heuristic overlap: 2/20 listed skills and 1/6 locations appeared in the posting.,greenhouse,2026-08-18T05:56:59+00:00,2026-09-07T17:08:39Z
2d1583df39e764d4fe8e31514ff63f53,Databricks,Solutions Architect - Benelux Fungible,"Amsterdam, Netherlands",https://databricks.com/company/careers/open-positions/job?gh_jid=8746185002,3,Heuristic overlap: 1/20 listed skills and 0/6 locations appeared in the posting.,greenhouse,2026-09-02T17:37:09+00:00,2026-09-07T17:08:39Z
1974ba0fed1681f1b10d7ec3f1a50a1f,Databricks,"Solutions Architect - Communications, Media, Entertainment and Games","Colorado; Denver, Colorado; Remote - Colorado",https://databricks.com/company/careers/open-positions/job?gh_jid=8569633002,19,Heuristic overlap: 4/20 listed skills and 1/6 locations appeared in the posting.,greenhouse,2026-07-27T18:35:57+00:00,2026-09-07T17:08:39Z
b3ff8c4975ece952867e845a2c44983e,Databricks,"Solutions Architect - Communications, Media, Entertainment and Games",Northeast - United States,https://databricks.com/company/careers/open-positions/job?gh_jid=8755474002,7,Heuristic overlap: 2/20 listed skills and 0/6 locations appeared in the posting.,greenhouse,2026-08-27T13:51:10+00:00,2026-09-07T17:08:39Z
e73b90e5704ccdfcc466a685c2a372f0,Databricks,"Solutions Architect - Communications, Media, Entertainment and Games",Remote - Pennsylvania,https://databricks.com/company/careers/open-positions/job?gh_jid=8755482002,12,Heuristic overlap: 2/20 listed skills and 1/6 locations appeared in the posting.,greenhouse,2026-08-27T13:51:05+00:00,2026-09-07T17:08:39Z
a5cba2cb2dc4c08981f1321d01cb46ae,Databricks,"Solutions Architect - Communications, Media, Entertainment and Games",New Jersey,https://databricks.com/company/careers/open-positions/job?gh_jid=8755492002,7,Heuristic overlap: 2/20 listed skills and 0/6 locations appeared in the posting.,greenhouse,2026-08-27T13:51:02+00:00,2026-09-07T17:08:39Z
62b0a784877868d5681e3e73372a8b3e,Databricks,"Solutions Architect - Communications, Media, Entertainment and Games",Remote - New York,https://databricks.com/company/careers/open-positions/job?gh_jid=8755476002,12,Heuristic overlap: 2/20 listed skills and 1/6 locations appeared in the posting.,greenhouse,2026-08-27T13:51:08+00:00,2026-09-07T17:08:39Z
cd1b4253d73d3cb0ee1c5f0201e10ba7,Databricks,Solutions Architect - Core FSI,"Mumbai, India",https://databricks.com/company/careers/open-positions/job?gh_jid=8637781002,7,Heuristic overlap: 2/20 listed skills and 0/6 locations appeared in the posting.,greenhouse,2026-08-05T08:13:47+00:00,2026-09-07T17:08:39Z
399557b980f4781cda1c3b57d5f284f5,Databricks,Solutions Architect - CPG and Manufacturing,"Zürich, Switzerland",https://databricks.com/company/careers/open-positions/job?gh_jid=8755662002,7,Heuristic overlap: 2/20 listed skills and 0/6 locations appeared in the posting.,greenhouse,2026-09-03T16:37:54+00:00,2026-09-07T17:08:39Z
69bf828959831c4a411ebf6d5267f631,Databricks,Solutions Architect - CustomerLake,"Berlin, Germany",https://databricks.com/company/careers/open-positions/job?gh_jid=8785264002,3,Heuristic overlap: 1/20 listed skills and 0/6 locations appeared in the posting.,greenhouse,2026-09-07T12:07:09+00:00,2026-09-07T17:08:39Z
498b48cf5632d0fb33b49ffd65061830,Databricks,"Solutions Architect, CustomerLake ","Munich, Germany",https://databricks.com/company/careers/open-positions/job?gh_jid=8785265002,3,Heuristic overlap: 1/20 listed skills and 0/6 locations appeared in the posting.,greenhouse,2026-09-07T12:07:14+00:00,2026-09-07T17:08:39Z
c0f1457a5675d1b8517d5778b11f3fd8,Databricks,"Solutions Architect, CustomerLake ","Amsterdam, Netherlands",https://databricks.com/company/careers/open-positions/job?gh_jid=8785266002,3,Heuristic overlap: 1/20 listed skills and 0/6 locations appeared in the posting.,greenhouse,2026-09-07T12:08:04+00:00,2026-09-07T17:08:39Z
521910a1380957685f796df443f2c224,Databricks,"Solutions Architect, CustomerLake ","London, United Kingdom",https://databricks.com/company/careers/open-positions/job?gh_jid=8762388002,3,Heuristic overlap: 1/20 listed skills and 0/6 locations appeared in the posting.,greenhouse,2026-09-07T09:22:16+00:00,2026-09-07T17:08:39Z
39a74e069f216f35200f8c8fc93dd4fe,Databricks,"Solutions Architect, CustomerLake ","Paris, France",https://databricks.com/company/careers/open-positions/job?gh_jid=8785263002,3,Heuristic overlap: 1/20 listed skills and 0/6 locations appeared in the posting.,greenhouse,2026-09-07T12:07:11+00:00,2026-09-07T17:08:39Z
1cdd4f680ac9ba32a475d1c1f1740b79,Databricks,"Solutions Architect - Digital Native Business, Named Accounts",Nevada; Remote - California; Remote - Colorado; Remote - Oregon; Remote - Washington,https://databricks.com/company/careers/open-positions/job?gh_jid=8569640002,16,Heuristic overlap: 3/20 listed skills and 1/6 locations appeared in the posting.,greenhouse,2026-08-03T15:56:12+00:00,2026-09-07T17:08:39Z
e9cafb629c4b91fe67d20c9f074257ac,Databricks,"Solutions Architect, EMEA Startups — France","Paris, France",https://databricks.com/company/careers/open-positions/job?gh_jid=8675572002,14,Heuristic overlap: 4/20 listed skills and 0/6 locations appeared in the posting.,greenhouse,2026-08-07T15:03:13+00:00,2026-09-07T17:08:39Z
4eadc085433e570bd91758a97d215fe1,Databricks,Solutions Architect - Financial Services (Banking and Payments) ,"Chicago, Illinois; Dallas, Texas; Denver, Colorado; Los Angeles, California; Portland, Oregon; San Francisco, California; Seattle, Washington",https://databricks.com/company/careers/open-positions/job?gh_jid=8637768002,7,Heuristic overlap: 2/20 listed skills and 0/6 locations appeared in the posting.,greenhouse,2026-07-27T17:28:36+00:00,2026-09-07T17:08:39Z
e1966773cc637abf3745057adbf2cb15,Databricks,Solutions Architect (Genie),"Bengaluru, India; Delhi, India; India; Mumbai, India",https://databricks.com/company/careers/open-positions/job?gh_jid=8657549002,17,Heuristic overlap: 2/20 listed skills and 2/6 locations appeared in the posting.,greenhouse,2026-09-04T02:49:38+00:00,2026-09-07T17:08:39Z
49844209657e5d44f24c3409df9dc101,Databricks,Solutions Architect - Global Telecommunications ,Remote - Texas,https://databricks.com/company/careers/open-positions/job?gh_jid=8755470002,16,Heuristic overlap: 3/20 listed skills and 1/6 locations appeared in the posting.,greenhouse,2026-08-27T13:41:21+00:00,2026-09-07T17:08:39Z
839b607ab4d541541f981a946017741b,Databricks,Solutions Architect Italy,"Milan, Italy",https://databricks.com/company/careers/open-positions/job?gh_jid=8610015002,3,Heuristic overlap: 1/20 listed skills and 0/6 locations appeared in the posting.,greenhouse,2026-09-03T12:04:45+00:00,2026-09-07T17:08:39Z
48b13cd6bda8d5206f9d0aa164f4f224,Databricks,Solutions Architect - Lakebase,"Milan, Italy",https://databricks.com/company/careers/open-positions/job?gh_jid=8568009002,7,Heuristic overlap: 2/20 listed skills and 0/6 locations appeared in the posting.,greenhouse,2026-07-30T12:50:13+00:00,2026-09-07T17:08:39Z
d7462fb5bc5857ccf5f7005131355a78,Databricks,Solutions Architect - Lakebase,"Sao Paulo, Brazil",https://databricks.com/company/careers/open-positions/job?gh_jid=8567993002,7,Heuristic overlap: 2/20 listed skills and 0/6 locations appeared in the posting.,greenhouse,2026-07-20T19:22:57+00:00,2026-09-07T17:08:39Z
3a0d39ca17f0df0cc20ea5bb77984316,Databricks,Solutions Architect - Manufacturing,Remote - Illinois; Remote - Michigan; Remote - New York,https://databricks.com/company/careers/open-positions/job?gh_jid=8661758002,12,Heuristic overlap: 2/20 listed skills and 1/6 locations appeared in the posting.,greenhouse,2026-08-13T18:47:27+00:00,2026-09-07T17:08:39Z
2395a5b7a440ed74601e5a1256068e99,Databricks,Solutions Architect - Media ,"Los Angeles, California",https://databricks.com/company/careers/open-positions/job?gh_jid=8567961002,3,Heuristic overlap: 1/20 listed skills and 0/6 locations appeared in the posting.,greenhouse,2026-08-18T19:53:24+00:00,2026-09-07T17:08:39Z
8b7bd7419a0e5db81964a1c2048faa56,Databricks,"Solutions Architect (Media, Entertainment and Agencies)","London, United Kingdom",https://databricks.com/company/careers/open-positions/job?gh_jid=8733726002,7,Heuristic overlap: 2/20 listed skills and 0/6 locations appeared in the posting.,greenhouse,2026-09-03T09:46:17+00:00,2026-09-07T17:08:39Z
6a0b610416fbb5d8609cf43cd65f6eb0,Databricks,Solutions Architect - Nordics Fungible,"Stockholm, Sweden",https://databricks.com/company/careers/open-positions/job?gh_jid=8778009002,3,Heuristic overlap: 1/20 listed skills and 0/6 locations appeared in the posting.,greenhouse,2026-09-02T17:41:46+00:00,2026-09-07T17:08:39Z
9e692b345ce53baedcc5753562049b4c,Databricks,Solutions Architect (Portuguese Speaking) Madrid Spain,Madrid,https://databricks.com/company/careers/open-positions/job?gh_jid=8675568002,3,Heuristic overlap: 1/20 listed skills and 0/6 locations appeared in the posting.,greenhouse,2026-08-05T19:04:23+00:00,2026-09-07T17:08:39Z
7449e046bd89911372893618d5b5cdfd,Databricks,Solutions Architect (Pre-sales) - Benelux Strategic Accounts,"Amsterdam, Netherlands",https://databricks.com/company/careers/open-positions/job?gh_jid=8733334002,7,Heuristic overlap: 2/20 listed skills and 0/6 locations appeared in the posting.,greenhouse,2026-09-02T17:51:46+00:00,2026-09-07T17:08:39Z
a36718894c9d93191b6cdd1ccc3929b6,Databricks,"Solutions Architect (Presales, Data & AI, Digital Native Business)","London, United Kingdom",https://databricks.com/company/careers/open-positions/job?gh_jid=8768958002,10,Heuristic overlap: 3/20 listed skills and 0/6 locations appeared in the posting.,greenhouse,2026-09-03T09:47:12+00:00,2026-09-07T17:08:39Z
344e7937a3f61b8e03fd2d21253eb4d4,Databricks,Solutions Architect (Pre-sales) - Kansai Region,Japan,https://databricks.com/company/careers/open-positions/job?gh_jid=8437012002,3,Heuristic overlap: 1/20 listed skills and 0/6 locations appeared in the posting.,greenhouse,2026-07-11T13:00:01+00:00,2026-09-07T17:08:39Z
d8dc8717fb9221f82cead31a650b53ca,Databricks,Solutions Architect (Pre-sales) – Manufacturing & Automotive,"Tokyo, Japan",https://databricks.com/company/careers/open-positions/job?gh_jid=8681148002,7,Heuristic overlap: 2/20 listed skills and 0/6 locations appeared in the posting.,greenhouse,2026-08-05T01:11:43+00:00,2026-09-07T17:08:39Z
e5b657b856b73265cd55ef9591e3f8a0,Databricks,Solutions Architect (Pre-sales) - Utilities/Energy,"Tokyo, Japan",https://databricks.com/company/careers/open-positions/job?gh_jid=8657746002,3,Heuristic overlap: 1/20 listed skills and 0/6 locations appeared in the posting.,greenhouse,2026-08-03T11:12:40+00:00,2026-09-07T17:08:39Z
76247d5795be93245c07f28682332680,Databricks,Solutions Architect - Public Sector (SLED),Remote - Texas,https://databricks.com/company/careers/open-positions/job?gh_jid=8633741002,12,Heuristic overlap: 2/20 listed skills and 1/6 locations appeared in the posting.,greenhouse,2026-07-21T16:40:05+00:00,2026-09-07T17:08:39Z
bdb5856f7b1ec686a6eaec481f52cb85,Databricks,Solutions Architect - Strategic High Tech,"Remote - California; San Francisco, California",https://databricks.com/company/careers/open-positions/job?gh_jid=8563159002,16,Heuristic overlap: 3/20 listed skills and 1/6 locations appeared in the posting.,greenhouse,2026-08-19T16:54:03+00:00,2026-09-07T17:08:39Z
e3426e4d57240313294f116c728faacc,Databricks,Solutions Architect - Strat Media ,"San Francisco, California",https://databricks.com/company/careers/open-positions/job?gh_jid=8755460002,7,Heuristic overlap: 2/20 listed skills and 0/6 locations appeared in the posting.,greenhouse,2026-08-27T13:39:12+00:00,2026-09-07T17:08:39Z
30eb34016f2237f787d385a33ec9db58,Databricks,Solutions Architect - Strat Media ,"Los Angeles, California",https://databricks.com/company/careers/open-positions/job?gh_jid=8755463002,7,Heuristic overlap: 2/20 listed skills and 0/6 locations appeared in the posting.,greenhouse,2026-08-27T13:39:20+00:00,2026-09-07T17:08:39Z
8fd18f99e724038718602421c8881b5d,Databricks,Solutions Architect - Strat Media ,"San Diego, California",https://databricks.com/company/careers/open-positions/job?gh_jid=8755466002,7,Heuristic overlap: 2/20 listed skills and 0/6 locations appeared in the posting.,greenhouse,2026-08-27T13:39:22+00:00,2026-09-07T17:08:39Z
11b2d7642d688e95dee36905bcccf35d,Databricks,Solutions Architect - Strat Media ,"Phoenix, Arizona",https://databricks.com/company/careers/open-positions/job?gh_jid=8629113002,7,Heuristic overlap: 2/20 listed skills and 0/6 locations appeared in the posting.,greenhouse,2026-07-13T19:53:58+00:00,2026-09-07T17:08:39Z
04a756d41ab1fedad519ec88b79af25e,Databricks,Solutions Architect - Strat Media ,West Coast - United States,https://databricks.com/company/careers/open-positions/job?gh_jid=8755461002,7,Heuristic overlap: 2/20 listed skills and 0/6 locations appeared in the posting.,greenhouse,2026-08-27T13:39:14+00:00,2026-09-07T17:08:39Z
19aed71ae274355c0b0ecda9a54feb28,Databricks,Solutions Architect - Strat Media ,Remote - California,https://databricks.com/company/careers/open-positions/job?gh_jid=8755462002,12,Heuristic overlap: 2/20 listed skills and 1/6 locations appeared in the posting.,greenhouse,2026-08-27T13:39:17+00:00,2026-09-07T17:08:39Z
9aad67f645d2149c0a8204ff6cdb5b80,Databricks,Specialist Solutions Architect - AI/ML,Central - United States; West Coast - United States,https://databricks.com/company/careers/open-positions/job?gh_jid=8697991002,12,Heuristic overlap: 2/20 listed skills and 1/6 locations appeared in the posting.,greenhouse,2026-08-14T22:28:07+00:00,2026-09-07T17:08:39Z
49fa2597a1fdccf44065d77cd8b81fb0,Databricks,Specialist Solutions Architect - Data Engineering & Warehousing (Digital Native Business) ,United States,https://databricks.com/company/careers/open-positions/job?gh_jid=8761732002,16,Heuristic overlap: 3/20 listed skills and 1/6 locations appeared in the posting.,greenhouse,2026-09-02T03:42:39+00:00,2026-09-07T17:08:39Z
ea8a51ccb4d1ce536f44a7354ce45e49,Databricks,Specialist Solutions Architect - Data Engineering & Warehousing (Financial Services) ,United States,https://databricks.com/company/careers/open-positions/job?gh_jid=8692962002,12,Heuristic overlap: 2/20 listed skills and 1/6 locations appeared in the posting.,greenhouse,2026-08-10T18:20:46+00:00,2026-09-07T17:08:39Z
2335601ac189434d178c49766ee516dc,Databricks,Specialist Solutions Architect - Data Warehousing (Healthcare & Life Sciences),United States,https://databricks.com/company/careers/open-positions/job?gh_jid=8604472002,7,Heuristic overlap: 2/20 listed skills and 0/6 locations appeared in the posting.,greenhouse,2026-08-17T18:29:09+00:00,2026-09-07T17:08:39Z
316f0fd3f447958a2384388b8bde293a,Databricks,Sr. Alliance Director,"San Francisco, California",https://databricks.com/company/careers/open-positions/job?gh_jid=8610773002,0,Heuristic overlap: 0/20 listed skills and 0/6 locations appeared in the posting.,greenhouse,2026-08-13T18:25:10+00:00,2026-09-07T17:08:39Z
7406b6b9cda2ad3ca8590c656fc888bb,Databricks,Sr. Compensation Manager GTM,United States,https://databricks.com/company/careers/open-positions/job?gh_jid=8627549002,7,Heuristic overlap: 2/20 listed skills and 0/6 locations appeared in the posting.,greenhouse,2026-07-15T02:38:37+00:00,2026-09-07T17:08:39Z
e69a176674d543bb763d31b3647bb2f5,Databricks,"Sr. Counsel, Corporate","Bellevue, Washington; Boston, Massachusetts; Chicago, Illinois; Denver, Colorado; Seattle, Washington",https://databricks.com/company/careers/open-positions/job?gh_jid=8569997002,3,Heuristic overlap: 1/20 listed skills and 0/6 locations appeared in the posting.,greenhouse,2026-08-17T22:11:16+00:00,2026-09-07T17:08:39Z
dfbda0c1fe928dfb3fddc924568bfc7e,Databricks,"Sr. Counsel, Privacy Compliance","Bellevue, Washington; Boston, Massachusetts; Chicago, Illinois; Denver, Colorado; Seattle, Washington; Washington, D.C.",https://databricks.com/company/careers/open-positions/job?gh_jid=8645429002,7,Heuristic overlap: 2/20 listed skills and 0/6 locations appeared in the posting.,greenhouse,2026-08-03T16:19:51+00:00,2026-09-07T17:08:39Z
e2d509b978beb08354160cd62e0ebe85,Databricks,Sr. Delivery Solutions Architect,"Tokyo, Japan",https://databricks.com/company/careers/open-positions/job?gh_jid=8583353002,7,Heuristic overlap: 2/20 listed skills and 0/6 locations appeared in the posting.,greenhouse,2026-08-26T10:24:07+00:00,2026-09-07T17:08:39Z
48104c97d159b432bdd76f87399308eb,Databricks,Sr. Delivery Solutions Architect - Digital Native Business,United States,https://databricks.com/company/careers/open-positions/job?gh_jid=8646549002,7,Heuristic overlap: 2/20 listed skills and 0/6 locations appeared in the posting.,greenhouse,2026-08-10T20:05:10+00:00,2026-09-07T17:08:39Z
8430cd745408c2093dd6f53be5ad60c9,Databricks,"Sr. Developer Advocate, AI and Machine Learning","Seattle, Washington",https://databricks.com/company/careers/open-positions/job?gh_jid=8716720002,10,Heuristic overlap: 3/20 listed skills and 0/6 locations appeared in the posting.,greenhouse,2026-08-14T20:29:28+00:00,2026-09-07T17:08:39Z
390e9224757cee6e1e7c157ad80077cd,Databricks,"Sr. Developer Advocate, AI and Machine Learning","San Francisco, California",https://databricks.com/company/careers/open-positions/job?gh_jid=8716192002,10,Heuristic overlap: 3/20 listed skills and 0/6 locations appeared in the posting.,greenhouse,2026-08-14T20:29:27+00:00,2026-09-07T17:08:39Z
77a9ab8372e2667a790892556e52c238,Databricks,"Sr. Developer Advocate, Open Source — Omnigent","San Francisco, California",https://databricks.com/company/careers/open-positions/job?gh_jid=8716187002,18,Heuristic overlap: 5/20 listed skills and 0/6 locations appeared in the posting.,greenhouse,2026-08-14T20:34:16+00:00,2026-09-07T17:08:39Z
bac94235668a31be3449ad9621f82ec3,Databricks,"Sr. Developer Advocate, Open Source — Omnigent","Seattle, Washington",https://databricks.com/company/careers/open-positions/job?gh_jid=8716730002,18,Heuristic overlap: 5/20 listed skills and 0/6 locations appeared in the posting.,greenhouse,2026-08-14T20:34:17+00:00,2026-09-07T17:08:39Z
c9306b56ba82cc518c29faf7ce25d0c0,Databricks,"Sr. Director, Procure to Pay","San Francisco, California",https://databricks.com/company/careers/open-positions/job?gh_jid=8632399002,7,Heuristic overlap: 2/20 listed skills and 0/6 locations appeared in the posting.,greenhouse,2026-07-24T21:52:08+00:00,2026-09-07T17:08:39Z
152a55b3e165a8b65d5af17f0b1d37b6,Databricks,Sr. Emerging Enterprise Core Account Executive,Singapore,https://databricks.com/company/careers/open-positions/job?gh_jid=8644183002,3,Heuristic overlap: 1/20 listed skills and 0/6 locations appeared in the posting.,greenhouse,2026-08-06T02:04:15+00:00,2026-09-07T17:08:39Z
2151216bf4cb0698a97ff897cb3caebd,Databricks,"Sr. Event Marketing Manager, Field Programming",United States,https://databricks.com/company/careers/open-positions/job?gh_jid=8638648002,7,Heuristic overlap: 2/20 listed skills and 0/6 locations appeared in the posting.,greenhouse,2026-07-29T17:12:56+00:00,2026-09-07T17:08:39Z
c6ad47813655ec3c1b6b2dc558f6ea42,Databricks,"Sr. Field Technical Program Manager, FDE",United States,https://databricks.com/company/careers/open-positions/job?gh_jid=8586857002,7,Heuristic overlap: 2/20 listed skills and 0/6 locations appeared in the posting.,greenhouse,2026-08-31T16:43:26+00:00,2026-09-07T17:08:39Z
2a365d92c9de3d2e43815f79e023af3f,Databricks,Sr. Forward Deployed Engineer,Remote - Washington D.C.,https://databricks.com/company/careers/open-positions/job?gh_jid=8739465002,12,Heuristic overlap: 2/20 listed skills and 1/6 locations appeared in the posting.,greenhouse,2026-08-22T00:23:32+00:00,2026-09-07T17:08:39Z
5eeabb3cc13dd60cbb12b572d2161331,Databricks,Sr. Forward Deployed Engineer,"Austin, Texas",https://databricks.com/company/careers/open-positions/job?gh_jid=8657065002,7,Heuristic overlap: 2/20 listed skills and 0/6 locations appeared in the posting.,greenhouse,2026-08-22T00:23:25+00:00,2026-09-07T17:08:39Z
9d5940f7238fb8117bb2b03825d83d67,Databricks,Sr. Forward Deployed Engineer,United States,https://databricks.com/company/careers/open-positions/job?gh_jid=8739484002,7,Heuristic overlap: 2/20 listed skills and 0/6 locations appeared in the posting.,greenhouse,2026-08-22T00:23:39+00:00,2026-09-07T17:08:39Z
089ad1e372812245011c7f8c9d83ab74,Databricks,Sr. Forward Deployed Engineer,"Chicago, Illinois",https://databricks.com/company/careers/open-positions/job?gh_jid=8739458002,7,Heuristic overlap: 2/20 listed skills and 0/6 locations appeared in the posting.,greenhouse,2026-08-22T00:23:27+00:00,2026-09-07T17:08:39Z
fae119eb21ef1e43cd9faf15f40d6e7a,Databricks,Sr. Forward Deployed Engineer,"Stockholm, Sweden",https://databricks.com/company/careers/open-positions/job?gh_jid=8645054002,7,Heuristic overlap: 2/20 listed skills and 0/6 locations appeared in the posting.,greenhouse,2026-07-28T08:57:18+00:00,2026-09-07T17:08:39Z
5ba49e9583ac40c3bc9c7b293a9c328b,Databricks,Sr. Forward Deployed Engineer,"New York City, New York",https://databricks.com/company/careers/open-positions/job?gh_jid=8739462002,7,Heuristic overlap: 2/20 listed skills and 0/6 locations appeared in the posting.,greenhouse,2026-08-22T00:23:29+00:00,2026-09-07T17:08:39Z
8d4e3468a79bf41f8ab3249fff85c85b,Databricks,Sr. Forward Deployed Engineer,"San Francisco, California",https://databricks.com/company/careers/open-positions/job?gh_jid=8739474002,7,Heuristic overlap: 2/20 listed skills and 0/6 locations appeared in the posting.,greenhouse,2026-08-22T00:23:36+00:00,2026-09-07T17:08:39Z
f189f93342228f8b2db17c49d926e354,Databricks,Sr. Forward Deployed Engineer - FDE (Fullstack),"Berlin, Germany; Munich, Germany",https://databricks.com/company/careers/open-positions/job?gh_jid=8645052002,7,Heuristic overlap: 2/20 listed skills and 0/6 locations appeared in the posting.,greenhouse,2026-07-29T10:01:05+00:00,2026-09-07T17:08:39Z
3eafa3558fc42022d4bd6472d6ea58a0,Databricks,Sr. Forward Deployed Engineer (FDE) - Public Sector ,Remote - Virginia; Remote - Washington D.C.,https://databricks.com/company/careers/open-positions/job?gh_jid=8657488002,12,Heuristic overlap: 2/20 listed skills and 1/6 locations appeared in the posting.,greenhouse,2026-08-18T17:23:14+00:00,2026-09-07T17:08:39Z
15af8ae1d37cd8b758d73b4fa97b6729,Databricks,Sr. Forward Deployed Engineer (FDE) - Public Sector ,Delaware; Maryland; Remote - Pennsylvania; Remote - Virginia; Remote - Washington D.C.; West Virginia,https://databricks.com/company/careers/open-positions/job?gh_jid=8423310002,12,Heuristic overlap: 2/20 listed skills and 1/6 locations appeared in the posting.,greenhouse,2026-08-10T17:01:52+00:00,2026-09-07T17:08:39Z
663837e33ea564868289a079d25e2e3d,Databricks,Sr. Forward Deployed Engineer (FDE) - Retail,Remote - California,https://databricks.com/company/careers/open-positions/job?gh_jid=8647677002,12,Heuristic overlap: 2/20 listed skills and 1/6 locations appeared in the posting.,greenhouse,2026-07-23T18:32:25+00:00,2026-09-07T17:08:39Z
be5e5e863d19a9a9c3c598eb87b03775,Databricks,Sr. Forward Deployed Engineer (FDE) - Retail,"Austin, Texas",https://databricks.com/company/careers/open-positions/job?gh_jid=8647668002,7,Heuristic overlap: 2/20 listed skills and 0/6 locations appeared in the posting.,greenhouse,2026-07-23T18:30:31+00:00,2026-09-07T17:08:39Z
5ded03d713050fa7fa6a492bd1892eb2,Databricks,Sr. Forward Deployed Engineer (FDE) - Retail,Northeast - United States; Southeast - United States,https://databricks.com/company/careers/open-positions/job?gh_jid=8643895002,7,Heuristic overlap: 2/20 listed skills and 0/6 locations appeared in the posting.,greenhouse,2026-07-22T15:17:53+00:00,2026-09-07T17:08:39Z
375161d0f78a86c11478f36c9242196b,Databricks,Sr. Forward Deployed Engineer (FDE) - Retail,"Denver, Colorado",https://databricks.com/company/careers/open-positions/job?gh_jid=8647675002,7,Heuristic overlap: 2/20 listed skills and 0/6 locations appeared in the posting.,greenhouse,2026-07-23T18:31:50+00:00,2026-09-07T17:08:39Z
b5c7531ca070a53876aea24002a887ee,Databricks,Sr. Forward Deployed Engineer (FDE) - Retail,"Chicago, Illinois",https://databricks.com/company/careers/open-positions/job?gh_jid=8647669002,7,Heuristic overlap: 2/20 listed skills and 0/6 locations appeared in the posting.,greenhouse,2026-07-23T18:30:57+00:00,2026-09-07T17:08:39Z
168546e4b57492c77d0b67cf7d8a32f8,Databricks,Sr. Forward Deployed Engineer (FDE) - Retail,Central - United States,https://databricks.com/company/careers/open-positions/job?gh_jid=8647667002,7,Heuristic overlap: 2/20 listed skills and 0/6 locations appeared in the posting.,greenhouse,2026-07-23T18:30:03+00:00,2026-09-07T17:08:39Z
63bd35b0dc1c85f64782ee15846ac303,Databricks,Sr. Forward Deployed Engineer (FDE) - Retail,"Dallas, Texas",https://databricks.com/company/careers/open-positions/job?gh_jid=8647670002,7,Heuristic overlap: 2/20 listed skills and 0/6 locations appeared in the posting.,greenhouse,2026-07-23T18:31:23+00:00,2026-09-07T17:08:39Z
f4c666e5ea73a543a78fc9de77f56fd1,Databricks,Sr. Forward Deployed Engineer - National Security,"Boston, Massachusetts; Delaware; Maryland; Remote - California; Remote - New York; Remote - Washington D.C.; Virginia; West Virginia",https://databricks.com/company/careers/open-positions/job?gh_jid=8746374002,12,Heuristic overlap: 2/20 listed skills and 1/6 locations appeared in the posting.,greenhouse,2026-08-25T16:40:33+00:00,2026-09-07T17:08:39Z
32f5055fa32e33c64f8152ba68071277,Databricks,Sr. Forward Deployed Engineer - National Security,United States; USCA,https://databricks.com/company/careers/open-positions/job?gh_jid=8657468002,7,Heuristic overlap: 2/20 listed skills and 0/6 locations appeared in the posting.,greenhouse,2026-08-14T20:47:20+00:00,2026-09-07T17:08:39Z
05293d828b77b50649be995eb6f0f137,Databricks,Sr. Forward Deployed Engineer - Public Sector ,"Berkeley, California; California; Los Angeles, California; San Diego, California",https://databricks.com/company/careers/open-positions/job?gh_jid=8632188002,7,Heuristic overlap: 2/20 listed skills and 0/6 locations appeared in the posting.,greenhouse,2026-07-28T18:14:01+00:00,2026-09-07T17:08:39Z
e6c195c379d7c05aac320e5bde0c68b3,Databricks,"Sr. Industry Marketing Manager, Manufacturing & Supply Chain",United States,https://databricks.com/company/careers/open-positions/job?gh_jid=8702736002,7,Heuristic overlap: 2/20 listed skills and 0/6 locations appeared in the posting.,greenhouse,2026-08-26T14:16:32+00:00,2026-09-07T17:08:39Z
93352a045ebdd76d98b22f043d1ff2a4,Databricks,"Sr. Industry Marketing Manager, Startups",United States,https://databricks.com/company/careers/open-positions/job?gh_jid=8638650002,3,Heuristic overlap: 1/20 listed skills and 0/6 locations appeared in the posting.,greenhouse,2026-08-25T19:25:08+00:00,2026-09-07T17:08:39Z
624f2ed078c71ffd490b8b2b1aca2182,Databricks,"Sr. Legal Counsel, International Public Sector Compliance",Ireland,https://databricks.com/company/careers/open-positions/job?gh_jid=8750820002,0,Heuristic overlap: 0/20 listed skills and 0/6 locations appeared in the posting.,greenhouse,2026-08-28T14:51:29+00:00,2026-09-07T17:08:39Z
c365f71e0ff761baa73f8872fecad9a8,Databricks,"Sr. Manager, Compensation Analytics & Intelligence ",United States,https://databricks.com/company/careers/open-positions/job?gh_jid=8627551002,7,Heuristic overlap: 2/20 listed skills and 0/6 locations appeared in the posting.,greenhouse,2026-07-15T05:58:37+00:00,2026-09-07T17:08:39Z
3c47b89ece6171d6ad9e57f9cfc392bf,Databricks,"Sr. Manager, Field Engineering","Chicago, Illinois; Connecticut; New Jersey; Remote - New York; Remote - Washington D.C.; San Francisco, California",https://databricks.com/company/careers/open-positions/job?gh_jid=8732052002,8,Heuristic overlap: 1/20 listed skills and 1/6 locations appeared in the posting.,greenhouse,2026-08-20T18:31:31+00:00,2026-09-07T17:08:39Z
704d16ba9ab8b8a79366c7f4aa6f3da2,Databricks,"Sr. Manager, Field Engineering","Sydney, Australia",https://databricks.com/company/careers/open-positions/job?gh_jid=8682223002,10,Heuristic overlap: 3/20 listed skills and 0/6 locations appeared in the posting.,greenhouse,2026-08-14T11:57:13+00:00,2026-09-07T17:08:39Z
4929a9d7f3b16dde842140c8e5e650e4,Databricks,"Sr. Manager, Field Engineering","Seoul, South Korea",https://databricks.com/company/careers/open-positions/job?gh_jid=8736179002,3,Heuristic overlap: 1/20 listed skills and 0/6 locations appeared in the posting.,greenhouse,2026-08-25T00:03:58+00:00,2026-09-07T17:08:39Z
c894df8b5b0eb9845a06b9c01f1a0029,Databricks,"Sr. Manager, Field Engineering - Financial Services (Banking and Payments)","Illinois; Massachusetts; New York; Washington, D.C.",https://databricks.com/company/careers/open-positions/job?gh_jid=8568035002,8,Heuristic overlap: 1/20 listed skills and 1/6 locations appeared in the posting.,greenhouse,2026-08-07T00:04:35+00:00,2026-09-07T17:08:39Z
31e50bc1e3a57c683fd18fb871e8d172,Databricks,"Sr. Manager, Field Engineering - Healthcare and Life Sciences (Healthcare Providers)",United States,https://databricks.com/company/careers/open-positions/job?gh_jid=8697989002,3,Heuristic overlap: 1/20 listed skills and 0/6 locations appeared in the posting.,greenhouse,2026-09-04T22:27:19+00:00,2026-09-07T17:08:39Z
cc7ebc39ae978efdca3ae0af28c05b68,Databricks,"Sr. Manager, Field Engineering UAE","Paris, France",https://databricks.com/company/careers/open-positions/job?gh_jid=8764727002,10,Heuristic overlap: 3/20 listed skills and 0/6 locations appeared in the posting.,greenhouse,2026-09-02T18:48:31+00:00,2026-09-07T17:08:39Z
951f4801f28806e78fee1d7ed314245a,Databricks,"Sr. Manager, Field Engineering UAE","Dubai, United Arab Emirates",https://databricks.com/company/careers/open-positions/job?gh_jid=8778929002,10,Heuristic overlap: 3/20 listed skills and 0/6 locations appeared in the posting.,greenhouse,2026-09-02T18:56:57+00:00,2026-09-07T17:08:39Z
093361fa748e3f43e095f33c021e69f4,Databricks,"Sr. Manager, Field Engineering UAE","London, United Kingdom",https://databricks.com/company/careers/open-positions/job?gh_jid=8778848002,10,Heuristic overlap: 3/20 listed skills and 0/6 locations appeared in the posting.,greenhouse,2026-09-02T18:53:23+00:00,2026-09-07T17:08:39Z
50479a2770b49360c722c81aa636431c,Databricks,"Sr. Manager, Finance PMO & Operations (Procure-To-Pay)",West Coast - United States,https://databricks.com/company/careers/open-positions/job?gh_jid=8604596002,10,Heuristic overlap: 3/20 listed skills and 0/6 locations appeared in the posting.,greenhouse,2026-07-10T01:40:14+00:00,2026-09-07T17:08:39Z
a2f778b2b8941307787f3edb57cd4d75,Databricks,"Sr. Manager, Sales Development","Bengaluru, India",https://databricks.com/company/careers/open-positions/job?gh_jid=8741927002,8,Heuristic overlap: 1/20 listed skills and 1/6 locations appeared in the posting.,greenhouse,2026-08-26T06:00:02+00:00,2026-09-07T17:08:39Z
7c02fa2a03aed19e6962013065998fe9,Databricks,Sr Platform Monitoring Engineer,United States,https://databricks.com/company/careers/open-positions/job?gh_jid=8407913002,3,Heuristic overlap: 1/20 listed skills and 0/6 locations appeared in the posting.,greenhouse,2026-08-26T23:32:54+00:00,2026-09-07T17:08:39Z
964402f3a686cc5411b2a5fe8446b024,Databricks,"Sr. Recruiter, GTM & Field Engineering","London, United Kingdom",https://databricks.com/company/careers/open-positions/job?gh_jid=8771706002,3,Heuristic overlap: 1/20 listed skills and 0/6 locations appeared in the posting.,greenhouse,2026-09-04T16:54:43+00:00,2026-09-07T17:08:39Z
121a40d1b27867cf9b714f7833635668,Databricks,Sr Software Engineer- CXI,"Mountain View, California; San Francisco, California",https://databricks.com/company/careers/open-positions/job?gh_jid=8617901002,3,Heuristic overlap: 1/20 listed skills and 0/6 locations appeared in the posting.,greenhouse,2026-07-15T22:24:48+00:00,2026-09-07T17:08:39Z
b3bd5630c64d68c22b1047b4da5d6db1,Databricks,Sr. Solutions Architect,"London, United Kingdom",https://databricks.com/company/careers/open-positions/job?gh_jid=8682362002,7,Heuristic overlap: 2/20 listed skills and 0/6 locations appeared in the posting.,greenhouse,2026-08-10T09:00:51+00:00,2026-09-07T17:08:39Z
304315085f688edae193553a23a07c13,Databricks,Sr. Solutions Architect,"Denver, Colorado",https://databricks.com/company/careers/open-positions/job?gh_jid=8769768002,10,Heuristic overlap: 3/20 listed skills and 0/6 locations appeared in the posting.,greenhouse,2026-09-01T17:10:13+00:00,2026-09-07T17:08:39Z
13b0d31e250081293c889c54228cc464,Databricks,Sr. Solutions Architect,"Chicago, Illinois",https://databricks.com/company/careers/open-positions/job?gh_jid=8769764002,10,Heuristic overlap: 3/20 listed skills and 0/6 locations appeared in the posting.,greenhouse,2026-09-01T17:03:26+00:00,2026-09-07T17:08:39Z
ddfb08b35c24c9cb22359f22fbbb0a55,Databricks,Sr. Solutions Architect,"New York City, New York",https://databricks.com/company/careers/open-positions/job?gh_jid=8769750002,10,Heuristic overlap: 3/20 listed skills and 0/6 locations appeared in the posting.,greenhouse,2026-09-01T17:03:23+00:00,2026-09-07T17:08:39Z
8fd1f86b97c95d9997fe27f690a46c01,Databricks,Sr. Solutions Architect,"San Francisco, California",https://databricks.com/company/careers/open-positions/job?gh_jid=8614977002,10,Heuristic overlap: 3/20 listed skills and 0/6 locations appeared in the posting.,greenhouse,2026-08-13T18:32:41+00:00,2026-09-07T17:08:39Z
fd362eb9256a6f7bc37f6af22488572c,Databricks,Sr. Solutions Architect,"Western Australia, Australia",https://databricks.com/company/careers/open-positions/job?gh_jid=8620285002,7,Heuristic overlap: 2/20 listed skills and 0/6 locations appeared in the posting.,greenhouse,2026-07-27T03:17:45+00:00,2026-09-07T17:08:39Z
693e9327da82c7aaab9dd3cd0487128d,Databricks,Sr. Solutions Architect,Northeast - United States,https://databricks.com/company/careers/open-positions/job?gh_jid=8632383002,7,Heuristic overlap: 2/20 listed skills and 0/6 locations appeared in the posting.,greenhouse,2026-07-21T05:01:52+00:00,2026-09-07T17:08:39Z
f897a1974db68ae9418378f38a14bd02,Databricks,Sr. Solutions Architect,"Milan, Italy",https://databricks.com/company/careers/open-positions/job?gh_jid=8675570002,3,Heuristic overlap: 1/20 listed skills and 0/6 locations appeared in the posting.,greenhouse,2026-09-03T17:00:27+00:00,2026-09-07T17:08:39Z
b6993d208fc7b9dcbc730f530ce4f36e,Databricks,Sr. Solutions Architect - Agencies ,Northeast - United States,https://databricks.com/company/careers/open-positions/job?gh_jid=8758645002,7,Heuristic overlap: 2/20 listed skills and 0/6 locations appeared in the posting.,greenhouse,2026-08-31T15:08:58+00:00,2026-09-07T17:08:39Z
edffbec4e60305b4dbc42999252cba78,Databricks,Sr. Solutions Architect - Automotive,"Munich, Germany",https://databricks.com/company/careers/open-positions/job?gh_jid=8721003002,7,Heuristic overlap: 2/20 listed skills and 0/6 locations appeared in the posting.,greenhouse,2026-09-01T14:49:28+00:00,2026-09-07T17:08:39Z
b30e4ee1c91d53726e538e1b9ba5c79c,Databricks,Sr. Solutions Architect (CustomerLake) ,"Tokyo, Japan",https://databricks.com/company/careers/open-positions/job?gh_jid=8762366002,3,Heuristic overlap: 1/20 listed skills and 0/6 locations appeared in the posting.,greenhouse,2026-09-04T02:25:38+00:00,2026-09-07T17:08:39Z
eee7e86f204f1602061d94cfaf58651f,Databricks,"Sr. Solutions Architect, Customer Lake",United States,https://databricks.com/company/careers/open-positions/job?gh_jid=8762360002,7,Heuristic overlap: 2/20 listed skills and 0/6 locations appeared in the posting.,greenhouse,2026-09-04T00:50:07+00:00,2026-09-07T17:08:39Z
2a2462c9f0eeab539d12e64ba696309a,Databricks,"Sr. Solutions Architect - Digital Native Business, Strategics",Nevada; Remote - California; Remote - Colorado; Remote - Washington,https://databricks.com/company/careers/open-positions/job?gh_jid=8615045002,16,Heuristic overlap: 3/20 listed skills and 1/6 locations appeared in the posting.,greenhouse,2026-07-22T17:45:49+00:00,2026-09-07T17:08:39Z
55726864a15f8d353833ce5b1c7570d1,Databricks,Sr. Solutions Architect - Financial Services (Fintech / Data Providers) ,"Georgia; Massachusetts; New York; North Carolina; Washington, D.C.",https://databricks.com/company/careers/open-positions/job?gh_jid=8567976002,7,Heuristic overlap: 2/20 listed skills and 0/6 locations appeared in the posting.,greenhouse,2026-07-22T14:10:38+00:00,2026-09-07T17:08:39Z
965862569107672cbda4f0ea001fe473,Databricks,Sr. Solutions Architect - Financial Services (Strategic Banking),Georgia; Massachusetts; New York; North Carolina,https://databricks.com/company/careers/open-positions/job?gh_jid=8568013002,7,Heuristic overlap: 2/20 listed skills and 0/6 locations appeared in the posting.,greenhouse,2026-08-03T12:45:21+00:00,2026-09-07T17:08:39Z
b8d9a1bce6f98e645e585c7285eabac8,Databricks,Sr. Solutions Architect - FSI,"Munich, Germany",https://databricks.com/company/careers/open-positions/job?gh_jid=8720999002,7,Heuristic overlap: 2/20 listed skills and 0/6 locations appeared in the posting.,greenhouse,2026-08-28T16:31:48+00:00,2026-09-07T17:08:39Z
b27ab2e6d4cf9aed126b048679c50276,Databricks,Sr. Solutions Architect - Lakebase,"Berlin, Germany; Munich, Germany",https://databricks.com/company/careers/open-positions/job?gh_jid=8567849002,7,Heuristic overlap: 2/20 listed skills and 0/6 locations appeared in the posting.,greenhouse,2026-07-30T19:21:11+00:00,2026-09-07T17:08:39Z
40e1476f163e79d9a48a0a97109268ae,Databricks,Sr. Solutions Architect - Life Sciences,"Munich, Germany",https://databricks.com/company/careers/open-positions/job?gh_jid=8720995002,12,Heuristic overlap: 2/20 listed skills and 1/6 locations appeared in the posting.,greenhouse,2026-09-01T09:26:08+00:00,2026-09-07T17:08:39Z
2e9da046fbdad2722f45dc1ec2b84382,Databricks,Sr. Solutions Architect Madrid Spain,Madrid,https://databricks.com/company/careers/open-positions/job?gh_jid=8641242002,3,Heuristic overlap: 1/20 listed skills and 0/6 locations appeared in the posting.,greenhouse,2026-07-21T19:09:31+00:00,2026-09-07T17:08:39Z
ab5b9bf7085fa62429ac2a54302f5a92,Databricks,Sr. Solutions Architect - Public Sector (Defense Industrial Base),"Delaware; Maryland; Virginia; Washington, D.C.",https://databricks.com/company/careers/open-positions/job?gh_jid=8453645002,7,Heuristic overlap: 2/20 listed skills and 0/6 locations appeared in the posting.,greenhouse,2026-07-27T17:51:34+00:00,2026-09-07T17:08:39Z
944b841ec66ffdc6f53c6b185ae8b458,Databricks,"Sr. Solutions Architect - Retail, Travel & Hospitality ","Charlotte, North Carolina; Raleigh, North Carolina; Remote - North Carolina",https://databricks.com/company/careers/open-positions/job?gh_jid=8607059002,12,Heuristic overlap: 2/20 listed skills and 1/6 locations appeared in the posting.,greenhouse,2026-07-13T18:03:03+00:00,2026-09-07T17:08:39Z
dc74f98cb8214baa51d452fcc208263a,Databricks,Sr. Solutions Architect Saudi Arabia,"Riyadh, Saudi Arabia ",https://databricks.com/company/careers/open-positions/job?gh_jid=8697067002,3,Heuristic overlap: 1/20 listed skills and 0/6 locations appeared in the posting.,greenhouse,2026-08-19T08:09:34+00:00,2026-09-07T17:08:39Z
1c7bdc17a0ed322cdb7a169403e1dc32,Databricks,Sr. Solutions Architect - Teleco,"Seattle, Washington",https://databricks.com/company/careers/open-positions/job?gh_jid=8747038002,7,Heuristic overlap: 2/20 listed skills and 0/6 locations appeared in the posting.,greenhouse,2026-08-31T20:26:06+00:00,2026-09-07T17:08:39Z
6317205c35b2b49d39e1b2ab458e16bc,Databricks,Sr. Solutions Engineer,"Sao Paulo, Brazil",https://databricks.com/company/careers/open-positions/job?gh_jid=8589187002,7,Heuristic overlap: 2/20 listed skills and 0/6 locations appeared in the posting.,greenhouse,2026-07-22T14:06:52+00:00,2026-09-07T17:08:39Z
3e80a3f28444a665c6667edd292fb791,Databricks,Sr. Solutions Engineer,Singapore,https://databricks.com/company/careers/open-positions/job?gh_jid=8783430002,3,Heuristic overlap: 1/20 listed skills and 0/6 locations appeared in the posting.,greenhouse,2026-09-04T00:50:03+00:00,2026-09-07T17:08:39Z
51b2b2ca6f4fd13667e665875a329997,Databricks,Sr. Solutions Engineer,"London, United Kingdom",https://databricks.com/company/careers/open-positions/job?gh_jid=8742382002,3,Heuristic overlap: 1/20 listed skills and 0/6 locations appeared in the posting.,greenhouse,2026-08-24T20:03:37+00:00,2026-09-07T17:08:39Z
3e80a3f28444a665c6667edd292fb791,Databricks,Sr. Solutions Engineer,Singapore,https://databricks.com/company/careers/open-positions/job?gh_jid=8783420002,3,Heuristic overlap: 1/20 listed skills and 0/6 locations appeared in the posting.,greenhouse,2026-09-04T00:44:58+00:00,2026-09-07T17:08:39Z
8a46e405011693aea0406bc2eb9dec3a,Databricks,Sr. Solutions Engineer,Mexico City,https://databricks.com/company/careers/open-positions/job?gh_jid=8606312002,7,Heuristic overlap: 2/20 listed skills and 0/6 locations appeared in the posting.,greenhouse,2026-07-22T14:01:18+00:00,2026-09-07T17:08:39Z
656ed7626db776f0b973a3041323287e,Databricks,Sr. Solutions Engineer,"Munich, Germany",https://databricks.com/company/careers/open-positions/job?gh_jid=8721005002,3,Heuristic overlap: 1/20 listed skills and 0/6 locations appeared in the posting.,greenhouse,2026-08-18T09:55:48+00:00,2026-09-07T17:08:39Z
44c3fd2fa72366a76c736b7249e55e59,Databricks,"Sr. Solutions Engineer - Digital Native Business, Named Accounts",Florida; Remote - Massachusetts; Remote - New York; Remote - North Carolina; Remote - Pennsylvania; Remote - Virginia,https://databricks.com/company/careers/open-positions/job?gh_jid=8646516002,16,Heuristic overlap: 3/20 listed skills and 1/6 locations appeared in the posting.,greenhouse,2026-08-03T15:52:41+00:00,2026-09-07T17:08:39Z
c3ab63a7ce557de04703784fb85fc71b,Databricks,Sr. Solutions Engineer - Games,Northeast - United States,https://databricks.com/company/careers/open-positions/job?gh_jid=8727543002,3,Heuristic overlap: 1/20 listed skills and 0/6 locations appeared in the posting.,greenhouse,2026-08-18T19:25:17+00:00,2026-09-07T17:08:39Z
39d43b0729c7c9eee6f0d29b9f9b393e,Databricks,"Sr. Sourcer, Corporate","San Francisco, California",https://databricks.com/company/careers/open-positions/job?gh_jid=8771696002,3,Heuristic overlap: 1/20 listed skills and 0/6 locations appeared in the posting.,greenhouse,2026-09-03T17:29:18+00:00,2026-09-07T17:08:39Z
52e14ec22b82522e48866ebd04ea2d4f,Databricks,Sr. Specialist Solutions Architect,Singapore,https://databricks.com/company/careers/open-positions/job?gh_jid=8762362002,3,Heuristic overlap: 1/20 listed skills and 0/6 locations appeared in the posting.,greenhouse,2026-09-02T09:08:15+00:00,2026-09-07T17:08:39Z
f815d2dbfa44497751d8c732a47a1941,Databricks,Sr. Specialist Solutions Architect,"Melbourne, Australia; Sydney, Australia",https://databricks.com/company/careers/open-positions/job?gh_jid=8625656002,0,Heuristic overlap: 0/20 listed skills and 0/6 locations appeared in the posting.,greenhouse,2026-08-12T06:24:38+00:00,2026-09-07T17:08:39Z
fe74e1a3246dd40f5e0619c0cfe8b87b,Databricks,"Sr. Staff, Technical Program Management","Mountain View, California",https://databricks.com/company/careers/open-positions/job?gh_jid=8661359002,14,Heuristic overlap: 4/20 listed skills and 0/6 locations appeared in the posting.,greenhouse,2026-07-31T17:47:30+00:00,2026-09-07T17:08:39Z
a9bd276f95be38fa735188f59c67471f,Databricks,Sr. Technical Solutions Engineer - Platform (Support),"Tokyo, Japan",https://databricks.com/company/careers/open-positions/job?gh_jid=8337391002,3,Heuristic overlap: 1/20 listed skills and 0/6 locations appeared in the posting.,greenhouse,2026-08-20T04:28:31+00:00,2026-09-07T17:08:39Z
d02ed44aff6d81dcc8e98a52c208fc44,Databricks,Sr. Technology Partner Director - AI Code-Gen & Apps,"Remote - California; San Francisco, California",https://databricks.com/company/careers/open-positions/job?gh_jid=8731212002,12,Heuristic overlap: 2/20 listed skills and 1/6 locations appeared in the posting.,greenhouse,2026-08-20T15:39:23+00:00,2026-09-07T17:08:39Z
569308f4d118b1214913a425d3168919,Databricks,Sr. Video Editor (short-form),"San Francisco, California",https://databricks.com/company/careers/open-positions/job?gh_jid=8638635002,3,Heuristic overlap: 1/20 listed skills and 0/6 locations appeared in the posting.,greenhouse,2026-07-28T23:58:14+00:00,2026-09-07T17:08:39Z
638131ae94f92bd89c3862c74369e9af,Databricks,Staff Designated Support Engineer,"Sydney, Australia",https://databricks.com/company/careers/open-positions/job?gh_jid=8661524002,14,Heuristic overlap: 4/20 listed skills and 0/6 locations appeared in the posting.,greenhouse,2026-08-22T16:40:27+00:00,2026-09-07T17:08:39Z
35c4f6a88d00e79cb1cbe94e0174de25,Databricks,Staff Forward Deployed Engineer,"Berlin, Germany; Munich, Germany",https://databricks.com/company/careers/open-positions/job?gh_jid=8653264002,7,Heuristic overlap: 2/20 listed skills and 0/6 locations appeared in the posting.,greenhouse,2026-09-04T11:03:05+00:00,2026-09-07T17:08:39Z
03575022ca1e282384653fc2d7c3bb3e,Databricks,"Staff Partner Engineer, AI Partnerships","New York City, New York; San Francisco, California",https://databricks.com/company/careers/open-positions/job?gh_jid=8643452002,7,Heuristic overlap: 2/20 listed skills and 0/6 locations appeared in the posting.,greenhouse,2026-07-22T06:51:37+00:00,2026-09-07T17:08:39Z
9c2f6592cbc4f4887ee72506a85b8113,Databricks,"Staff Product Manager, SAP","Mountain View, California; San Francisco, California",https://databricks.com/company/careers/open-positions/job?gh_jid=8679974002,3,Heuristic overlap: 1/20 listed skills and 0/6 locations appeared in the posting.,greenhouse,2026-08-07T18:50:24+00:00,2026-09-07T17:08:39Z
19602c728e43ca06e2ab49c2f3a18c1a,Databricks,Staff Software Engineer - Access Management,"Bellevue, Washington",https://databricks.com/company/careers/open-positions/job?gh_jid=8691490002,3,Heuristic overlap: 1/20 listed skills and 0/6 locations appeared in the posting.,greenhouse,2026-08-07T16:28:56+00:00,2026-09-07T17:08:39Z
8a5d27242579a3874f048258ac91c54f,Databricks,"Staff Software Engineer, Ads Measurement & Orchestration","New York City, New York",https://databricks.com/company/careers/open-positions/job?gh_jid=8760165002,7,Heuristic overlap: 2/20 listed skills and 0/6 locations appeared in the posting.,greenhouse,2026-08-28T14:59:14+00:00,2026-09-07T17:08:39Z
def5db4a06065a0756b9350bd544fd24,Databricks,"Staff Software Engineer, Agentic Applications","Mountain View, California",https://databricks.com/company/careers/open-positions/job?gh_jid=8635182002,0,Heuristic overlap: 0/20 listed skills and 0/6 locations appeared in the posting.,greenhouse,2026-07-15T20:27:03+00:00,2026-09-07T17:08:39Z
bd5212d9ee83afd521ba11ce74052723,Databricks,"Staff Software Engineer, AI Native Web Platform","Mountain View, California",https://databricks.com/company/careers/open-positions/job?gh_jid=8635188002,7,Heuristic overlap: 2/20 listed skills and 0/6 locations appeared in the posting.,greenhouse,2026-07-15T20:30:46+00:00,2026-09-07T17:08:39Z
61c674f83db6a8318b3018f39ffb8346,Databricks,Staff Software Engineer- CXI,"Mountain View, California; San Francisco, California",https://databricks.com/company/careers/open-positions/job?gh_jid=8584144002,3,Heuristic overlap: 1/20 listed skills and 0/6 locations appeared in the posting.,greenhouse,2026-07-15T22:19:55+00:00,2026-09-07T17:08:39Z
0b8d5a9c98d082352407900c4c89f62c,Databricks,"Staff Software Engineer, Data Collection (Tags & SDKs)","New York City, New York",https://databricks.com/company/careers/open-positions/job?gh_jid=8760176002,7,Heuristic overlap: 2/20 listed skills and 0/6 locations appeared in the posting.,greenhouse,2026-08-28T15:00:23+00:00,2026-09-07T17:08:39Z
0f8d102178bb89626851ab120d54f7dc,Databricks,Staff Software Engineer- Foundation Model Inference,"San Francisco, California",https://databricks.com/company/careers/open-positions/job?gh_jid=8649279002,0,Heuristic overlap: 0/20 listed skills and 0/6 locations appeared in the posting.,greenhouse,2026-07-24T16:49:01+00:00,2026-09-07T17:08:39Z
7025470bce9adb6ce723b80a66220aed,Databricks,"Staff Software Engineer, Foundation Model Inference ","San Francisco, California",https://databricks.com/company/careers/open-positions/job?gh_jid=8637143002,3,Heuristic overlap: 1/20 listed skills and 0/6 locations appeared in the posting.,greenhouse,2026-07-16T18:21:12+00:00,2026-09-07T17:08:39Z
2826a48dfc3e0fcfca912d6a500c7b94,Databricks,"Staff Software Engineer, Sales Data & Agents","New York City, New York",https://databricks.com/company/careers/open-positions/job?gh_jid=8760171002,3,Heuristic overlap: 1/20 listed skills and 0/6 locations appeared in the posting.,greenhouse,2026-08-28T14:58:17+00:00,2026-09-07T17:08:39Z
8da5d99709158bbd1ef06fe1914b36b2,Databricks,Staff Software Engineer - Streaming,"Seattle, Washington",https://databricks.com/company/careers/open-positions/job?gh_jid=8663972002,0,Heuristic overlap: 0/20 listed skills and 0/6 locations appeared in the posting.,greenhouse,2026-07-31T23:26:34+00:00,2026-09-07T17:08:39Z
1ea1840be0f29a491ae3996554cdde17,Databricks,"Staff Software Engineer, Technical Lead, Lakebase Manager (LBM)","Bellevue, Washington",https://databricks.com/company/careers/open-positions/job?gh_jid=8639477002,3,Heuristic overlap: 1/20 listed skills and 0/6 locations appeared in the posting.,greenhouse,2026-07-17T22:05:41+00:00,2026-09-07T17:08:39Z
790509ac353bd656a765a26d5f2ca177,Databricks,Startup Hunter Account Executive,"Ontario, Canada",https://databricks.com/company/careers/open-positions/job?gh_jid=8643831002,0,Heuristic overlap: 0/20 listed skills and 0/6 locations appeared in the posting.,greenhouse,2026-07-28T19:32:13+00:00,2026-09-07T17:08:39Z
aa2bb461387153c524dd5a2e37d875e3,Databricks,"Strategic Account Executive, Life Science",Denmark,https://databricks.com/company/careers/open-positions/job?gh_jid=8626215002,0,Heuristic overlap: 0/20 listed skills and 0/6 locations appeared in the posting.,greenhouse,2026-07-17T14:46:18+00:00,2026-09-07T17:08:39Z
dd8ec653e6c63bde7b99fbc736c9ee39,Databricks,"Strategic  Account Executive, Public Sector","Montréal, Canada",https://databricks.com/company/careers/open-positions/job?gh_jid=8652590002,3,Heuristic overlap: 1/20 listed skills and 0/6 locations appeared in the posting.,greenhouse,2026-07-28T17:18:09+00:00,2026-09-07T17:08:39Z
11c6d4d3ef67ecdeb1b870245c62e38b,Databricks,"Strategic Account Executive, Transportation and Logistics",Denmark,https://databricks.com/company/careers/open-positions/job?gh_jid=8736883002,3,Heuristic overlap: 1/20 listed skills and 0/6 locations appeared in the posting.,greenhouse,2026-08-25T10:50:50+00:00,2026-09-07T17:08:39Z
4ff9acdb65d17ea2cee4fb83b2fecee0,Databricks,Strategic Core Account Executive,"Paris, France",https://databricks.com/company/careers/open-positions/job?gh_jid=8628029002,0,Heuristic overlap: 0/20 listed skills and 0/6 locations appeared in the posting.,greenhouse,2026-07-31T08:26:06+00:00,2026-09-07T17:08:39Z
dead434b0b43265142d02cac6519e30d,Databricks,Strategic Core Account Executive,"San Francisco, California",https://databricks.com/company/careers/open-positions/job?gh_jid=8766584002,5,Heuristic overlap: 0/20 listed skills and 1/6 locations appeared in the posting.,greenhouse,2026-08-31T20:11:06+00:00,2026-09-07T17:08:39Z
dd2e9041c7a99f61583edd9f762432bc,Databricks,Strategic Core Account Executive - Automotive/OEM,"Munich, Germany",https://databricks.com/company/careers/open-positions/job?gh_jid=8656210002,0,Heuristic overlap: 0/20 listed skills and 0/6 locations appeared in the posting.,greenhouse,2026-07-30T07:54:54+00:00,2026-09-07T17:08:39Z
877b141434bfe46220abb9ed8fd0ff7f,Databricks,Strategic Core Account Executive - Financial Services,"Toronto, Canada",https://databricks.com/company/careers/open-positions/job?gh_jid=8466807002,0,Heuristic overlap: 0/20 listed skills and 0/6 locations appeared in the posting.,greenhouse,2026-07-29T15:51:19+00:00,2026-09-07T17:08:39Z
4ba99f8dc2699d06b1e0684f18da8e34,Databricks,Strategic DNB Hunter Account Executive (China),China,https://databricks.com/company/careers/open-positions/job?gh_jid=8644185002,3,Heuristic overlap: 1/20 listed skills and 0/6 locations appeared in the posting.,greenhouse,2026-07-22T04:21:19+00:00,2026-09-07T17:08:39Z
4da3ab2ac72ba91a1baf086b98127690,Databricks,Strategic Enterprise Account Executive - CMEG ,Remote - California,https://databricks.com/company/careers/open-positions/job?gh_jid=8633152002,5,Heuristic overlap: 0/20 listed skills and 1/6 locations appeared in the posting.,greenhouse,2026-07-22T17:38:47+00:00,2026-09-07T17:08:39Z
9a995a765b7c4c23e790f925954f4278,Databricks,Strategic Enterprise Account Executive - Financial Services,"New York City, New York",https://databricks.com/company/careers/open-positions/job?gh_jid=8770530002,0,Heuristic overlap: 0/20 listed skills and 0/6 locations appeared in the posting.,greenhouse,2026-09-04T05:36:11+00:00,2026-09-07T17:08:39Z
1502a172c3e522ffea22b3f52f0cf2f5,Databricks,"Strategic Enterprise Account Executive, Life Sciences",Northeast - United States,https://databricks.com/company/careers/open-positions/job?gh_jid=8599138002,0,Heuristic overlap: 0/20 listed skills and 0/6 locations appeared in the posting.,greenhouse,2026-08-03T16:49:25+00:00,2026-09-07T17:08:39Z
39585ef25769d7510cba5229a9cf146d,Databricks,"Strategic Enterprise Account Executive, Life Sciences",Remote - California; Remote - North Carolina,https://databricks.com/company/careers/open-positions/job?gh_jid=8645718002,5,Heuristic overlap: 0/20 listed skills and 1/6 locations appeared in the posting.,greenhouse,2026-08-03T16:43:24+00:00,2026-09-07T17:08:39Z
899b2f54471f8a0a0122816c683e73d6,Databricks,"Strategic Enterprise Account Executive, Life Sciences","Chicago, Illinois; Indiana",https://databricks.com/company/careers/open-positions/job?gh_jid=8648999002,0,Heuristic overlap: 0/20 listed skills and 0/6 locations appeared in the posting.,greenhouse,2026-08-03T16:38:28+00:00,2026-09-07T17:08:39Z
2cf76ce1867114f186cfc66f660760cb,Databricks,"Strategic Enterprise Account Executive, State and Local",New York,https://databricks.com/company/careers/open-positions/job?gh_jid=8770526002,0,Heuristic overlap: 0/20 listed skills and 0/6 locations appeared in the posting.,greenhouse,2026-09-04T21:45:38+00:00,2026-09-07T17:08:39Z
92e3324323230f7b6ed6540c6b4ae509,Databricks,Strategic Hunter Account Executive,"Paris, France",https://databricks.com/company/careers/open-positions/job?gh_jid=8737167002,3,Heuristic overlap: 1/20 listed skills and 0/6 locations appeared in the posting.,greenhouse,2026-09-07T11:01:35+00:00,2026-09-07T17:08:39Z
57bb7b3abbe8fe2c918cf933b6f54dd0,Databricks,Tech Lead Manager - Lakebase,"London, United Kingdom",https://databricks.com/company/careers/open-positions/job?gh_jid=8651161002,3,Heuristic overlap: 1/20 listed skills and 0/6 locations appeared in the posting.,greenhouse,2026-07-27T09:12:30+00:00,2026-09-07T17:08:39Z
483e223256d1a6c080e42430af5e6679,Databricks,Technical Program Manager,Singapore,https://databricks.com/company/careers/open-positions/job?gh_jid=8654620002,3,Heuristic overlap: 1/20 listed skills and 0/6 locations appeared in the posting.,greenhouse,2026-07-31T03:40:48+00:00,2026-09-07T17:08:39Z
62f4ae3f17a6dc7294db43b931f27912,Databricks,Workplace Services Manager,"San Francisco, California",https://databricks.com/company/careers/open-positions/job?gh_jid=8603390002,12,Heuristic overlap: 2/20 listed skills and 1/6 locations appeared in the posting.,greenhouse,2026-08-24T23:13:05+00:00,2026-09-07T17:08:39Z
7d667124d5882ed585dee0ae9b2014fa,Databricks,Workplace Specialist,"London, United Kingdom",https://databricks.com/company/careers/open-positions/job?gh_jid=8628958002,10,Heuristic overlap: 3/20 listed skills and 0/6 locations appeared in the posting.,greenhouse,2026-07-28T15:04:14+00:00,2026-09-07T17:08:39Z
7f8e2b9ab484ea51d9567f68fe218060,palantir,Deployment Strategist - US Government,"Miami, FL",https://jobs.lever.co/palantir/e2a3c133-7964-4e64-ba17-84a8b0b19506,0,Heuristic overlap: 0/20 listed skills and 0/6 locations appeared in the posting.,lever,2026-09-02T20:46:05.526000+00:00,2026-09-07T17:08:39Z
6d4ad817958db1bfa5f0184f0926aef5,palantir,"Deployment Strategist, New Grad - Commercial","Seoul, South Korea",https://jobs.lever.co/palantir/d5f11334-3a73-4094-b7e0-d05b54e475b8,0,Heuristic overlap: 0/20 listed skills and 0/6 locations appeared in the posting.,lever,2026-08-10T14:13:54.429000+00:00,2026-09-07T17:08:39Z
2dbd7916930f03f704f36d683c1e4b38,palantir,"Forward Deployed Infrastructure Engineer, New Grad - UK Government","London, United Kingdom",https://jobs.lever.co/palantir/cadc0eb2-2703-43e4-8e4f-41edf5b071c6,0,Heuristic overlap: 0/20 listed skills and 0/6 locations appeared in the posting.,lever,2026-08-31T07:29:41.774000+00:00,2026-09-07T17:08:39Z
9433c2e13665982f3b447b3416304c94,palantir,"Forward Deployed Infrastructure Engineer, New Grad - US Government","Honolulu, HI",https://jobs.lever.co/palantir/701a9307-0619-45d3-b077-cabe9897cd12,0,Heuristic overlap: 0/20 listed skills and 0/6 locations appeared in the posting.,lever,2026-08-31T16:27:36.814000+00:00,2026-09-07T17:08:39Z
06ba263886dbee4f66296bb544f86676,palantir,Forward Deployed Software Engineer - NATO,"London, United Kingdom",https://jobs.lever.co/palantir/73d1a90c-162d-4cb6-9e0c-4c8de9561ad0,0,Heuristic overlap: 0/20 listed skills and 0/6 locations appeared in the posting.,lever,2026-07-23T12:53:46.989000+00:00,2026-09-07T17:08:39Z
214a984cbf8125f6286ab4f9a11969e1,palantir,"Forward Deployed Software Engineer, Internship - Commercial","Seoul, South Korea",https://jobs.lever.co/palantir/2ad0ab10-34c3-410d-883b-8052864a95cd,0,Heuristic overlap: 0/20 listed skills and 0/6 locations appeared in the posting.,lever,2026-08-10T13:49:27.811000+00:00,2026-09-07T17:08:39Z
5663bdad51baf9f11b9f3d61d6c8f6a1,palantir,"Forward Deployed Software Engineer, New Grad - Commercial","Seoul, South Korea",https://jobs.lever.co/palantir/341d5cae-a473-4813-9a6c-0f67fcc1b253,0,Heuristic overlap: 0/20 listed skills and 0/6 locations appeared in the posting.,lever,2026-08-10T14:02:48.146000+00:00,2026-09-07T17:08:39Z
a5d01b289186d48ea52fe7d7725874c2,palantir,GRC Program Manager,"New York, NY",https://jobs.lever.co/palantir/4625019a-479a-41dd-bd5a-21847629772b,0,Heuristic overlap: 0/20 listed skills and 0/6 locations appeared in the posting.,lever,2026-07-20T14:47:28.629000+00:00,2026-09-07T17:08:39Z
a1fa92d1e960f5764e5b39479a40894b,palantir,GRC Program Manager,"Washington, D.C.",https://jobs.lever.co/palantir/def1573d-c2b6-42a7-963b-e13c3587b5e9,0,Heuristic overlap: 0/20 listed skills and 0/6 locations appeared in the posting.,lever,2026-07-20T14:57:11.825000+00:00,2026-09-07T17:08:39Z
f828520596dc93a3abd11c0e5a43d935,palantir,GRC Program Manager,"Seattle, WA",https://jobs.lever.co/palantir/e5869901-d578-4229-a856-47af76a8f39a,0,Heuristic overlap: 0/20 listed skills and 0/6 locations appeared in the posting.,lever,2026-07-20T14:57:26.831000+00:00,2026-09-07T17:08:39Z
94a483352eaf50c3ab0886ef1ae05418,palantir,Legal Counsel - US Government,"Washington, D.C.",https://jobs.lever.co/palantir/b8816fd2-d12d-41dd-8467-88748903267f,3,Heuristic overlap: 1/20 listed skills and 0/6 locations appeared in the posting.,lever,2026-07-10T18:02:29.911000+00:00,2026-09-07T17:08:39Z
68a7ca2b0f93afb26821c9a2ece7627a,palantir,Legal Counsel - US Government,"New York, NY",https://jobs.lever.co/palantir/e72e00b7-7106-4974-8cb0-b6c150215b99,3,Heuristic overlap: 1/20 listed skills and 0/6 locations appeared in the posting.,lever,2026-07-10T18:02:00.235000+00:00,2026-09-07T17:08:39Z
e07c922ad9fd0825f657d109d6ceb2fb,palantir,Legal Operations Specialist,"Palo Alto, CA",https://jobs.lever.co/palantir/3c0c9552-f4ae-4467-b032-5809d2d62724,3,Heuristic overlap: 1/20 listed skills and 0/6 locations appeared in the posting.,lever,2026-09-03T17:34:05.614000+00:00,2026-09-07T17:08:39Z
3530637fe78a203cc2c6e0d789938eff,palantir,Legal Operations Specialist,"Denver, CO",https://jobs.lever.co/palantir/bd500579-5e1c-441f-b42f-66822d07dbba,3,Heuristic overlap: 1/20 listed skills and 0/6 locations appeared in the posting.,lever,2026-09-03T17:35:02.694000+00:00,2026-09-07T17:08:39Z
e0139d7430f9b4cdd88f891f8559579d,palantir,Offensive Security Engineer,"Washington, D.C.",https://jobs.lever.co/palantir/5614a901-ef96-4b9c-928d-4a9c338c8aad,0,Heuristic overlap: 0/20 listed skills and 0/6 locations appeared in the posting.,lever,2026-08-14T15:54:38.241000+00:00,2026-09-07T17:08:39Z
8d6459cedcf800ce79a50672f15b7c86,palantir,Platform Engineer - Identity Infrastructure,"Palo Alto, CA",https://jobs.lever.co/palantir/721fe5ca-73b8-4223-826e-93a528194821,0,Heuristic overlap: 0/20 listed skills and 0/6 locations appeared in the posting.,lever,2026-08-04T21:07:54.169000+00:00,2026-09-07T17:08:39Z
76709b8f37e01b22dbf3e185533af7b8,palantir,Platform Engineer - Identity Infrastructure,"Washington, D.C.",https://jobs.lever.co/palantir/a80afc2b-2564-4a98-84c2-34cdcc0402df,0,Heuristic overlap: 0/20 listed skills and 0/6 locations appeared in the posting.,lever,2026-08-04T21:07:28.301000+00:00,2026-09-07T17:08:39Z
2adc241319b632ec406bbe74197bb3e8,palantir,Platform Engineer - Identity Infrastructure,"New York, NY",https://jobs.lever.co/palantir/cf08f44c-bf75-45ed-9fab-f4836e51013e,0,Heuristic overlap: 0/20 listed skills and 0/6 locations appeared in the posting.,lever,2026-07-28T19:52:46.213000+00:00,2026-09-07T17:08:39Z
e6555e2079811a57b06265c2ef2e0411,palantir,"Product Designer, Internship - US Government","Palo Alto, CA",https://jobs.lever.co/palantir/9db71277-3a9a-481b-a2a3-25c3125b0e8a,0,Heuristic overlap: 0/20 listed skills and 0/6 locations appeared in the posting.,lever,2026-07-31T21:35:37.281000+00:00,2026-09-07T17:08:39Z
9797201b5571afbe5735c1e8dd30d0b1,palantir,Senior Software Engineer - Autonomous Systems,"Washington, D.C.",https://jobs.lever.co/palantir/d40d5d19-8f9e-4e6b-b4d3-b7457c90adec,0,Heuristic overlap: 0/20 listed skills and 0/6 locations appeared in the posting.,lever,2026-07-22T19:45:57.785000+00:00,2026-09-07T17:08:39Z
b8ff9afa8db5e072323c188b924b958c,palantir,Senior Software Engineer - Autonomous Systems,"Palo Alto, CA",https://jobs.lever.co/palantir/d7030550-f80f-422c-965f-3120db433dea,0,Heuristic overlap: 0/20 listed skills and 0/6 locations appeared in the posting.,lever,2026-07-22T19:46:17.199000+00:00,2026-09-07T17:08:39Z
b5456c9816c1555c300e49b3b04b6a9e,palantir,Software Engineer - Edge AI Systems,"Seattle, WA",https://jobs.lever.co/palantir/67110929-adea-41c3-851a-8882e222d9e4,0,Heuristic overlap: 0/20 listed skills and 0/6 locations appeared in the posting.,lever,2026-07-22T22:12:20.264000+00:00,2026-09-07T17:08:39Z
a61a2278ac004569c77dcbc00bc0c5c1,palantir,Talent Coordinator,"Chicago, IL",https://jobs.lever.co/palantir/76195098-5e66-4b62-96d0-dcaabb6ea009,0,Heuristic overlap: 0/20 listed skills and 0/6 locations appeared in the posting.,lever,2026-07-15T14:09:40.042000+00:00,2026-09-07T17:08:39Z
4b339085f3fa0dfaafd9728816eea785,palantir,Talent Strategist,"Chicago, IL",https://jobs.lever.co/palantir/5802024f-0e9c-4b58-8de0-0ecd52c234e3,0,Heuristic overlap: 0/20 listed skills and 0/6 locations appeared in the posting.,lever,2026-07-15T13:55:12.081000+00:00,2026-09-07T17:08:39Z
e51a0ab00beb7f48b4d86802aa533329,palantir,Technical Program Manager  - Autonomous Systems C2,"Washington, D.C.",https://jobs.lever.co/palantir/119ff141-1fa7-4466-a154-da57cf17bd52,0,Heuristic overlap: 0/20 listed skills and 0/6 locations appeared in the posting.,lever,2026-08-07T14:54:50.751000+00:00,2026-09-07T17:08:39Z
9ee6429ba659062ae66e0aed23053e3b,palantir,Technical Program Manager  - Autonomous Systems C2,"New York, NY",https://jobs.lever.co/palantir/9da1a482-4f3a-4804-8b5f-b9697d85fe61,0,Heuristic overlap: 0/20 listed skills and 0/6 locations appeared in the posting.,lever,2026-08-07T14:55:33.328000+00:00,2026-09-07T17:08:39Z
eca8782bc58c92b3daf62731f42dfefa,palantir,Technical Program Manager - Security,"New York, NY",https://jobs.lever.co/palantir/b5362bc1-8a07-44e2-9ddc-cb4236aa0f20,0,Heuristic overlap: 0/20 listed skills and 0/6 locations appeared in the posting.,lever,2026-07-20T14:50:36.292000+00:00,2026-09-07T17:08:39Z
41e4727507e663473697bb8766246891,palantir,Technical Program Manager - Security,"Washington, D.C.",https://jobs.lever.co/palantir/b908b3e4-81f9-47b3-9088-ee8dd3932003,0,Heuristic overlap: 0/20 listed skills and 0/6 locations appeared in the posting.,lever,2026-07-20T15:01:24.870000+00:00,2026-09-07T17:08:39Z
cd476937303a340ed8613dfe95fab8f1,palantir,Technical Program Manager - Security,"Seattle, WA",https://jobs.lever.co/palantir/e76eaef3-f240-467d-8260-1d6d92ed5c41,0,Heuristic overlap: 0/20 listed skills and 0/6 locations appeared in the posting.,lever,2026-07-20T15:01:44.547000+00:00,2026-09-07T17:08:39Z
71793efc100902066a2760f5e7f6d522,palantir,Technical Program Manager - US Government,"New York, NY",https://jobs.lever.co/palantir/2f618c30-14ce-44a0-a823-2af55d2ac2ed,0,Heuristic overlap: 0/20 listed skills and 0/6 locations appeared in the posting.,lever,2026-08-10T18:53:38.234000+00:00,2026-09-07T17:08:39Z
97ba3b964eff86cd6f96644c4a73ba55,palantir,Technical Program Manager - US Government,"Huntsville, AL",https://jobs.lever.co/palantir/bd34525c-6e4e-44ea-88c8-d8dac9747feb,0,Heuristic overlap: 0/20 listed skills and 0/6 locations appeared in the posting.,lever,2026-08-10T19:00:45.538000+00:00,2026-09-07T17:08:39Z
3b6e79b7931f2625b34fb0e115e3bbcf,palantir,Technical Program Manager - US Government,"Washington, D.C.",https://jobs.lever.co/palantir/d3b2f261-3f10-4edc-8802-8b3b37977d0a,0,Heuristic overlap: 0/20 listed skills and 0/6 locations appeared in the posting.,lever,2026-08-10T18:55:25.688000+00:00,2026-09-07T17:08:39Z
781b36433aee4f542e6e43c532e57677,palantir,U.S. Indirect Tax Manager,"Palo Alto, CA",https://jobs.lever.co/palantir/1a84bb07-812d-487c-a3b7-8a78b8c8b083,0,Heuristic overlap: 0/20 listed skills and 0/6 locations appeared in the posting.,lever,2026-08-18T09:41:29.466000+00:00,2026-09-07T17:08:39Z
b338097e153613ac5a2a112d88c0f61d,palantir,US Government Subcontracts Manager,"Washington, D.C.",https://jobs.lever.co/palantir/168e1345-913c-4826-a926-a07d5cf10bba,7,Heuristic overlap: 2/20 listed skills and 0/6 locations appeared in the posting.,lever,2026-07-21T19:28:45.463000+00:00,2026-09-07T17:08:39Z
f3b75a6ee27b1020d34ecb3217f7de8c,palantir,Workplace Operations Analyst,"Abu Dhabi, United Arab Emirates",https://jobs.lever.co/palantir/e6be4159-c8d1-481d-ad15-13274861b795,0,Heuristic overlap: 0/20 listed skills and 0/6 locations appeared in the posting.,lever,2026-07-29T16:32:24.185000+00:00,2026-09-07T17:08:39Z
